2021-07-21 17:49:08,2021-07-21 17:49:09,1,101448.37890625
2021-07-30 14:57:10,2021-07-30 14:57:11,1,19274.94140625
2021-07-31 13:13:12,2021-07-31 13:13:14,2,16476.62890625
2021-07-31 13:17:14,2021-07-31 13:17:37,23,46351.51341711957
2021-07-31 13:19:06,2021-07-31 13:19:08,2,16788.583984375
2021-07-31 13:22:59,2021-07-31 13:23:22,23,46681.36124320652
2021-07-31 23:57:37,2021-07-31 23:57:39,2,16258.654296875
2021-08-01 00:01:27,2021-08-01 00:01:28,1,16854.55859375
2021-08-01 00:03:48,2021-08-01 00:03:58,10,15723.34921875
2021-08-01 00:04:02,2021-08-01 00:04:25,23,18140.300611413044
2021-08-01 00:58:52,2021-08-01 00:58:53,1,14757.88671875
2021-08-01 01:12:23,2021-08-01 01:12:24,1,18212.56640625
2021-08-01 01:28:07,2021-08-01 01:28:09,2,15546.404296875
2021-08-01 01:41:42,2021-08-01 01:41:43,1,19197.32421875
2021-08-01 01:57:27,2021-08-01 01:57:29,2,14423.271484375
2021-08-01 02:11:04,2021-08-01 02:11:05,1,19414.90625
2021-08-01 02:26:56,2021-08-01 02:26:57,1,18997.0546875
2021-08-01 02:40:34,2021-08-01 02:40:35,1,15513.22265625
2021-08-01 02:56:31,2021-08-01 02:56:32,1,17765.48828125
2021-08-01 03:10:10,2021-08-01 03:10:11,1,21266.16015625
2021-08-01 03:25:57,2021-08-01 03:25:58,1,17791.2109375
2021-08-01 03:39:38,2021-08-01 03:39:39,1,23036.078125
2021-08-01 03:55:27,2021-08-01 03:55:28,1,19012.19140625
2021-08-01 04:09:07,2021-08-01 04:09:08,1,17810.01171875
2021-08-01 04:24:57,2021-08-01 04:24:58,1,21859.9296875
2021-08-01 04:38:38,2021-08-01 04:38:39,1,23657.6328125
2021-08-01 04:54:30,2021-08-01 04:54:32,2,15023.86328125
2021-08-01 05:08:12,2021-08-01 05:08:14,2,14294.310546875
2021-08-01 05:24:13,2021-08-01 05:24:14,1,14580.75
2021-08-01 05:37:56,2021-08-01 05:37:57,1,19107.3046875
2021-08-01 05:53:48,2021-08-01 05:53:49,1,17890.6875
2021-08-01 06:07:32,2021-08-01 06:07:33,1,23533.52734375
2021-08-01 06:23:26,2021-08-01 06:23:27,1,20313.82421875
2021-08-01 06:37:10,2021-08-01 06:37:12,2,15590.49609375
2021-08-01 06:53:09,2021-08-01 06:53:10,1,17985.53515625
2021-08-01 07:06:54,2021-08-01 07:06:56,2,14611.568359375
2021-08-01 07:22:48,2021-08-01 07:22:49,1,21679.7890625
2021-08-01 07:36:35,2021-08-01 07:36:36,1,16580.25390625
2021-08-01 07:52:33,2021-08-01 07:52:34,1,23129.1875
2021-08-01 08:06:19,2021-08-01 08:06:20,1,26126.6875
2021-08-02 15:11:26,2021-08-02 15:11:52,26,15621.820763221154
2021-08-02 16:51:47,2021-08-02 16:51:48,1,14517.66796875
2021-08-02 16:52:23,2021-08-02 16:52:24,1,15616.08203125
2021-08-02 16:54:12,2021-08-02 16:54:36,24,21510.230305989582
2021-08-02 16:56:13,2021-08-02 16:56:14,1,17490.8359375
2021-08-02 16:58:13,2021-08-02 16:59:16,63,25834.83885168651
2021-08-02 17:05:07,2021-08-02 17:06:09,62,52226.8630922379
2021-08-02 17:10:57,2021-08-02 17:11:36,39,46537.265825320515
2021-08-02 17:11:40,2021-08-02 17:11:42,2,19217.0234375
2021-08-02 17:12:27,2021-08-02 17:12:59,32,49315.81457519531
2021-08-02 17:13:05,2021-08-02 17:13:34,29,42647.71174568965
2021-08-02 17:57:56,2021-08-02 17:58:47,51,28073.11803002451
2021-08-02 18:03:10,2021-08-02 18:04:27,77,41125.620434253244
2021-08-02 18:04:55,2021-08-02 18:05:49,54,30045.522786458332
2021-08-02 18:51:04,2021-08-02 18:51:55,51,28159.73713235294
2021-08-02 18:56:42,2021-08-02 18:57:46,64,48194.95916748047
2021-08-02 18:57:47,2021-08-02 18:57:57,10,16069.005859375
2021-08-02 18:58:02,2021-08-02 18:58:04,2,14165.5
2021-08-02 18:58:05,2021-08-02 18:58:59,54,29269.407769097223
2021-08-02 19:24:09,2021-08-02 19:24:10,1,19970.52734375
2021-08-02 19:44:57,2021-08-02 19:45:47,50,28457.087578125
2021-08-02 19:50:11,2021-08-02 19:51:35,84,37484.31547619047
2021-08-02 19:52:08,2021-08-02 19:52:09,1,14795.53125
2021-08-02 19:52:11,2021-08-02 19:53:03,52,31567.49060997596
2021-08-02 20:01:19,2021-08-02 20:01:20,1,21433.42578125
2021-08-02 20:09:42,2021-08-02 20:10:44,62,51628.401083669356
2021-08-02 21:17:25,2021-08-02 21:17:47,22,74243.52432528409
2021-08-03 02:15:53,2021-08-03 02:16:05,12,26853.005859375
2021-08-03 02:16:08,2021-08-03 02:16:18,10,20320.93671875
2021-08-03 10:07:48,2021-08-03 10:07:49,1,20442.71484375
2021-08-03 10:11:46,2021-08-03 10:11:47,1,14287.52734375
2021-08-03 10:11:53,2021-08-03 10:12:54,61,50483.40189549181
2021-08-03 10:16:08,2021-08-03 10:16:10,2,21459.96875
2021-08-03 10:18:24,2021-08-03 10:18:26,2,21884.119140625
2021-08-03 10:19:56,2021-08-03 10:19:57,1,15725.56640625
2021-08-03 10:20:02,2021-08-03 10:21:17,75,41161.91234375
2021-08-03 10:22:11,2021-08-03 10:22:12,1,15370.02734375
2021-08-03 10:22:17,2021-08-03 10:23:33,76,40606.54296875
2021-08-03 10:24:37,2021-08-03 10:25:49,72,41882.9013671875
2021-08-03 10:33:16,2021-08-03 10:34:29,73,41348.70366010274
2021-08-03 11:05:24,2021-08-03 11:06:14,50,28377.488984375
2021-08-03 11:26:34,2021-08-03 11:28:11,97,32272.6310808634
2021-08-03 11:32:03,2021-08-03 11:32:53,50,28503.920625
2021-08-03 11:36:40,2021-08-03 11:37:31,51,28265.362055759804
2021-08-03 11:59:43,2021-08-03 12:00:34,51,28233.764246323528
2021-08-03 12:20:25,2021-08-03 12:21:15,50,28359.9284375
2021-08-03 12:25:34,2021-08-03 12:26:25,51,28182.499540441175
2021-08-03 12:29:11,2021-08-03 12:30:01,50,28470.4084375
2021-08-03 12:53:28,2021-08-03 12:54:19,51,28208.97847732843
2021-08-03 13:14:14,2021-08-03 13:15:04,50,28427.520546875
2021-08-03 13:18:42,2021-08-03 13:19:33,51,28182.305683210783
2021-08-03 13:22:23,2021-08-03 13:23:13,50,28494.4003125
2021-08-03 13:47:03,2021-08-03 13:47:53,50,28544.61359375
2021-08-03 14:07:16,2021-08-03 14:08:06,50,28422.726796875
2021-08-03 14:11:36,2021-08-03 14:12:26,50,28496.3659375
2021-08-03 14:15:33,2021-08-03 14:16:23,50,28522.6890625
2021-08-03 14:40:39,2021-08-03 14:41:29,50,28511.971484375
2021-08-03 15:00:18,2021-08-03 15:01:09,51,28110.259574142157
2021-08-03 15:04:03,2021-08-03 15:04:54,51,28183.0234375
2021-08-03 15:08:40,2021-08-03 15:09:30,50,28523.89921875
2021-08-03 15:16:48,2021-08-03 15:16:50,2,21765.67578125
2021-08-03 15:20:43,2021-08-03 15:21:59,76,39798.38291529605
2021-08-03 15:34:48,2021-08-03 15:35:39,51,28269.64621629902
2021-08-03 15:54:23,2021-08-03 15:55:13,50,28178.638359375
2021-08-03 15:56:47,2021-08-03 15:57:38,51,28278.25191482843
2021-08-03 16:01:42,2021-08-03 16:02:32,50,28542.345
2021-08-03 16:14:05,2021-08-03 16:14:56,51,28389.885723039217
2021-08-03 16:28:08,2021-08-03 16:28:58,50,28822.0259375
2021-08-03 16:47:57,2021-08-03 16:48:48,51,28163.18328737745
2021-08-03 16:52:00,2021-08-03 16:52:01,1,16255.44140625
2021-08-03 16:55:04,2021-08-03 16:55:54,50,28516.396328125
2021-08-03 17:07:07,2021-08-03 17:07:58,51,27958.609834558825
2021-08-03 17:16:07,2021-08-03 17:16:08,1,19498.6171875
2021-08-03 17:16:09,2021-08-03 17:16:10,1,18097.3046875
2021-08-03 17:20:06,2021-08-03 17:21:19,73,41835.20761986302
2021-08-03 17:41:39,2021-08-03 17:42:30,51,28125.29993872549
2021-08-03 17:45:00,2021-08-03 17:45:51,51,28107.545496323528
2021-08-03 18:00:02,2021-08-03 18:00:53,51,27994.58233762255
2021-08-03 18:13:15,2021-08-03 18:14:07,52,27427.275916466348
2021-08-03 18:15:11,2021-08-03 18:16:02,51,27866.965073529413
2021-08-03 18:35:29,2021-08-03 18:36:20,51,28116.512408088234
2021-08-03 18:37:48,2021-08-03 18:38:39,51,28141.308976715685
2021-08-03 18:53:12,2021-08-03 18:54:03,51,27976.412224264706
2021-08-03 19:06:35,2021-08-03 19:07:27,52,27440.830228365383
2021-08-03 19:08:07,2021-08-03 19:08:58,51,27950.669270833332
2021-08-03 19:29:37,2021-08-03 19:30:27,50,28379.944375
2021-08-03 19:30:49,2021-08-03 19:30:51,2,16783.88671875
2021-08-03 19:30:52,2021-08-03 19:31:43,51,28267.130438112745
2021-08-04 10:18:41,2021-08-04 10:18:47,6,39925.421875
2021-08-04 10:22:44,2021-08-04 10:23:07,23,50965.555366847824
2021-08-04 10:27:56,2021-08-04 10:27:57,1,14393.29296875
2021-08-04 10:28:00,2021-08-04 10:28:01,1,19389.41015625
2021-08-04 10:34:43,2021-08-04 10:35:50,67,31126.051480876864
2021-08-04 10:39:40,2021-08-04 10:39:43,3,27939.850260416668
2021-08-04 10:42:53,2021-08-04 10:44:05,72,41574.69965277778
2021-08-04 10:46:14,2021-08-04 10:46:15,1,14254.58203125
2021-08-04 10:46:16,2021-08-04 10:46:45,29,19955.206896551725
2021-08-04 11:04:59,2021-08-04 11:05:02,3,36916.317708333336
2021-08-04 11:08:55,2021-08-04 11:09:17,22,54765.030717329544
2021-08-04 11:15:51,2021-08-04 11:15:53,2,19266.34375
2021-08-04 11:15:54,2021-08-04 11:15:55,1,21059.84375
2021-08-04 11:19:45,2021-08-04 11:20:09,24,46301.111002604164
2021-08-04 11:28:17,2021-08-04 11:28:57,40,27574.76083984375
2021-08-04 11:39:52,2021-08-04 11:40:44,52,30368.21709735577
2021-08-04 11:44:10,2021-08-04 11:45:24,74,40966.81461148649
2021-08-04 11:49:48,2021-08-04 11:49:50,2,17737.43359375
2021-08-04 11:53:42,2021-08-04 11:54:54,72,40598.984971788195
2021-08-04 12:32:30,2021-08-04 12:33:21,51,28151.174862132353
2021-08-04 12:48:57,2021-08-04 12:49:48,51,27753.98636642157
2021-08-04 13:31:13,2021-08-04 13:32:04,51,28180.714767156864
2021-08-04 13:46:42,2021-08-04 13:47:32,50,28120.247265625
2021-08-04 14:24:22,2021-08-04 14:25:12,50,28456.6075
2021-08-04 14:44:23,2021-08-04 14:45:14,51,27858.18589154412
2021-08-04 15:22:24,2021-08-04 15:23:15,51,28217.952129289217
2021-08-04 15:42:13,2021-08-04 15:43:04,51,27893.738434436276
2021-08-04 16:15:39,2021-08-04 16:16:30,51,28485.773590686276
2021-08-04 16:22:31,2021-08-04 16:22:34,3,17970.8671875
2021-08-04 16:22:38,2021-08-04 16:22:39,1,14341.42578125
2021-08-04 16:39:49,2021-08-04 16:40:40,51,28330.799479166668
2021-08-04 16:40:45,2021-08-04 16:40:47,2,19350.248046875
2021-08-04 16:44:47,2021-08-04 16:46:03,76,39360.45451274671
2021-08-04 17:12:52,2021-08-04 17:13:43,51,28226.05637254902
2021-08-04 17:37:38,2021-08-04 17:38:30,52,28127.35359074519
2021-08-04 17:41:28,2021-08-04 17:42:20,52,29724.40069110577
2021-08-04 18:06:34,2021-08-04 18:07:24,50,28473.62921875
2021-08-04 18:34:49,2021-08-04 18:36:05,76,40895.93611225329
2021-08-04 19:06:58,2021-08-04 19:07:49,51,28164.87974877451
2021-08-04 19:34:10,2021-08-04 19:35:02,52,28081.35216346154
2021-08-04 19:35:10,2021-08-04 19:36:05,55,28606.045454545456
2021-08-04 20:00:23,2021-08-04 20:01:14,51,28218.673177083332
2021-08-04 20:27:38,2021-08-04 20:28:29,51,28248.09344362745
2021-08-04 20:30:32,2021-08-04 20:31:23,51,28138.408854166668
2021-08-04 20:55:29,2021-08-04 20:56:20,51,28246.37553615196
2021-08-04 21:21:09,2021-08-04 21:21:13,4,18045.052734375
2021-08-04 21:21:15,2021-08-04 21:21:17,2,16133.73046875
2021-08-04 21:25:52,2021-08-04 21:26:43,51,28201.796109068626
2021-08-04 21:31:53,2021-08-04 21:32:44,51,27825.953278186276
2021-08-04 21:51:16,2021-08-04 21:52:07,51,28154.336550245098
2021-08-04 22:19:25,2021-08-04 22:20:15,50,28468.275703125
2021-08-04 22:27:32,2021-08-04 22:27:42,10,29328.11328125
2021-08-04 22:28:08,2021-08-04 22:28:59,51,27614.518841911766
2021-08-04 22:44:18,2021-08-04 22:45:09,51,28216.23713235294
2021-08-04 23:15:34,2021-08-04 23:16:25,51,28124.370021446077
2021-08-04 23:30:32,2021-08-04 23:31:23,51,28096.852022058825
2021-08-04 23:42:10,2021-08-04 23:43:01,51,28148.46652879902
2021-08-05 00:09:50,2021-08-05 00:10:41,51,28198.081954656864
2021-08-05 00:21:53,2021-08-05 00:22:03,10,30256.42421875
2021-08-05 00:23:24,2021-08-05 00:24:15,51,28081.890242034315
2021-08-05 00:35:00,2021-08-05 00:35:51,51,28153.638480392157
2021-08-05 01:02:42,2021-08-05 01:03:33,51,28177.36243872549
2021-08-05 01:18:37,2021-08-05 01:19:28,51,28061.85462622549
2021-08-05 01:30:18,2021-08-05 01:31:09,51,28188.859375
2021-08-05 02:03:52,2021-08-05 02:04:42,50,28483.945390625
2021-08-05 02:15:14,2021-08-05 02:16:05,51,28131.960171568626
2021-08-05 02:25:36,2021-08-05 02:26:27,51,28195.97771139706
2021-08-05 02:56:48,2021-08-05 02:57:39,51,28212.120940563724
2021-08-05 03:10:27,2021-08-05 03:11:18,51,28126.649356617647
2021-08-05 03:52:23,2021-08-05 03:53:14,51,28186.324601715685
2021-08-05 04:08:45,2021-08-05 04:09:36,51,28105.400275735294
2021-08-05 04:49:11,2021-08-05 04:49:12,1,14409.8984375
2021-08-05 04:49:13,2021-08-05 04:49:49,36,17570.989583333332
2021-08-05 04:49:50,2021-08-05 04:49:53,3,17965.078125
2021-08-05 04:49:56,2021-08-05 04:49:57,1,14258.79296875
2021-08-05 04:50:26,2021-08-05 04:50:27,1,14523.99609375
2021-08-05 05:02:54,2021-08-05 05:03:45,51,28069.476332720587
2021-08-05 05:43:15,2021-08-05 05:44:06,51,28171.138480392157
2021-08-05 05:57:45,2021-08-05 05:58:35,50,28346.01875
2021-08-05 06:42:58,2021-08-05 06:43:49,51,28175.692095588234
2021-08-05 06:55:07,2021-08-05 06:55:58,51,28201.911228553923
2021-08-05 07:36:26,2021-08-05 07:37:17,51,28170.4375
2021-08-05 07:48:01,2021-08-05 07:48:52,51,28087.859604779413
2021-08-05 08:37:07,2021-08-05 08:37:58,51,28275.003523284315
2021-08-05 08:45:39,2021-08-05 08:46:30,51,28976.843367034315
2021-08-05 09:30:21,2021-08-05 09:31:11,50,28490.332890625
2021-08-05 09:39:19,2021-08-05 09:40:10,51,28115.54457720588
2021-08-05 09:48:35,2021-08-05 09:48:37,2,17574.876953125
2021-08-05 09:52:30,2021-08-05 09:53:42,72,41901.401692708336
2021-08-05 10:25:40,2021-08-05 10:26:31,51,28875.801393995098
2021-08-05 10:34:17,2021-08-05 10:35:08,51,28082.641927083332
2021-08-05 10:38:38,2021-08-05 10:38:39,1,16598.53125
2021-08-05 10:42:39,2021-08-05 10:43:55,76,39587.62849506579
2021-08-05 10:48:08,2021-08-05 10:48:11,3,16613.6875
2021-08-05 10:52:03,2021-08-05 10:53:16,73,41601.234375
2021-08-05 11:21:21,2021-08-05 11:22:12,51,28232.63396139706
2021-08-05 11:30:44,2021-08-05 11:31:35,51,28061.574984681374
2021-08-05 11:43:06,2021-08-05 11:43:57,51,27863.04718137255
2021-08-05 11:45:22,2021-08-05 11:46:13,51,27823.416973039217
2021-08-05 12:03:00,2021-08-05 12:03:02,2,19564.138671875
2021-08-05 12:06:53,2021-08-05 12:08:05,72,42096.815809461805
2021-08-05 12:14:50,2021-08-05 12:15:41,51,28165.54067095588
2021-08-05 12:24:12,2021-08-05 12:25:03,51,27743.213848039217
2021-08-05 12:41:46,2021-08-05 12:42:37,51,27871.323529411766
2021-08-05 13:13:02,2021-08-05 13:13:53,51,28193.768458946077
2021-08-05 13:24:47,2021-08-05 13:25:38,51,27753.144454656864
2021-08-05 13:31:12,2021-08-05 13:32:03,51,27860.098039215685
2021-08-05 13:37:13,2021-08-05 13:38:04,51,27899.295572916668
2021-08-05 14:06:21,2021-08-05 14:07:12,51,28179.627604166668
2021-08-05 14:21:10,2021-08-05 14:22:01,51,27682.417815563724
2021-08-05 14:30:24,2021-08-05 14:31:15,51,27884.97319240196
2021-08-05 15:07:33,2021-08-05 15:08:24,51,28216.655024509804
2021-08-05 15:21:51,2021-08-05 15:22:42,51,27692.636335784315
2021-08-05 15:25:58,2021-08-05 15:26:09,11,32626.344460227272
2021-08-05 15:30:27,2021-08-05 15:31:18,51,27953.099494485294
2021-08-05 15:39:54,2021-08-05 15:46:46,412,54349.28554497876
2021-08-05 15:53:44,2021-08-05 15:53:52,8,26182.81689453125
2021-08-05 15:54:00,2021-08-05 15:54:09,9,29733.731770833332
2021-08-05 16:04:25,2021-08-05 16:07:29,184,46542.988642153534
2021-08-05 16:08:02,2021-08-05 16:08:54,52,27610.46814903846
2021-08-05 16:09:36,2021-08-05 16:13:37,241,45872.650771524895
2021-08-05 16:16:02,2021-08-05 16:18:19,137,41294.088218521894
2021-08-05 16:20:29,2021-08-05 16:25:58,329,49251.102607332825
2021-08-05 16:28:21,2021-08-05 16:28:32,11,30293.05681818182
2021-08-05 16:40:06,2021-08-05 16:40:07,1,16437.1015625
2021-08-05 16:40:10,2021-08-05 16:40:11,1,19710.40625
2021-08-05 16:40:24,2021-08-05 16:40:25,1,19851.24609375
2021-08-05 16:41:45,2021-08-05 16:41:46,1,21598.1640625
2021-08-05 16:44:21,2021-08-05 16:46:52,151,41581.74011796358
2021-08-05 17:00:12,2021-08-05 17:01:30,78,38191.53575721154
2021-08-05 17:31:50,2021-08-05 17:31:51,1,14416.91015625
2021-08-05 17:31:52,2021-08-05 17:31:58,6,18406.149088541668
2021-08-05 17:43:21,2021-08-05 17:44:12,51,27927.459175857843
2021-08-05 17:47:08,2021-08-05 17:47:59,51,27822.310125612745
2021-08-05 18:09:25,2021-08-05 18:10:16,51,27903.697150735294
2021-08-05 18:36:46,2021-08-05 18:37:38,52,29384.263822115383
2021-08-05 18:40:43,2021-08-05 18:41:35,52,28291.463341346152
2021-08-05 19:03:05,2021-08-05 19:03:56,51,28178.468137254902
2021-08-05 19:30:42,2021-08-05 19:30:47,5,16517.53671875
2021-08-05 19:30:50,2021-08-05 19:30:52,2,18725.962890625
2021-08-05 19:30:55,2021-08-05 19:31:01,6,15200.68359375
2021-08-05 19:31:15,2021-08-05 19:31:17,2,16219.74609375
2021-08-05 19:31:20,2021-08-05 19:31:22,2,18936.482421875
2021-08-05 19:31:25,2021-08-05 19:31:27,2,14485.408203125
2021-08-05 19:31:29,2021-08-05 19:31:30,1,13915.17578125
2021-08-05 19:31:34,2021-08-05 19:31:35,1,14019.90234375
2021-08-05 19:31:51,2021-08-05 19:31:52,1,15794.08203125
2021-08-05 19:31:56,2021-08-05 19:31:57,1,14172.765625
2021-08-05 19:37:09,2021-08-05 19:38:01,52,29648.883563701922
2021-08-06 01:26:49,2021-08-06 01:27:16,27,81255.26519097222
2021-08-06 04:09:30,2021-08-06 04:09:31,1,14626.1015625
2021-08-06 04:09:33,2021-08-06 04:10:18,45,19829.584982638888
2021-08-06 04:15:04,2021-08-06 04:20:51,347,66869.18300837536
2021-08-06 04:23:31,2021-08-06 04:23:41,10,27967.938671875
2021-08-06 04:26:33,2021-08-06 04:26:45,12,93024.37760416667
2021-08-06 04:33:57,2021-08-06 04:34:05,8,29533.21240234375
2021-08-06 04:36:14,2021-08-06 04:41:51,337,65037.71189957344
2021-08-06 04:41:52,2021-08-06 04:41:53,1,14049.47265625
2021-08-06 04:42:02,2021-08-06 04:42:04,2,13941.259765625
2021-08-06 04:42:13,2021-08-06 04:42:16,3,13921.623697916666
2021-08-06 04:43:24,2021-08-06 04:43:32,8,32986.31591796875
2021-08-06 04:44:03,2021-08-06 04:44:34,31,64328.8302671371
2021-08-06 04:53:40,2021-08-06 04:56:20,160,72263.67414550782
2021-08-06 04:58:31,2021-08-06 04:59:01,30,37620.54244791667
2021-08-06 05:01:17,2021-08-06 05:01:22,5,18259.61015625
2021-08-06 05:03:42,2021-08-06 05:06:29,167,51317.757274513475
2021-08-06 05:06:49,2021-08-06 05:06:57,8,30154.22265625
2021-08-06 05:35:32,2021-08-06 05:35:40,8,32172.9189453125
2021-08-06 05:48:27,2021-08-06 05:58:35,608,78574.13258120888
2021-08-06 05:59:25,2021-08-06 05:59:35,10,23102.40078125
2021-08-06 06:09:54,2021-08-06 06:09:55,1,14445.45703125
2021-08-06 06:09:56,2021-08-06 06:13:49,233,68194.97325979077
2021-08-06 06:15:59,2021-08-06 06:18:03,124,48702.99640877016
2021-08-06 06:19:30,2021-08-06 06:19:41,11,27304.376420454544
2021-08-06 09:49:07,2021-08-06 09:49:09,2,21115.15234375
2021-08-06 09:49:35,2021-08-06 09:49:37,2,22188.21484375
2021-08-06 09:50:15,2021-08-06 09:50:16,1,27041.265625
2021-08-06 09:50:34,2021-08-06 09:50:36,2,21444.15234375
2021-08-06 09:53:01,2021-08-06 09:56:01,180,71262.26000434028
2021-08-06 10:48:54,2021-08-06 10:49:45,51,28098.59520526961
2021-08-06 10:55:47,2021-08-06 10:56:39,52,27744.873272235578
2021-08-06 11:15:04,2021-08-06 11:15:55,51,28076.518612132353
2021-08-06 11:42:49,2021-08-06 11:43:40,51,28095.932598039217
2021-08-06 11:49:50,2021-08-06 11:50:41,51,27861.373774509804
2021-08-06 12:07:53,2021-08-06 12:08:44,51,28077.688725490196
2021-08-06 12:37:41,2021-08-06 12:38:32,51,28118.56020220588
2021-08-06 12:43:43,2021-08-06 12:44:35,52,27578.20537860577
2021-08-06 12:47:00,2021-08-06 12:47:02,2,22734.603515625
2021-08-06 12:50:54,2021-08-06 12:52:07,73,41326.91454409246
2021-08-06 13:01:24,2021-08-06 13:02:15,51,28050.40770526961
2021-08-06 13:31:43,2021-08-06 13:32:34,51,27927.553385416668
2021-08-06 13:36:30,2021-08-06 13:37:22,52,27606.852313701922
2021-08-06 13:54:48,2021-08-06 13:55:39,51,28070.387791053923
2021-08-06 14:02:17,2021-08-06 14:02:18,1,29902.12109375
2021-08-06 14:06:10,2021-08-06 14:07:21,71,42483.793188820426
2021-08-06 14:24:49,2021-08-06 14:25:40,51,28145.090762867647
2021-08-06 14:29:56,2021-08-06 14:30:48,52,27610.697490985578
2021-08-06 14:48:23,2021-08-06 14:49:14,51,28098.852022058825
2021-08-06 15:19:06,2021-08-06 15:19:57,51,28168.55246629902
2021-08-06 15:23:06,2021-08-06 15:23:58,52,27602.210411658652
2021-08-06 15:41:59,2021-08-06 15:42:50,51,27808.301164215685
2021-08-06 16:13:26,2021-08-06 16:14:40,74,42907.94541807433
2021-08-06 16:16:54,2021-08-06 16:17:45,51,27844.6484375
2021-08-06 16:38:30,2021-08-06 16:39:21,51,28112.796875
2021-08-06 16:43:20,2021-08-06 17:05:52,1352,59352.49083533654
2021-08-06 17:05:59,2021-08-06 17:06:44,45,45763.24618055556
2021-08-06 17:06:47,2021-08-06 17:08:20,93,52273.370883736556
2021-08-06 17:08:28,2021-08-06 17:13:15,287,51727.42682926829
2021-08-06 17:13:23,2021-08-06 17:24:58,695,52728.15272032374
2021-08-06 17:25:00,2021-08-06 17:26:54,114,51301.08765076754
2021-08-06 17:27:01,2021-08-06 17:31:38,277,52059.06048341606
2021-08-06 17:31:39,2021-08-06 17:33:13,94,52258.923994348406
2021-08-06 17:33:21,2021-08-06 17:34:51,90,51890.32265625
2021-08-06 17:34:58,2021-08-06 17:37:48,170,42160.888166360295
2021-08-06 17:41:47,2021-08-06 17:42:00,13,28052.02013221154
2021-08-06 18:01:00,2021-08-06 18:01:51,51,28042.828507965685
2021-08-06 18:04:38,2021-08-06 18:05:29,51,27889.694623161766
2021-08-06 18:24:56,2021-08-06 18:25:47,51,28095.579503676472
2021-08-06 18:54:05,2021-08-06 18:54:56,51,28113.836014093136
2021-08-06 18:57:29,2021-08-06 18:58:20,51,27848.063572303923
2021-08-06 19:18:01,2021-08-06 19:18:52,51,28126.082490808825
2021-08-06 19:23:21,2021-08-06 19:23:23,2,22615.1171875
2021-08-06 19:27:16,2021-08-06 19:28:30,74,40704.92023859797
2021-08-06 19:48:11,2021-08-06 19:49:02,51,28097.731541053923
2021-08-06 19:50:30,2021-08-06 19:51:22,52,27567.312950721152
2021-08-06 20:11:32,2021-08-06 20:12:23,51,28140.615962009804
2021-08-06 20:20:55,2021-08-06 20:21:47,52,27497.374774639422
2021-08-06 20:42:00,2021-08-06 20:42:51,51,28116.8359375
2021-08-06 20:43:21,2021-08-06 20:44:13,52,27660.47107872596
2021-08-06 21:04:58,2021-08-06 21:05:49,51,28121.646599264706
2021-08-06 21:32:59,2021-08-06 21:33:51,52,27437.217548076922
2021-08-06 21:36:16,2021-08-06 21:37:18,62,48872.32541582661
2021-08-06 21:37:20,2021-08-06 21:37:31,11,15592.476917613636
2021-08-06 21:40:17,2021-08-06 21:40:20,3,17388.37890625
2021-08-06 21:44:11,2021-08-06 21:45:27,76,39965.73221628289
2021-08-06 21:58:22,2021-08-06 21:59:13,51,28087.595894607843
2021-08-06 22:26:47,2021-08-06 22:27:38,51,27858.867876838234
2021-08-06 22:30:07,2021-08-06 22:30:58,51,28115.89621629902
2021-08-06 22:51:56,2021-08-06 22:52:47,51,28078.578584558825
2021-08-06 23:18:30,2021-08-06 23:19:21,51,27844.624004289217
2021-08-06 23:25:46,2021-08-06 23:26:37,51,28150.428615196077
2021-08-06 23:28:32,2021-08-06 23:29:24,52,27521.906475360578
2021-08-06 23:45:37,2021-08-06 23:46:28,51,28129.626838235294
2021-08-07 00:02:12,2021-08-07 00:11:22,550,66689.15482954546
2021-08-07 00:11:26,2021-08-07 00:12:51,85,54508.78915441177
2021-08-07 00:12:57,2021-08-07 00:13:00,3,15724.3046875
2021-08-07 00:13:07,2021-08-07 00:20:56,469,55502.86872001599
2021-08-07 00:20:59,2021-08-07 00:22:32,93,50842.04431283602
2021-08-07 00:22:40,2021-08-07 00:31:35,535,53049.449094626165
2021-08-07 00:31:43,2021-08-07 00:38:48,425,54302.719834558826
2021-08-07 00:38:55,2021-08-07 00:39:45,50,46970.023828125
2021-08-07 00:39:47,2021-08-07 00:41:21,94,51021.64394946808
2021-08-07 00:41:28,2021-08-07 00:48:48,440,54007.82104048295
2021-08-07 00:48:55,2021-08-07 00:55:50,415,50406.22753200301
2021-08-07 00:59:39,2021-08-07 00:59:51,12,29285.302408854168
2021-08-07 01:04:42,2021-08-07 01:05:33,51,27827.766620710783
2021-08-07 01:15:45,2021-08-07 01:16:36,51,28133.329120710783
2021-08-07 01:24:05,2021-08-07 01:24:56,51,27767.571384803923
2021-08-07 01:33:10,2021-08-07 01:34:01,51,28123.843673406864
2021-08-07 01:45:35,2021-08-07 01:51:48,373,66907.04291638739
2021-08-07 01:51:52,2021-08-07 01:58:45,413,57103.841054403754
2021-08-07 01:58:52,2021-08-07 02:00:14,82,53877.64619855183
2021-08-07 02:00:21,2021-08-07 02:09:33,552,54872.61422950634
2021-08-07 02:09:34,2021-08-07 02:11:08,94,52019.796251662236
2021-08-07 02:11:15,2021-08-07 02:17:41,386,53564.38425963407
2021-08-07 02:17:43,2021-08-07 02:20:34,171,52228.805464181285
2021-08-07 02:20:41,2021-08-07 02:24:13,212,54039.568138266506
2021-08-07 02:24:21,2021-08-07 02:26:13,112,51450.20734514509
2021-08-07 02:26:15,2021-08-07 02:27:49,94,52041.476313164894
2021-08-07 02:27:56,2021-08-07 02:37:16,560,53732.02156808036
2021-08-07 02:37:24,2021-08-07 02:39:32,128,42210.206481933594
2021-08-07 02:39:34,2021-08-07 02:39:35,1,14008.734375
2021-08-07 02:42:50,2021-08-07 02:43:03,13,27920.55859375
2021-08-07 02:49:57,2021-08-07 02:50:49,52,27581.08308293269
2021-08-07 03:03:22,2021-08-07 03:04:13,51,28171.352175245098
2021-08-07 03:12:22,2021-08-07 03:13:14,52,27446.951697716348
2021-08-07 03:19:26,2021-08-07 03:20:17,51,28114.368106617647
2021-08-07 03:42:57,2021-08-07 03:43:49,52,27586.312950721152
2021-08-07 03:56:12,2021-08-07 03:57:03,51,28157.315716911766
2021-08-07 04:06:33,2021-08-07 04:07:24,51,27676.66015625
2021-08-07 04:12:38,2021-08-07 04:13:29,51,28145.423100490196
2021-08-07 04:36:25,2021-08-07 04:37:16,51,27842.527420343136
2021-08-07 04:50:12,2021-08-07 04:51:03,51,28162.633042279413
2021-08-07 05:00:31,2021-08-07 05:01:23,52,27427.949444110578
2021-08-07 05:06:32,2021-08-07 05:06:36,4,14993.181640625
2021-08-07 05:06:42,2021-08-07 05:06:43,1,16378.56640625
2021-08-07 05:06:47,2021-08-07 05:06:48,1,15318.59375
2021-08-07 05:06:51,2021-08-07 05:06:53,2,14978.0859375
2021-08-07 05:07:02,2021-08-07 05:07:03,1,15922.44140625
2021-08-07 05:07:07,2021-08-07 05:07:08,1,16635.41796875
2021-08-07 05:07:12,2021-08-07 05:07:14,2,15596.07421875
2021-08-07 05:07:23,2021-08-07 05:07:24,1,14106.55859375
2021-08-07 05:44:53,2021-08-07 05:45:44,51,27850.160232843136
2021-08-07 05:49:28,2021-08-07 05:50:19,51,28147.119255514706
2021-08-07 06:14:07,2021-08-07 06:14:58,51,28119.468290441175
2021-08-07 06:36:01,2021-08-07 06:36:52,51,27750.955269607843
2021-08-07 06:38:01,2021-08-07 06:38:52,51,27841.39644607843
2021-08-07 06:43:16,2021-08-07 06:44:07,51,28124.386948529413
2021-08-07 07:07:29,2021-08-07 07:08:20,51,28114.446078431374
2021-08-07 07:31:11,2021-08-07 07:32:02,51,27793.933210784315
2021-08-07 07:37:35,2021-08-07 07:38:25,50,28434.962109375
2021-08-07 08:09:01,2021-08-07 08:09:52,51,28134.529105392157
2021-08-07 08:12:09,2021-08-07 08:13:01,52,27424.67908653846
2021-08-07 08:31:46,2021-08-07 08:32:37,51,27844.687346813724
2021-08-07 08:40:19,2021-08-07 08:41:10,51,28055.61603860294
2021-08-07 09:03:14,2021-08-07 09:04:05,51,28118.94087009804
2021-08-07 09:07:04,2021-08-07 09:07:55,51,27633.070695465685
2021-08-07 09:24:52,2021-08-07 09:25:43,51,27891.330958946077
2021-08-07 09:33:59,2021-08-07 09:34:50,51,28150.56839767157
2021-08-07 09:56:51,2021-08-07 09:57:42,51,28108.495863970587
2021-08-07 10:00:48,2021-08-07 10:01:40,52,27535.643329326922
2021-08-07 10:17:18,2021-08-07 10:18:10,52,28124.271935096152
2021-08-07 10:27:11,2021-08-07 10:27:21,10,16262.694140625
2021-08-07 10:27:25,2021-08-07 10:27:31,6,15830.356119791666
2021-08-07 10:27:35,2021-08-07 10:27:37,2,14126.029296875
2021-08-07 10:27:44,2021-08-07 10:27:46,2,17908.6796875
2021-08-07 10:27:49,2021-08-07 10:27:52,3,16086.397135416666
2021-08-07 10:27:55,2021-08-07 10:27:58,3,15085.842447916666
2021-08-07 10:28:20,2021-08-07 10:28:21,1,14312.08203125
2021-08-07 10:59:55,2021-08-07 11:00:46,51,28114.531403186276
2021-08-07 11:11:41,2021-08-07 11:12:32,51,27895.104856004902
2021-08-07 11:19:48,2021-08-07 11:20:39,51,27901.57452512255
2021-08-07 11:53:29,2021-08-07 11:54:21,52,27822.599384014422
2021-08-07 12:04:33,2021-08-07 12:05:24,51,27787.37974877451
2021-08-07 12:12:23,2021-08-07 12:13:15,52,27631.855919471152
2021-08-07 12:48:17,2021-08-07 12:49:08,51,28130.650505514706
2021-08-07 12:58:00,2021-08-07 12:58:52,52,27553.89032451923
2021-08-07 13:05:07,2021-08-07 13:05:59,52,27600.897235576922
2021-08-07 13:41:03,2021-08-07 13:41:54,51,28129.355085784315
2021-08-07 13:58:09,2021-08-07 13:59:00,51,27889.61603860294
2021-08-07 14:56:08,2021-08-07 14:56:59,51,27929.770526960783
2021-08-07 15:21:03,2021-08-07 15:21:54,51,27747.235906862745
2021-08-07 15:51:55,2021-08-07 15:52:46,51,27885.08984375
2021-08-07 16:15:35,2021-08-07 16:16:27,52,27426.40715144231
2021-08-07 16:45:13,2021-08-07 16:46:04,51,28078.72380514706
2021-08-07 16:52:15,2021-08-07 16:52:16,1,15312.42578125
2021-08-07 16:52:18,2021-08-07 16:52:19,1,17788.30078125
2021-08-07 16:56:19,2021-08-07 16:57:46,87,35570.3243983477
2021-08-07 17:01:30,2021-08-07 17:02:48,78,38580.248046875
2021-08-07 17:09:22,2021-08-07 17:10:13,51,27847.10209865196
2021-08-07 17:38:09,2021-08-07 17:39:01,52,27630.8583984375
2021-08-07 17:51:57,2021-08-07 18:04:24,747,68806.35199652778
2021-08-07 18:04:30,2021-08-07 18:23:37,1147,55126.55603612685
2021-08-07 18:23:45,2021-08-07 18:27:24,219,53709.36593892694
2021-08-07 18:27:31,2021-08-07 18:29:37,126,52405.83937872024
2021-08-07 18:29:44,2021-08-07 18:41:48,724,54058.06674076312
2021-08-07 18:41:55,2021-08-07 18:43:59,124,41078.488249747985
2021-08-07 18:47:56,2021-08-07 18:48:08,12,29365.439778645832
2021-08-07 18:55:39,2021-08-07 18:56:30,51,27757.533088235294
2021-08-07 19:07:32,2021-08-07 19:08:24,52,27405.55378605769
2021-08-07 19:40:12,2021-08-07 19:41:03,51,28081.46147365196
2021-08-07 19:46:43,2021-08-07 19:47:34,51,27808.365042892157
2021-08-07 20:13:12,2021-08-07 20:28:27,915,62930.01524077869
2021-08-07 20:28:28,2021-08-07 20:30:03,95,53200.49444901316
2021-08-07 20:30:10,2021-08-07 20:32:31,141,54337.04870345745
2021-08-07 20:32:39,2021-08-07 20:39:42,423,54870.99447768913
2021-08-07 20:39:43,2021-08-07 20:41:24,101,52097.45900371287
2021-08-07 20:41:38,2021-08-07 20:55:57,859,54954.093818211586
2021-08-07 20:56:05,2021-08-07 20:58:46,161,54060.844283773295
2021-08-07 20:58:57,2021-08-07 20:59:08,11,20408.653053977272
2021-08-07 20:59:11,2021-08-07 21:06:14,423,44704.07749704492
2021-08-07 21:07:02,2021-08-07 21:07:49,47,44889.2071143617
2021-08-07 21:07:53,2021-08-07 21:08:27,34,28676.744025735294
2021-08-07 21:10:37,2021-08-07 21:10:49,12,29584.9501953125
2021-08-07 21:21:49,2021-08-07 21:22:40,51,28072.758272058825
2021-08-07 21:24:34,2021-08-07 21:25:26,52,27859.13288762019
2021-08-07 21:34:08,2021-08-07 21:34:59,51,27909.257582720587
2021-08-07 22:00:03,2021-08-07 22:00:54,51,27761.928998161766
2021-08-07 22:14:25,2021-08-07 22:15:16,51,28077.231694240196
2021-08-07 22:54:18,2021-08-07 22:55:09,51,27740.963618259804
2021-08-07 23:07:27,2021-08-07 23:08:18,51,28142.941176470587
2021-08-07 23:08:56,2021-08-07 23:09:47,51,28179.055912990196
2021-08-07 23:20:31,2021-08-07 23:21:23,52,27557.984375
2021-08-07 23:47:45,2021-08-07 23:48:37,52,27405.490084134617
2021-08-07 23:57:02,2021-08-08 00:01:44,281,67508.889040258
2021-08-08 00:01:49,2021-08-08 00:14:37,768,59363.04294331869
2021-08-08 00:14:45,2021-08-08 00:15:09,24,45328.61376953125
2021-08-08 00:15:15,2021-08-08 00:26:34,679,55153.88675902062
2021-08-08 00:26:43,2021-08-08 00:27:22,39,50178.93790064102
2021-08-08 00:27:30,2021-08-08 00:40:43,793,54529.94729271753
2021-08-08 00:40:45,2021-08-08 00:42:29,104,48505.362492487984
2021-08-08 00:42:37,2021-08-08 00:48:50,373,50757.80655160858
2021-08-08 00:52:37,2021-08-08 00:54:02,85,40870.42320772059
2021-08-08 01:07:29,2021-08-08 01:08:21,52,27532.594576322117
2021-08-08 01:33:53,2021-08-08 01:34:45,52,27407.795072115383
2021-08-08 01:46:42,2021-08-08 01:47:32,50,28373.036484375
2021-08-08 02:27:10,2021-08-08 02:28:01,51,27734.48598345588
2021-08-08 02:36:56,2021-08-08 02:37:47,51,28161.486902573528
2021-08-08 02:40:21,2021-08-08 02:41:12,51,28097.602864583332
2021-08-08 02:54:45,2021-08-08 02:55:37,52,27603.76277043269
2021-08-08 03:21:17,2021-08-08 03:21:19,2,15174.255859375
2021-08-08 03:21:22,2021-08-08 03:21:25,3,15555.236979166666
2021-08-08 03:21:27,2021-08-08 03:21:28,1,14086.1171875
2021-08-08 03:21:37,2021-08-08 03:21:38,1,14703.0703125
2021-08-08 03:21:48,2021-08-08 03:21:50,2,14707.5859375
2021-08-08 03:21:53,2021-08-08 03:21:54,1,13951.26171875
2021-08-08 03:22:04,2021-08-08 03:22:05,1,14076.6640625
2021-08-08 03:39:59,2021-08-08 03:40:51,52,27860.142052283652
2021-08-08 04:22:59,2021-08-08 04:23:50,51,27773.867417279413
2021-08-08 04:30:39,2021-08-08 04:31:30,51,28050.109221813724
2021-08-08 04:32:55,2021-08-08 04:33:46,51,28102.819699754902
2021-08-08 04:49:53,2021-08-08 04:50:44,51,27858.682061887255
2021-08-08 05:16:07,2021-08-08 05:16:58,51,27594.327129289217
2021-08-08 05:26:51,2021-08-08 05:27:42,51,28135.42547487745
2021-08-08 06:09:22,2021-08-08 06:10:13,51,27741.176470588234
2021-08-08 06:15:35,2021-08-08 06:16:26,51,28089.675091911766
2021-08-08 06:20:30,2021-08-08 06:21:21,51,28101.63227634804
2021-08-08 06:35:00,2021-08-08 06:35:52,52,27535.81385216346
2021-08-08 07:03:08,2021-08-08 07:03:59,51,27787.163143382353
2021-08-08 07:14:33,2021-08-08 07:15:25,52,27822.562725360578
2021-08-08 07:56:56,2021-08-08 07:57:47,51,27829.19194240196
2021-08-08 08:00:45,2021-08-08 08:01:36,51,28134.646369485294
2021-08-08 08:10:17,2021-08-08 08:11:08,51,28162.564644607843
2021-08-08 08:20:54,2021-08-08 08:21:46,52,27600.39873798077
2021-08-08 08:51:11,2021-08-08 08:52:02,51,27788.09428615196
2021-08-08 09:04:00,2021-08-08 09:04:51,51,28118.111519607843
2021-08-08 09:46:03,2021-08-08 09:46:55,52,27490.83991887019
2021-08-08 09:58:41,2021-08-08 10:00:43,122,30648.004834784835
2021-08-08 10:49:19,2021-08-08 10:49:20,1,26432.53125
2021-08-08 10:53:11,2021-08-08 10:54:27,76,39872.29697779605
2021-08-08 11:03:34,2021-08-08 11:03:36,2,23679.20703125
2021-08-08 11:07:27,2021-08-08 11:10:16,169,37814.77091808432
2021-08-08 11:12:19,2021-08-08 11:13:33,74,40817.58947423987
2021-08-08 11:25:27,2021-08-08 11:25:28,1,24130.8046875
2021-08-08 11:29:32,2021-08-08 11:29:34,2,20264.345703125
2021-08-08 11:31:42,2021-08-08 11:31:43,1,14822.65625
2021-08-08 11:44:12,2021-08-08 11:45:21,69,26038.370584239132
2021-08-08 11:50:14,2021-08-08 11:51:43,89,28786.926220154495
2021-08-08 11:51:44,2021-08-08 11:52:09,25,25274.41578125
2021-08-08 12:22:29,2021-08-08 12:23:20,51,28375.165364583332
2021-08-08 12:25:44,2021-08-08 12:26:36,52,27903.210787259617
2021-08-08 12:38:00,2021-08-08 12:38:52,52,27683.24481670673
2021-08-08 13:15:27,2021-08-08 13:16:18,51,28177.534466911766
2021-08-08 13:18:36,2021-08-08 13:19:28,52,27578.38641826923
2021-08-08 13:31:04,2021-08-08 13:31:55,51,27865.210171568626
2021-08-08 14:03:43,2021-08-08 14:04:12,29,39362.398302801725
2021-08-08 14:08:39,2021-08-08 14:09:30,51,28155.32621017157
2021-08-08 14:11:53,2021-08-08 14:12:44,51,27886.633578431374
2021-08-08 14:24:23,2021-08-08 14:25:14,51,28023.552313112745
2021-08-08 14:27:12,2021-08-08 14:29:07,115,27603.204211956523
2021-08-08 15:01:47,2021-08-08 15:02:38,51,28196.152726715685
2021-08-08 15:04:47,2021-08-08 15:05:38,51,27844.67378982843
2021-08-08 15:39:12,2021-08-08 15:39:14,2,20593.29296875
2021-08-08 15:43:05,2021-08-08 15:44:18,73,41387.248180650684
2021-08-08 15:54:52,2021-08-08 15:55:43,51,28559.43328737745
2021-08-08 15:58:36,2021-08-08 15:59:27,51,27919.348575367647
2021-08-08 16:15:38,2021-08-08 16:15:40,2,21719.263671875
2021-08-08 16:19:31,2021-08-08 16:20:45,74,40779.03177787162
2021-08-08 16:48:10,2021-08-08 16:49:01,51,28232.134880514706
2021-08-08 16:51:39,2021-08-08 16:52:30,51,27988.964460784315
2021-08-08 16:55:09,2021-08-08 17:11:51,1002,64023.59574990644
2021-08-08 17:11:56,2021-08-08 17:12:24,28,40898.44517299107
2021-08-08 17:12:25,2021-08-08 17:14:00,95,53493.90316611842
2021-08-08 17:14:06,2021-08-08 17:15:18,72,51891.71685112847
2021-08-08 17:15:24,2021-08-08 17:19:07,223,55054.814987387894
2021-08-08 17:19:13,2021-08-08 17:37:32,1099,54777.86512952115
2021-08-08 17:37:39,2021-08-08 17:41:00,201,51064.97939987562
2021-08-08 17:41:01,2021-08-08 17:41:02,1,14402.73046875
2021-08-08 17:41:03,2021-08-08 17:42:37,94,52931.37209109042
2021-08-08 17:42:44,2021-08-08 17:44:52,128,51962.947021484375
2021-08-08 17:44:55,2021-08-08 17:46:39,104,45772.010929987984
2021-08-08 17:46:47,2021-08-08 17:48:33,106,25287.38896668632
2021-08-08 17:48:34,2021-08-08 17:48:38,4,14092.1767578125
2021-08-08 17:48:39,2021-08-08 17:48:40,1,13938.16796875
2021-08-08 17:50:18,2021-08-08 17:50:29,11,32198.20880681818
2021-08-08 17:51:55,2021-08-08 17:53:09,74,40814.9945629223
2021-08-08 18:03:18,2021-08-08 18:04:09,51,28417.484451593136
2021-08-08 18:37:34,2021-08-08 18:38:25,51,28264.798177083332
2021-08-08 18:40:06,2021-08-08 18:40:57,51,27930.012944240196
2021-08-08 18:55:07,2021-08-08 18:55:58,51,27888.68941482843
2021-08-08 18:58:50,2021-08-08 18:59:41,51,28169.20366115196
2021-08-08 19:13:39,2021-08-08 19:26:10,751,67114.05616469707
2021-08-08 19:26:15,2021-08-08 19:31:54,339,56229.61630023968
2021-08-08 19:31:55,2021-08-08 19:33:30,95,54525.85263157895
2021-08-08 19:33:37,2021-08-08 19:36:02,145,53044.53316271552
2021-08-08 19:36:03,2021-08-08 19:37:49,106,53251.808372641506
2021-08-08 19:37:55,2021-08-08 19:52:04,849,53809.88510379859
2021-08-08 19:52:05,2021-08-08 19:53:40,95,52636.875986842104
2021-08-08 19:53:46,2021-08-08 19:59:08,322,54080.271108307454
2021-08-08 19:59:14,2021-08-08 20:03:33,259,50261.69104428089
2021-08-08 20:03:40,2021-08-08 20:06:12,152,31959.638671875
2021-08-08 20:06:15,2021-08-08 20:06:16,1,13963.3359375
2021-08-08 20:08:50,2021-08-08 20:09:03,13,27123.221153846152
2021-08-08 20:24:47,2021-08-08 20:25:38,51,28212.863893995098
2021-08-08 20:29:42,2021-08-08 20:30:33,51,27925.75359987745
2021-08-08 20:45:43,2021-08-08 20:46:34,51,28162.235600490196
2021-08-08 20:51:53,2021-08-08 20:52:44,51,27961.185355392157
2021-08-08 21:18:13,2021-08-08 21:19:04,51,28198.571078431374
2021-08-08 21:22:57,2021-08-08 21:23:48,51,27871.939261642157
2021-08-08 21:38:41,2021-08-08 21:39:32,51,28225.492876838234
2021-08-08 22:05:07,2021-08-08 22:05:58,51,27944.476715686276
2021-08-08 22:11:03,2021-08-08 22:11:54,51,28235.817325367647
2021-08-08 22:15:31,2021-08-08 22:16:22,51,27888.563189338234
2021-08-08 22:32:41,2021-08-08 22:32:42,1,13942.171875
2021-08-08 22:32:43,2021-08-08 22:32:44,1,13934.7109375
2021-08-08 22:32:48,2021-08-08 22:32:50,2,15478.734375
2021-08-08 22:32:51,2021-08-08 22:32:55,4,16979.7421875
2021-08-08 22:32:57,2021-08-08 22:33:19,22,16879.263316761364
2021-08-08 22:33:22,2021-08-08 22:33:25,3,15372.69921875
2021-08-08 22:33:29,2021-08-08 22:33:30,1,13954.29296875
2021-08-08 22:33:33,2021-08-08 22:33:35,2,14404.0078125
2021-08-08 22:33:38,2021-08-08 22:33:39,1,14094.0703125
2021-08-08 23:12:50,2021-08-08 23:13:41,51,28243.184589460783
2021-08-08 23:15:01,2021-08-08 23:15:52,51,27869.65625
2021-08-08 23:38:03,2021-08-08 23:38:53,50,28468.472578125
2021-08-08 23:39:15,2021-08-08 23:39:26,11,35005.169389204544
2021-08-08 23:44:04,2021-08-09 00:05:14,1269,63715.03891474586
2021-08-09 00:05:19,2021-08-09 00:05:29,10,35559.843359375
2021-08-09 00:05:32,2021-08-09 00:07:08,96,55274.36092122396
2021-08-09 00:07:12,2021-08-09 00:10:16,184,53559.46176545516
2021-08-09 00:10:22,2021-08-09 00:32:40,1338,56054.04179512332
2021-08-09 00:32:48,2021-08-09 00:32:52,4,25400.154296875
2021-08-09 00:33:01,2021-08-09 00:34:31,90,25668.593619791667
2021-08-09 00:34:32,2021-08-09 00:34:33,1,14420.75
2021-08-09 00:37:16,2021-08-09 00:37:26,10,33087.99609375
2021-08-09 00:58:52,2021-08-09 00:59:43,51,28235.392769607843
2021-08-09 01:01:42,2021-08-09 01:02:33,51,27897.914675245098
2021-08-09 01:24:10,2021-08-09 01:25:01,51,28213.539828431374
2021-08-09 01:51:35,2021-08-09 01:52:26,51,28287.99272365196
2021-08-09 01:55:24,2021-08-09 01:56:15,51,27884.108149509804
2021-08-09 01:57:10,2021-08-09 02:18:55,1305,63308.95475933908
2021-08-09 02:18:59,2021-08-09 02:19:06,7,21580.97265625
2021-08-09 02:19:11,2021-08-09 02:45:38,1587,53912.28301975031
2021-08-09 02:45:42,2021-08-09 02:47:15,93,39403.12768817204
2021-08-09 02:47:37,2021-08-09 02:47:45,8,14862.1005859375
2021-08-09 02:48:48,2021-08-09 02:48:49,1,14055.359375
2021-08-09 02:48:51,2021-08-09 02:49:43,52,29804.723106971152
2021-08-09 02:51:10,2021-08-09 02:51:22,12,29479.489908854168
2021-08-09 03:11:31,2021-08-09 03:12:21,50,28502.1809375
2021-08-09 03:40:02,2021-08-09 03:40:53,51,28217.29603247549
2021-08-09 03:42:39,2021-08-09 03:43:30,51,27884.209635416668
2021-08-09 04:05:47,2021-08-09 04:06:38,51,28165.004672181374
2021-08-09 04:34:22,2021-08-09 04:35:13,51,28245.742264093136
2021-08-09 04:37:01,2021-08-09 04:37:52,51,27899.723958333332
2021-08-09 05:00:02,2021-08-09 05:00:53,51,28224.469209558825
2021-08-09 05:30:07,2021-08-09 05:30:08,1,14414.17578125
2021-08-09 05:30:11,2021-08-09 05:30:16,5,14292.57421875
2021-08-09 05:30:17,2021-08-09 05:30:18,1,14268.3515625
2021-08-09 05:30:19,2021-08-09 05:30:20,1,14203.76953125
2021-08-09 05:30:22,2021-08-09 05:30:42,20,17010.058984375
2021-08-09 05:30:46,2021-08-09 05:30:49,3,15194.135416666666
2021-08-09 05:30:52,2021-08-09 05:30:55,3,14924.68359375
2021-08-09 05:30:58,2021-08-09 05:31:00,2,16043.08203125
2021-08-09 05:31:02,2021-08-09 05:31:06,4,16059.009765625
2021-08-09 05:32:34,2021-08-09 05:32:35,1,14606.25
2021-08-09 05:32:59,2021-08-09 05:33:01,2,16079.875
2021-08-09 05:33:09,2021-08-09 05:33:11,2,15401.4140625
2021-08-09 05:33:22,2021-08-09 05:33:23,1,14597.484375
2021-08-09 05:33:35,2021-08-09 05:33:36,1,16246.51953125
2021-08-09 06:09:06,2021-08-09 06:09:57,51,28229.193780637255
2021-08-09 06:37:09,2021-08-09 06:38:23,74,42591.34052998311
2021-08-09 07:04:27,2021-08-09 07:05:18,51,28189.672947303923
2021-08-09 07:32:39,2021-08-09 07:33:54,75,41847.53395833333
2021-08-09 07:59:21,2021-08-09 08:00:12,51,28167.59650735294
2021-08-09 08:35:01,2021-08-09 08:35:52,51,27914.752604166668
2021-08-09 08:37:17,2021-08-09 08:38:08,51,28175.39698223039
2021-08-09 09:01:03,2021-08-09 09:01:53,50,28491.000078125
2021-08-09 09:29:40,2021-08-09 09:30:31,51,27985.73797487745
2021-08-09 09:31:50,2021-08-09 09:32:41,51,28225.98246017157
2021-08-09 09:56:20,2021-08-09 09:57:11,51,28184.005974264706
2021-08-09 10:24:13,2021-08-09 10:25:04,51,27853.581801470587
2021-08-09 10:25:54,2021-08-09 10:26:45,51,28084.75865502451
2021-08-09 10:51:22,2021-08-09 10:52:13,51,28216.16605392157
2021-08-09 11:23:27,2021-08-09 11:24:18,51,29419.81280637255
2021-08-09 11:26:26,2021-08-09 11:27:18,52,29981.733623798078
2021-08-09 11:49:53,2021-08-09 11:50:43,50,28509.042890625
2021-08-09 12:00:35,2021-08-09 12:00:36,1,16776.4140625
2021-08-09 12:00:39,2021-08-09 12:00:40,1,19120.31640625
2021-08-09 12:09:51,2021-08-09 12:11:05,74,40969.23411106419
2021-08-09 12:17:15,2021-08-09 12:18:06,51,27902.855698529413
2021-08-09 12:19:33,2021-08-09 12:20:23,50,28484.1725
2021-08-09 12:43:00,2021-08-09 12:43:51,51,28169.444393382353
2021-08-09 13:08:57,2021-08-09 13:09:48,51,27817.137791053923
2021-08-09 13:10:50,2021-08-09 13:11:41,51,27911.956571691175
2021-08-09 13:12:44,2021-08-09 13:13:35,51,28259.334405637255
2021-08-09 13:36:12,2021-08-09 13:37:03,51,28223.003216911766
2021-08-09 14:10:02,2021-08-09 14:10:47,45,21383.68159722222
2021-08-09 14:13:18,2021-08-09 14:14:09,51,28415.391927083332
2021-08-09 14:14:41,2021-08-09 14:15:33,52,27822.39716045673
2021-08-09 14:41:20,2021-08-09 14:42:11,51,28241.770220588234
2021-08-09 15:07:28,2021-08-09 15:09:10,102,30385.639667585783
2021-08-09 15:13:27,2021-08-09 15:14:18,51,27956.820465686276
2021-08-09 15:36:37,2021-08-09 15:37:28,51,28221.226102941175
2021-08-09 15:39:40,2021-08-09 15:39:43,3,22319.661458333332
2021-08-09 15:39:45,2021-08-09 15:39:46,1,14621.25390625
2021-08-09 15:39:49,2021-08-09 15:39:55,6,14618.26171875
2021-08-09 15:40:00,2021-08-09 15:40:12,12,17395.190755208332
2021-08-09 16:44:38,2021-08-09 16:44:42,4,19170.259765625
2021-08-09 16:44:43,2021-08-09 16:44:44,1,14460.9609375
2021-08-09 16:44:48,2021-08-09 16:44:54,6,15236.372395833334
2021-08-09 16:44:59,2021-08-09 16:45:07,8,17671.86767578125
2021-08-09 17:03:55,2021-08-09 17:04:27,32,20594.564331054688
2021-08-09 17:04:43,2021-08-09 17:04:44,1,14231.90625
2021-08-09 17:11:06,2021-08-09 17:17:21,375,70641.72883333333
2021-08-09 17:17:54,2021-08-09 17:18:04,10,26496.709765625
2021-08-09 17:19:21,2021-08-09 17:19:23,2,16132.5703125
2021-08-09 17:23:14,2021-08-09 17:24:26,72,37442.174153645836
2021-08-09 17:43:40,2021-08-09 17:44:31,51,27934.051700367647
2021-08-09 18:08:22,2021-08-09 18:08:31,9,27191.067274305555
2021-08-09 18:08:58,2021-08-09 18:09:50,52,29216.677734375
2021-08-09 18:39:27,2021-08-09 18:40:19,52,28386.48955829327
2021-08-09 19:03:49,2021-08-09 19:04:40,51,28133.28959865196
2021-08-09 19:34:07,2021-08-09 19:34:58,51,27846.427159926472
2021-08-09 19:42:48,2021-08-09 19:42:49,1,16987.015625
2021-08-09 19:46:53,2021-08-09 19:48:05,72,38078.321940104164
2021-08-09 19:57:52,2021-08-09 19:58:43,51,28156.15349264706
2021-08-09 20:28:07,2021-08-09 20:29:00,53,29260.485922759435
2021-08-09 20:39:41,2021-08-09 20:40:34,53,28688.98857606132
2021-08-09 20:50:56,2021-08-09 20:50:57,1,14561.52734375
2021-08-09 20:51:14,2021-08-09 20:52:04,50,29150.71484375
2021-08-09 20:55:08,2021-08-09 20:57:45,157,54221.40202030255
2021-08-09 20:57:51,2021-08-09 21:02:37,286,43320.79675207605
2021-08-09 21:24:06,2021-08-09 21:24:57,51,27910.69776348039
2021-08-09 21:32:47,2021-08-09 21:33:38,51,27929.410615808825
2021-08-09 21:45:27,2021-08-09 21:46:18,51,28197.01332720588
2021-08-09 22:21:20,2021-08-09 22:22:11,51,27843.274126838234
2021-08-09 22:25:36,2021-08-09 22:26:28,52,27479.68622295673
2021-08-09 22:39:15,2021-08-09 22:40:06,51,28170.175321691175
2021-08-09 22:42:10,2021-08-09 22:42:11,1,13957.95703125
2021-08-09 22:46:02,2021-08-09 22:47:18,76,40099.43564967105
2021-08-09 23:16:06,2021-08-09 23:16:57,51,27815.995404411766
2021-08-09 23:18:38,2021-08-09 23:19:29,51,27874.36963848039
2021-08-09 23:37:17,2021-08-09 23:38:08,51,28234.42547487745
2021-08-10 00:11:08,2021-08-10 00:12:00,52,27591.5458984375
2021-08-10 00:12:14,2021-08-10 00:13:08,54,28383.707175925927
2021-08-10 00:28:25,2021-08-10 00:29:16,51,28175.311504289217
2021-08-10 01:07:33,2021-08-10 01:08:38,65,47354.89849759615
2021-08-10 01:08:39,2021-08-10 01:08:49,10,16921.04921875
2021-08-10 01:19:42,2021-08-10 01:20:33,51,28180.508042279413
2021-08-10 02:01:22,2021-08-10 02:02:13,51,27774.512484681374
2021-08-10 02:04:09,2021-08-10 02:04:11,2,16422.609375
2021-08-10 02:04:26,2021-08-10 02:05:17,51,27811.60991115196
2021-08-10 02:08:20,2021-08-10 02:09:34,74,40933.86248944257
2021-08-10 02:11:48,2021-08-10 02:12:39,51,28267.809206495098
2021-08-10 02:58:42,2021-08-10 02:59:33,51,27839.690180759804
2021-08-10 03:00:42,2021-08-10 03:01:33,51,27858.441176470587
2021-08-10 03:03:33,2021-08-10 03:04:24,51,28180.832414215685
2021-08-10 03:50:12,2021-08-10 03:51:03,51,27831.532015931374
2021-08-10 03:55:07,2021-08-10 03:55:58,51,28168.264859068626
2021-08-10 04:40:27,2021-08-10 04:41:19,52,27471.2568359375
2021-08-10 04:46:23,2021-08-10 04:47:14,51,28168.437576593136
2021-08-10 05:31:53,2021-08-10 05:32:44,51,27837.06946997549
2021-08-10 05:38:14,2021-08-10 05:39:05,51,28153.59911151961
2021-08-10 06:23:52,2021-08-10 06:24:44,52,27530.406775841348
2021-08-10 06:29:44,2021-08-10 06:30:35,51,28139.11328125
2021-08-10 07:14:26,2021-08-10 07:15:17,51,27876.560431985294
2021-08-10 07:21:07,2021-08-10 07:21:57,50,28655.940625
2021-08-10 08:04:46,2021-08-10 08:05:37,51,27866.56862745098
2021-08-10 08:12:16,2021-08-10 08:13:07,51,28414.214920343136
2021-08-10 08:56:48,2021-08-10 08:57:39,51,28538.283777573528
2021-08-10 09:05:00,2021-08-10 09:05:51,51,29224.91681985294
2021-08-10 09:48:58,2021-08-10 09:49:50,52,27519.87342247596
2021-08-10 09:55:27,2021-08-10 09:56:17,50,28426.070390625
2021-08-10 10:03:55,2021-08-10 10:03:56,1,14841.83203125
2021-08-10 10:03:58,2021-08-10 10:03:59,1,14608.515625
2021-08-10 11:46:33,2021-08-10 11:46:34,1,18216.23046875
2021-08-10 11:46:40,2021-08-10 11:46:41,1,25907.56640625
2021-08-10 11:50:37,2021-08-10 11:51:53,76,43236.50452302631
2021-08-10 11:54:52,2021-08-10 11:54:53,1,15368.92578125
2021-08-10 11:59:07,2021-08-10 11:59:34,28,45417.89467075893
2021-08-10 11:59:35,2021-08-10 12:00:21,46,38009.41372282609
2021-08-10 12:56:43,2021-08-10 12:57:35,52,27594.82459435096
2021-08-10 13:42:36,2021-08-10 13:42:39,3,19321.25390625
2021-08-10 13:46:32,2021-08-10 13:47:45,73,41230.548052226026
2021-08-10 13:50:30,2021-08-10 13:51:22,52,27519.12244591346
2021-08-10 14:41:41,2021-08-10 14:42:32,51,27979.394607843136
2021-08-10 14:44:47,2021-08-10 14:45:39,52,27544.803485576922
2021-08-10 15:39:03,2021-08-10 15:39:54,51,27664.679917279413
2021-08-10 16:29:26,2021-08-10 16:29:27,1,13972.63671875
2021-08-10 16:29:52,2021-08-10 16:36:17,385,58032.507782061686
2021-08-10 17:28:35,2021-08-10 17:29:25,50,28408.438984375
2021-08-10 17:29:39,2021-08-10 17:30:33,54,28768.65328414352
2021-08-10 18:22:33,2021-08-10 18:23:23,50,28447.8103125
2021-08-10 18:23:35,2021-08-10 18:24:29,54,28919.94408275463
2021-08-10 19:15:32,2021-08-10 19:16:23,51,28169.543887867647
2021-08-10 19:18:00,2021-08-10 19:18:50,50,28435.54875
2021-08-10 20:08:46,2021-08-10 20:09:37,51,28160.63227634804
2021-08-10 20:12:15,2021-08-10 20:13:06,51,28474.595894607843
2021-08-10 21:01:40,2021-08-10 21:02:31,51,28149.63901654412
2021-08-10 21:07:51,2021-08-10 21:08:42,51,28145.61496629902
2021-08-10 21:55:02,2021-08-10 21:55:54,52,27865.375525841348
2021-08-10 22:01:43,2021-08-10 22:02:35,52,29708.248272235578
2021-08-10 22:14:01,2021-08-10 22:14:02,1,13988.58203125
2021-08-10 22:14:06,2021-08-10 22:14:33,27,53900.66030092593
2021-08-10 22:47:54,2021-08-10 22:48:45,51,28114.85883884804
2021-08-10 22:57:35,2021-08-10 22:58:26,51,28147.45151654412
2021-08-10 23:40:19,2021-08-10 23:41:10,51,28085.20427389706
2021-08-10 23:52:35,2021-08-10 23:53:26,51,28092.463465073528
2021-08-11 00:34:47,2021-08-11 00:35:38,51,28100.59911151961
2021-08-11 00:46:43,2021-08-11 00:47:35,52,27807.141826923078
2021-08-11 01:28:24,2021-08-11 01:29:16,52,27843.122295673078
2021-08-11 01:41:33,2021-08-11 01:42:24,51,28110.926470588234
2021-08-11 02:22:36,2021-08-11 02:23:27,51,28103.08838848039
2021-08-11 02:36:18,2021-08-11 02:37:09,51,28074.221660539217
2021-08-11 03:16:24,2021-08-11 03:17:15,51,28093.796492034315
2021-08-11 03:29:42,2021-08-11 03:30:33,51,28113.257889093136
2021-08-11 04:11:38,2021-08-11 04:12:29,51,28124.018765318626
2021-08-11 04:24:27,2021-08-11 04:25:18,51,28128.953201593136
2021-08-11 05:05:19,2021-08-11 05:06:10,51,28131.60240502451
2021-08-11 05:18:24,2021-08-11 05:19:15,51,28103.91046262255
2021-08-11 05:59:21,2021-08-11 06:00:12,51,28151.366804534315
2021-08-11 06:43:01,2021-08-11 06:43:53,52,27801.3525390625
2021-08-11 06:53:43,2021-08-11 06:54:34,51,28152.558134191175
2021-08-11 07:38:24,2021-08-11 07:39:15,51,28067.492570465685
2021-08-11 07:48:22,2021-08-11 07:49:13,51,28172.895450367647
2021-08-11 08:42:11,2021-08-11 08:43:02,51,28069.231694240196
2021-08-11 09:36:03,2021-08-11 09:36:54,51,28152.761795343136
2021-08-11 10:30:04,2021-08-11 10:30:55,51,28120.103094362745
2021-08-11 12:13:53,2021-08-11 12:22:09,496,43057.54478799143
2021-08-11 14:38:11,2021-08-11 14:38:13,2,18395.125
2021-08-11 14:42:24,2021-08-11 14:43:39,75,40473.03171875
2021-08-11 15:20:44,2021-08-11 15:20:46,2,14055.404296875
2021-08-11 15:37:26,2021-08-11 15:38:17,51,27846.70151654412
2021-08-11 16:32:36,2021-08-11 16:33:28,52,27525.356896033652
2021-08-11 17:43:37,2021-08-11 17:43:38,1,17340.046875
2021-08-11 17:47:41,2021-08-11 17:48:58,77,39275.464336444806
2021-08-11 18:19:55,2021-08-11 18:19:56,1,14658.17578125
2021-08-11 18:19:57,2021-08-11 18:19:58,1,14044.28515625
2021-08-11 18:41:38,2021-08-11 18:42:29,51,27991.384037990196
2021-08-11 19:36:37,2021-08-11 19:37:29,52,27704.093224158652
2021-08-11 20:31:06,2021-08-11 20:31:58,52,27636.809420072117
2021-08-11 21:24:51,2021-08-11 21:25:43,52,27667.287860576922
2021-08-11 21:52:15,2021-08-11 21:52:22,7,18424.046875
2021-08-11 22:19:59,2021-08-11 22:20:51,52,27651.421649639422
2021-08-11 23:18:58,2021-08-11 23:19:49,51,28004.13786764706
2021-08-12 00:13:24,2021-08-12 00:14:16,52,27661.3974609375
2021-08-12 01:07:31,2021-08-12 01:08:22,51,28046.40287990196
2021-08-12 02:02:19,2021-08-12 02:03:11,52,27686.36658653846
2021-08-12 02:57:39,2021-08-12 02:58:31,52,27766.761192908652
2021-08-12 03:53:11,2021-08-12 03:54:02,51,28057.488357843136
2021-08-12 04:48:48,2021-08-12 04:49:40,52,27878.585186298078
2021-08-12 05:42:40,2021-08-12 05:43:32,52,27554.97205528846
2021-08-12 06:37:19,2021-08-12 06:38:10,51,27784.553998161766
2021-08-12 07:31:24,2021-08-12 07:32:15,51,27994.616421568626
2021-08-12 08:27:12,2021-08-12 08:28:04,52,27664.983623798078
2021-08-12 09:23:23,2021-08-12 09:24:14,51,28057.799249387255
2021-08-12 10:18:15,2021-08-12 10:19:08,53,31279.454304245282
2021-08-12 11:12:25,2021-08-12 11:12:26,1,13895.2578125
2021-08-12 11:12:27,2021-08-12 11:13:20,53,29178.67592865566
2021-08-12 12:07:15,2021-08-12 12:08:09,54,28683.87449363426
2021-08-12 13:01:41,2021-08-12 13:01:42,1,15808.6484375
2021-08-12 13:01:46,2021-08-12 13:01:47,1,15642.39453125
2021-08-12 13:01:58,2021-08-12 13:02:00,2,14406.658203125
2021-08-12 13:02:05,2021-08-12 13:03:19,74,18974.822212837837
2021-08-12 13:56:57,2021-08-12 13:57:25,28,28714.633928571428
2021-08-12 13:57:32,2021-08-12 13:57:54,22,20637.100674715908
2021-08-12 13:57:58,2021-08-12 13:57:59,1,15594.1953125
2021-08-12 14:52:45,2021-08-12 14:53:36,51,27960.276348039217
2021-08-12 15:49:59,2021-08-12 15:50:50,51,28058.422870710783
2021-08-12 16:46:03,2021-08-12 16:46:55,52,27736.144681490383
2021-08-12 20:26:08,2021-08-12 20:32:07,359,42161.56553577646
2021-08-13 08:57:56,2021-08-13 08:58:02,6,40699.470703125
2021-08-13 09:01:59,2021-08-13 09:02:24,25,45663.8315625
2021-08-13 09:28:24,2021-08-13 09:28:25,1,17295.328125
2021-08-13 14:57:53,2021-08-13 14:57:56,3,17832.423177083332
2021-08-13 17:46:38,2021-08-13 17:46:39,1,14430.29296875
2021-08-16 16:38:02,2021-08-16 16:38:05,3,22594.657552083332
2021-08-16 19:21:12,2021-08-16 19:21:14,2,19583.13671875
2021-08-17 17:25:08,2021-08-17 17:25:09,1,14356.96484375
2021-08-17 17:52:30,2021-08-17 17:52:34,4,20229.5361328125
2021-08-18 08:58:18,2021-08-18 08:58:20,2,28126.306640625
2021-08-18 08:59:23,2021-08-18 08:59:26,3,24658.388020833332
2021-08-18 09:03:47,2021-08-18 09:03:48,1,19696.0078125
2021-08-18 09:20:41,2021-08-18 09:20:42,1,16498.15234375
2021-08-18 10:09:20,2021-08-18 10:09:22,2,26610.466796875
2021-08-18 10:24:30,2021-08-18 10:24:33,3,17758.729166666668
2021-08-18 11:09:31,2021-08-18 11:09:32,1,19167.41796875
2021-08-18 11:13:26,2021-08-18 11:13:50,24,46191.710286458336
2021-08-18 11:17:44,2021-08-18 11:18:11,27,39305.43156828704
2021-08-18 14:00:53,2021-08-18 14:00:54,1,13854.921875
2021-08-18 14:25:45,2021-08-18 14:25:47,2,29268.478515625
2021-08-19 12:00:41,2021-08-19 12:06:30,349,129788.05568364971
2021-08-21 11:48:53,2021-08-21 11:49:06,13,50987.63491586538
2021-08-21 11:56:37,2021-08-21 11:56:51,14,44828.46484375
2021-08-21 13:20:25,2021-08-21 13:20:38,13,51290.67247596154
2021-08-21 13:38:09,2021-08-21 13:38:22,13,51642.78125
2021-08-21 21:02:54,2021-08-21 21:02:56,2,26404.5625
2021-08-21 21:08:31,2021-08-21 21:08:35,4,19110.6494140625
2021-08-21 21:09:47,2021-08-21 21:09:49,2,22824.12109375
2021-08-21 22:40:17,2021-08-21 22:40:19,2,17497.8984375
2021-08-21 22:40:20,2021-08-21 22:40:22,2,17056.87890625
2021-08-21 22:42:30,2021-08-21 22:42:33,3,22881.703125
2021-08-21 23:46:59,2021-08-21 23:47:01,2,13938.177734375
2021-08-22 01:37:52,2021-08-22 01:37:53,1,19122.3984375
2021-08-22 01:40:25,2021-08-22 01:46:20,355,60699.154247359154
2021-08-22 01:46:31,2021-08-22 01:48:45,134,46717.08791977612
2021-08-22 01:48:55,2021-08-22 01:49:50,55,31583.356463068183
2021-08-22 01:52:21,2021-08-22 01:52:24,3,18086.49609375
2021-08-22 01:53:44,2021-08-22 01:53:47,3,18887.747395833332
2021-08-22 01:56:31,2021-08-22 01:57:35,64,41916.2958984375
2021-08-22 01:57:39,2021-08-22 01:58:50,71,45299.48553036972
2021-08-22 02:01:25,2021-08-22 02:01:48,23,46153.487262228264
2021-08-22 02:02:04,2021-08-22 02:02:14,10,18663.68203125
2021-08-22 02:18:25,2021-08-22 02:22:25,240,49941.69497070312
2021-08-22 02:22:34,2021-08-22 02:23:05,31,40351.76789314516
2021-08-22 02:23:16,2021-08-22 02:26:09,173,38868.09447254335
2021-08-22 02:43:09,2021-08-22 02:43:33,24,41342.3115234375
2021-08-22 02:48:01,2021-08-22 02:50:31,150,50228.776380208335
2021-08-22 02:50:41,2021-08-22 02:51:24,43,44982.68686409884
2021-08-22 02:51:34,2021-08-22 02:56:02,268,41392.4737785681
2021-08-22 03:23:53,2021-08-22 03:26:49,176,53895.34430486506
2021-08-22 03:27:24,2021-08-22 03:27:55,31,39333.83253528226
2021-08-22 03:28:04,2021-08-22 03:32:12,248,38172.81294102823
2021-08-22 03:36:35,2021-08-22 03:36:36,1,14131.09765625
2021-08-22 03:36:38,2021-08-22 03:37:54,76,45310.75529399671
2021-08-22 03:37:57,2021-08-22 03:38:05,8,14495.49267578125
2021-08-22 03:41:03,2021-08-22 03:41:53,50,28445.83578125
2021-08-22 03:47:12,2021-08-22 03:52:56,344,50602.30237100291
2021-08-22 03:53:06,2021-08-22 03:54:41,95,31056.230674342107
2021-08-22 03:54:43,2021-08-22 03:54:51,8,15142.6767578125
2021-08-22 05:17:37,2021-08-22 05:18:52,75,42258.12125
2021-08-22 05:22:27,2021-08-22 05:23:18,51,28144.230698529413
2021-08-22 06:55:40,2021-08-22 06:56:43,63,48033.96645585317
2021-08-22 06:56:44,2021-08-22 06:56:53,9,15455.341579861111
2021-08-22 07:03:02,2021-08-22 07:03:52,50,28321.80265625
2021-08-22 08:35:06,2021-08-22 08:35:57,51,28224.479090073528
2021-08-22 08:36:27,2021-08-22 08:37:18,51,27939.46515012255
2021-08-22 08:47:30,2021-08-22 08:48:21,51,28091.80690870098
2021-08-22 16:51:50,2021-08-22 16:51:52,2,20919.76171875
2021-08-22 16:52:16,2021-08-22 16:52:18,2,22300.267578125
2021-08-25 21:10:19,2021-08-25 21:17:08,409,167160.8133500153
2021-08-25 21:46:00,2021-08-25 21:53:29,449,162451.55033755567
2021-08-26 10:16:59,2021-08-26 10:24:58,479,43295.167316349165
2021-08-26 11:24:40,2021-08-26 11:24:41,1,15077.29296875
2021-08-26 11:25:03,2021-08-26 11:25:05,2,15795.25
2021-08-26 13:10:16,2021-08-26 13:10:18,2,20748.2109375
2021-08-26 13:11:09,2021-08-26 13:11:11,2,20506.015625
2021-08-26 13:12:03,2021-08-26 13:12:05,2,21020.33984375
2021-08-26 13:12:38,2021-08-26 13:12:39,1,19098.30078125
2021-08-26 13:13:24,2021-08-26 13:13:25,1,19154.2421875
2021-08-26 13:14:21,2021-08-26 13:16:31,130,48471.69717548077
2021-08-26 13:17:20,2021-08-26 13:19:36,136,47567.524730009194
2021-08-26 13:45:16,2021-08-26 13:46:32,76,39904.39756373355
2021-08-26 13:56:57,2021-08-26 13:56:58,1,19014.07421875
2021-08-26 13:59:28,2021-08-26 13:59:39,11,17042.932173295456
2021-08-26 14:10:48,2021-08-26 14:10:49,1,13974.24609375
2021-08-26 14:14:41,2021-08-26 14:14:43,2,16961.9921875
2021-08-26 14:14:45,2021-08-26 14:14:54,9,14942.471788194445
2021-08-26 15:12:20,2021-08-26 15:13:11,51,26749.671262254902
2021-08-26 15:13:39,2021-08-26 15:14:31,52,26409.80085637019
2021-08-26 15:15:42,2021-08-26 15:16:25,43,45466.74990915698
2021-08-26 15:16:36,2021-08-26 15:17:12,36,33286.40896267361
2021-08-26 15:24:39,2021-08-26 15:24:41,2,21043.9765625
2021-08-26 15:27:15,2021-08-26 15:27:18,3,24942.8984375
2021-08-26 15:30:34,2021-08-26 15:32:42,128,56517.705139160156
2021-08-26 15:32:44,2021-08-26 15:32:53,9,15524.394965277777
2021-08-26 15:36:44,2021-08-26 15:37:20,36,29677.381944444445
2021-08-26 16:37:27,2021-08-26 16:44:19,412,47737.64999241505
2021-08-26 16:44:20,2021-08-26 16:45:03,43,28403.574037063954
2021-08-26 16:49:41,2021-08-26 16:49:42,1,13973.80859375
2021-08-26 16:49:51,2021-08-26 16:49:54,3,15215.893229166666
2021-08-26 16:50:01,2021-08-26 16:50:04,3,17709.40234375
2021-08-26 16:50:05,2021-08-26 16:50:07,2,18784.826171875
2021-08-26 18:17:51,2021-08-26 18:17:52,1,15399.83984375
2021-08-26 18:18:27,2021-08-26 18:18:29,2,21067.9609375
2021-08-26 18:23:56,2021-08-26 18:25:12,76,39938.08891858553
2021-08-26 20:00:54,2021-08-26 20:00:56,2,21696.318359375
2021-08-26 20:04:48,2021-08-26 20:06:03,75,40484.12458333333
2021-08-26 20:10:21,2021-08-26 20:10:23,2,20787.171875
2021-08-26 20:10:37,2021-08-26 20:10:39,2,20869.455078125
2021-08-26 20:10:57,2021-08-26 20:10:58,1,19558.9140625
2021-08-26 20:14:27,2021-08-26 20:16:32,125,77187.14965625
2021-08-26 20:34:02,2021-08-26 20:34:53,51,27615.03707107843
2021-08-26 20:40:43,2021-08-26 20:40:44,1,19876.88671875
2021-08-26 20:45:01,2021-08-26 20:46:09,68,46813.57163373162
2021-08-26 21:52:47,2021-08-26 21:53:39,52,27240.370868389422
2021-08-26 21:54:10,2021-08-26 21:55:01,51,27760.23383884804
2021-08-26 21:57:05,2021-08-26 21:57:56,51,27690.002680759804
2021-08-26 22:25:31,2021-08-26 22:26:22,51,27741.613204656864
2021-08-26 22:52:08,2021-08-26 22:52:59,51,27628.13311887255
2021-08-26 23:32:01,2021-08-26 23:32:53,52,27204.204852764422
2021-08-26 23:34:19,2021-08-26 23:35:10,51,27755.552542892157
2021-08-26 23:35:51,2021-08-26 23:36:42,51,27726.258578431374
2021-08-27 00:09:10,2021-08-27 00:10:01,51,27796.706648284315
2021-08-27 00:43:33,2021-08-27 00:44:25,52,27217.395658052883
2021-08-27 01:14:06,2021-08-27 01:16:22,136,34846.88393267463
2021-08-27 01:53:00,2021-08-27 01:53:52,52,27549.88739483173
2021-08-27 02:28:08,2021-08-27 02:29:00,52,27213.02576622596
2021-08-27 02:59:35,2021-08-27 03:00:26,51,27712.385340073528
2021-08-27 03:01:19,2021-08-27 03:01:20,1,15489.921875
2021-08-27 03:01:29,2021-08-27 03:02:35,66,46510.83718039773
2021-08-27 03:02:38,2021-08-27 03:02:47,9,16505.526041666668
2021-08-27 03:40:04,2021-08-27 03:40:55,51,27700.05108762255
2021-08-27 04:11:49,2021-08-27 04:12:41,52,27314.922325721152
2021-08-27 04:41:46,2021-08-27 04:42:38,52,27417.34870793269
2021-08-27 04:47:17,2021-08-27 04:48:55,98,31379.157007334183
2021-08-27 05:22:07,2021-08-27 05:22:59,52,25548.4755859375
2021-08-27 06:03:47,2021-08-27 06:04:39,52,27157.14978966346
2021-08-27 06:23:35,2021-08-27 06:24:26,51,26404.434972426472
2021-08-27 06:29:19,2021-08-27 06:30:11,52,27373.040564903848
2021-08-27 06:32:07,2021-08-27 06:32:59,52,27194.522686298078
2021-08-27 07:05:50,2021-08-27 07:06:41,51,27603.952512254902
2021-08-27 07:52:17,2021-08-27 07:53:09,52,27170.10479266827
2021-08-27 08:06:47,2021-08-27 08:07:34,47,28550.27883976064
2021-08-27 08:12:21,2021-08-27 08:13:12,51,27688.77902879902
2021-08-27 08:16:30,2021-08-27 08:17:22,52,27152.998798076922
2021-08-27 08:51:14,2021-08-27 08:52:05,51,27620.164675245098
2021-08-27 09:35:51,2021-08-27 09:36:43,52,27180.619290865383
2021-08-27 09:51:01,2021-08-27 09:51:52,51,27717.54718137255
2021-08-27 09:56:24,2021-08-27 09:57:16,52,27412.16691706731
2021-08-27 09:59:38,2021-08-27 09:59:40,2,16711.451171875
2021-08-27 09:59:44,2021-08-27 09:59:45,1,15518.69921875
2021-08-27 10:00:11,2021-08-27 10:00:12,1,16505.57421875
2021-08-27 10:09:03,2021-08-27 10:09:05,2,17808.43359375
2021-08-27 10:12:58,2021-08-27 10:14:11,73,41380.78050085616
2021-08-27 10:32:55,2021-08-27 10:33:46,51,27669.91214767157
2021-08-27 11:17:55,2021-08-27 11:18:48,53,28147.68639445755
2021-08-27 11:29:45,2021-08-27 11:30:37,52,28229.55183293269
2021-08-27 11:37:38,2021-08-27 11:38:30,52,28013.34412560096
2021-08-27 11:52:20,2021-08-27 11:53:11,51,28194.301547181374
2021-08-27 12:13:39,2021-08-27 12:14:30,51,27733.37308517157
2021-08-27 13:04:14,2021-08-27 13:05:06,52,27180.85148737981
2021-08-27 13:10:49,2021-08-27 13:11:41,52,27370.69658954327
2021-08-27 13:19:28,2021-08-27 13:20:20,52,27368.909930889422
2021-08-27 13:35:45,2021-08-27 13:35:47,2,21592.12109375
2021-08-27 13:39:40,2021-08-27 13:40:53,73,41512.401487585616
2021-08-27 13:57:24,2021-08-27 13:58:16,52,27455.125525841348
2021-08-27 14:44:51,2021-08-27 14:45:42,51,28193.170496323528
2021-08-27 14:49:26,2021-08-27 14:50:29,63,35664.0027281746
2021-08-27 14:52:06,2021-08-27 14:52:58,52,27366.898287259617
2021-08-27 15:06:12,2021-08-27 15:07:03,51,27842.959865196077
2021-08-27 15:37:20,2021-08-27 15:38:11,51,27603.595128676472
2021-08-27 15:40:46,2021-08-27 15:41:38,52,28021.46086237981
2021-08-27 16:28:40,2021-08-27 16:29:32,52,27219.24128605769
2021-08-27 16:33:47,2021-08-27 16:34:38,51,27454.086090686276
2021-08-27 17:18:51,2021-08-27 17:19:44,53,27570.464033018867
2021-08-27 17:24:22,2021-08-27 17:25:14,52,27619.12853064904
2021-08-27 18:11:51,2021-08-27 18:12:43,52,27106.247521033652
2021-08-27 18:45:32,2021-08-27 18:46:24,52,27123.38055889423
2021-08-27 18:59:53,2021-08-27 19:00:44,51,27600.797870710783
2021-08-27 19:38:27,2021-08-27 19:39:19,52,25204.31993689904
2021-08-27 20:06:54,2021-08-27 20:07:46,52,27269.54627403846
2021-08-27 20:40:36,2021-08-27 20:41:06,30,27973.0015625
2021-08-27 20:41:14,2021-08-27 20:41:29,15,20158.288020833334
2021-08-27 20:41:39,2021-08-27 20:41:41,2,14490.12109375
2021-08-27 20:46:10,2021-08-27 20:47:01,51,27375.752680759804
2021-08-27 21:37:29,2021-08-27 21:38:21,52,27026.182091346152
2021-08-27 21:58:23,2021-08-27 21:59:15,52,27178.360501802883
2021-08-27 22:22:59,2021-08-27 22:23:51,52,27325.01983173077
2021-08-27 22:28:45,2021-08-27 22:28:48,3,14845.631510416666
2021-08-27 22:28:51,2021-08-27 22:28:54,3,15621.61328125
2021-08-27 22:28:56,2021-08-27 22:29:42,46,23129.867612092392
2021-08-27 23:21:22,2021-08-27 23:21:23,1,13943.1953125
2021-08-27 23:21:24,2021-08-27 23:21:46,22,16151.297052556818
2021-08-27 23:21:47,2021-08-27 23:22:00,13,16251.04717548077
2021-08-27 23:22:01,2021-08-27 23:22:38,37,19508.759923986487
2021-08-27 23:41:43,2021-08-27 23:42:35,52,27142.558368389422
2021-08-28 00:04:04,2021-08-28 00:04:56,52,27425.704326923078
2021-08-28 00:13:31,2021-08-28 00:14:24,53,26905.38782429245
2021-08-28 01:04:55,2021-08-28 01:05:47,52,27109.04942908654
2021-08-28 01:23:25,2021-08-28 01:24:17,52,27199.02899639423
2021-08-28 01:48:00,2021-08-28 01:48:52,52,27411.4853515625
2021-08-28 01:59:05,2021-08-28 01:59:57,52,27085.80461237981
2021-08-28 02:52:28,2021-08-28 02:53:20,52,27157.648888221152
2021-08-28 03:24:49,2021-08-28 03:25:41,52,27140.9814453125
2021-08-28 03:29:15,2021-08-28 03:30:06,51,27677.570925245098
2021-08-28 03:44:31,2021-08-28 03:45:23,52,27133.003380408652
2021-08-28 04:18:30,2021-08-28 04:18:32,2,19530.810546875
2021-08-28 04:36:53,2021-08-28 04:37:45,52,27078.368915264422
2021-08-28 05:09:09,2021-08-28 05:10:00,51,27605.230009191175
2021-08-28 05:27:21,2021-08-28 05:28:13,52,27160.26081730769
2021-08-28 06:18:14,2021-08-28 06:19:06,52,27090.43787560096
2021-08-28 06:26:25,2021-08-28 06:26:27,2,19763.986328125
2021-08-28 06:30:40,2021-08-28 06:31:53,73,41476.19376070205
2021-08-28 07:09:40,2021-08-28 07:10:32,52,27050.227388822117
2021-08-28 08:01:37,2021-08-28 08:02:29,52,27099.33563701923
2021-08-28 08:14:34,2021-08-28 08:15:26,52,27134.8564453125
2021-08-28 09:56:16,2021-08-28 09:57:08,52,27080.644005408652
2021-08-28 10:06:02,2021-08-28 10:06:03,1,16138.64453125
2021-08-28 10:10:03,2021-08-28 10:11:16,73,41431.647581335616
2021-08-28 11:00:39,2021-08-28 11:01:31,52,27211.283653846152
2021-08-28 11:38:19,2021-08-28 11:39:11,52,27172.631685697117
2021-08-28 11:50:24,2021-08-28 11:51:15,51,27462.74885110294
2021-08-28 12:40:15,2021-08-28 12:41:07,52,27181.496844951922
2021-08-28 13:20:28,2021-08-28 13:21:20,52,27160.71672175481
2021-08-28 13:31:22,2021-08-28 13:32:14,52,27181.67578125
2021-08-28 14:22:42,2021-08-28 14:23:34,52,27161.01847956731
2021-08-28 15:01:26,2021-08-28 15:02:18,52,27016.4150390625
2021-08-28 15:15:42,2021-08-28 15:16:34,52,27175.732947716348
2021-08-28 16:08:14,2021-08-28 16:09:06,52,27100.676908052883
2021-08-28 16:59:57,2021-08-28 17:00:49,52,27164.441932091348
2021-08-28 17:52:00,2021-08-28 17:52:52,52,27188.31114783654
2021-08-28 18:43:29,2021-08-28 18:44:21,52,27166.93103966346
2021-08-28 19:33:53,2021-08-28 19:34:45,52,27099.53748497596
2021-08-28 20:25:31,2021-08-28 20:26:24,53,28114.03913620283
2021-08-28 21:19:03,2021-08-28 21:19:55,52,27145.34930889423
2021-08-28 22:12:03,2021-08-28 22:12:55,52,27116.636493389422
2021-08-30 10:24:47,2021-08-30 10:31:59,432,47507.37273039641
2021-08-30 11:09:17,2021-08-30 11:09:19,2,16506.494140625
2021-08-30 23:19:43,2021-08-30 23:25:29,346,46698.348288475434
2021-08-30 23:25:32,2021-08-30 23:26:13,41,29425.838605182926
2021-08-31 08:18:24,2021-08-31 08:25:40,436,47443.286410550456
2021-08-31 14:53:28,2021-08-31 14:57:34,246,52792.433831935974
2021-08-31 14:57:37,2021-08-31 15:00:34,177,44267.997660663845
2021-08-31 17:14:10,2021-08-31 17:21:28,438,45084.51889804509
2021-08-31 19:48:24,2021-08-31 19:54:21,357,43112.48319327731
2021-09-01 00:54:14,2021-09-01 00:54:15,1,20124.87890625
2021-09-01 01:33:44,2021-09-01 01:33:46,2,19825.46875
2021-09-01 08:09:22,2021-09-01 08:11:11,109,47898.53418864679
2021-09-01 08:11:30,2021-09-01 08:14:31,181,35262.00889157459
2021-09-01 16:56:37,2021-09-01 17:02:06,329,38191.34874857523
2021-09-01 19:45:08,2021-09-01 19:50:42,334,38384.77281764596
2021-09-01 23:20:23,2021-09-01 23:25:24,301,35877.871405211794
2021-09-02 12:34:40,2021-09-02 12:40:01,321,42843.52867017134
2021-09-02 16:39:23,2021-09-02 16:44:04,281,47524.93289868772
2021-09-02 20:28:58,2021-09-02 20:31:21,143,51087.28676791958
2021-09-02 20:31:28,2021-09-02 20:33:53,145,36158.004256465516
2021-09-02 21:13:56,2021-09-02 21:19:56,360,32201.457975260415
2021-09-02 21:20:09,2021-09-02 21:20:52,43,29752.27489098837
2021-09-02 21:47:36,2021-09-02 21:51:50,254,35284.90494279035
2021-09-02 21:51:52,2021-09-02 21:52:38,46,25802.993716032608
2021-09-03 11:33:52,2021-09-03 11:40:18,386,45856.48672279793
2021-09-03 13:42:17,2021-09-03 13:46:47,270,38383.468764467594
2021-09-03 14:04:03,2021-09-03 14:09:13,310,36104.07231602823
2021-09-15 14:33:17,2021-09-15 14:33:21,4,17071.5654296875
2021-09-17 14:49:39,2021-09-17 14:49:48,9,21562.57638888889
2021-09-28 09:12:49,2021-09-28 09:12:57,8,16622.72900390625
2021-09-30 08:58:36,2021-09-30 08:58:37,1,14147.0
2021-09-30 10:03:24,2021-09-30 10:03:27,3,18399.8203125
2021-09-30 20:41:45,2021-09-30 20:41:48,3,16880.743489583332
2021-10-08 16:40:37,2021-10-08 16:40:41,4,14883.8681640625
2021-10-26 19:07:59,2021-10-26 19:08:00,1,16303.19140625
2021-11-12 17:47:09,2021-11-12 17:47:10,1,13960.12109375
2021-11-12 20:18:51,2021-11-12 20:18:52,1,13936.74609375
2021-11-12 20:19:00,2021-11-12 20:19:01,1,14250.5859375
2021-11-12 20:19:05,2021-11-12 20:19:06,1,14086.1640625
2021-11-12 20:19:18,2021-11-12 20:19:19,1,13890.078125
2021-11-12 20:19:24,2021-11-12 20:19:25,1,14294.93359375
2021-11-12 20:19:26,2021-11-12 20:19:27,1,13854.61328125
2021-11-12 20:19:55,2021-11-12 20:19:56,1,14449.8828125
2021-11-12 20:20:07,2021-11-12 20:20:09,2,13877.736328125
2021-11-12 20:20:22,2021-11-12 20:20:25,3,14069.24609375
2021-11-12 20:20:26,2021-11-12 20:20:30,4,14191.3369140625
2021-11-12 20:20:42,2021-11-12 20:20:43,1,13903.6484375
2021-11-12 20:21:01,2021-11-12 20:21:03,2,14005.8671875
2021-11-12 20:21:08,2021-11-12 20:21:09,1,14131.2421875
2021-11-12 20:21:17,2021-11-12 20:21:18,1,14477.484375
2021-11-12 20:21:20,2021-11-12 20:21:21,1,14297.62890625
2021-11-12 20:21:53,2021-11-12 20:21:54,1,14136.14453125
2021-11-12 20:21:55,2021-11-12 20:21:56,1,14291.296875
2021-11-12 20:22:07,2021-11-12 20:22:08,1,14203.53515625
2021-11-12 20:22:10,2021-11-12 20:22:11,1,14248.4921875
2021-11-12 20:22:14,2021-11-12 20:22:15,1,14050.76953125
2021-11-12 20:22:16,2021-11-12 20:22:17,1,14131.82421875
2021-11-12 20:22:28,2021-11-12 20:22:29,1,13865.7890625
2021-11-12 20:22:53,2021-11-12 20:22:54,1,14007.95703125
2021-11-12 20:22:58,2021-11-12 20:22:59,1,13954.03125
2021-11-12 20:23:04,2021-11-12 20:23:06,2,14169.11328125
2021-11-12 20:23:09,2021-11-12 20:23:12,3,14197.787760416666
2021-11-12 20:23:13,2021-11-12 20:23:15,2,14034.23828125
2021-11-12 20:23:16,2021-11-12 20:23:17,1,14379.765625
2021-11-12 20:23:19,2021-11-12 20:23:21,2,14414.41015625
2021-11-12 20:23:24,2021-11-12 20:23:26,2,14176.40234375
2021-11-12 20:23:27,2021-11-12 20:23:28,1,14256.8984375
2021-11-12 20:23:31,2021-11-12 20:23:33,2,14204.8984375
2021-11-12 20:23:36,2021-11-12 20:23:37,1,13928.55078125
2021-11-12 20:24:02,2021-11-12 20:24:05,3,14467.813802083334
2021-11-12 20:24:06,2021-11-12 20:24:09,3,13953.89453125
2021-11-12 20:24:13,2021-11-12 20:24:14,1,14536.38671875
2021-11-12 20:24:15,2021-11-12 20:24:16,1,14077.1328125
2021-11-12 20:24:19,2021-11-12 20:24:21,2,14350.681640625
2021-11-12 20:24:22,2021-11-12 20:24:23,1,13923.4921875
2021-11-12 20:24:54,2021-11-12 20:24:55,1,14171.89453125
2021-11-12 20:25:12,2021-11-12 20:25:14,2,14005.30078125
2021-11-12 20:25:28,2021-11-12 20:25:29,1,13969.34375
2021-11-12 20:25:38,2021-11-12 20:25:39,1,14030.875
2021-11-12 20:26:26,2021-11-12 20:26:27,1,14075.7578125
2021-11-12 20:26:33,2021-11-12 20:26:34,1,13940.5234375
2021-11-12 20:26:36,2021-11-12 20:26:37,1,14143.55078125
2021-11-12 20:26:48,2021-11-12 20:26:49,1,14096.37109375
2021-11-12 20:27:38,2021-11-12 20:27:40,2,14238.12109375
2021-11-12 20:27:41,2021-11-12 20:27:44,3,13984.154947916666
2021-11-12 20:27:45,2021-11-12 20:27:46,1,14139.44140625
2021-11-12 20:27:51,2021-11-12 20:27:52,1,13907.7890625
2021-11-12 20:27:56,2021-11-12 20:27:57,1,13884.0078125
2021-11-12 20:28:32,2021-11-12 20:28:36,4,14342.3076171875
2021-11-12 20:28:39,2021-11-12 20:28:40,1,14042.37890625
2021-11-12 20:28:44,2021-11-12 20:28:45,1,14068.7734375
2021-11-12 20:28:58,2021-11-12 20:28:59,1,14009.1328125
2021-11-12 20:29:03,2021-11-12 20:29:04,1,13858.8984375
2021-11-12 20:30:03,2021-11-12 20:30:04,1,14222.1015625
2021-11-12 20:30:05,2021-11-12 20:30:06,1,14239.265625
2021-11-12 20:30:10,2021-11-12 20:30:11,1,14590.8828125
2021-11-12 20:30:14,2021-11-12 20:30:16,2,14365.92578125
2021-11-12 20:30:20,2021-11-12 20:30:21,1,14154.67578125
2021-11-12 20:30:41,2021-11-12 20:30:42,1,14102.23828125
2021-11-12 20:31:02,2021-11-12 20:31:03,1,14093.9921875
2021-11-12 20:31:13,2021-11-12 20:31:16,3,14428.30078125
2021-11-12 20:31:19,2021-11-12 20:31:20,1,14018.73046875
2021-11-12 20:31:21,2021-11-12 20:31:22,1,14558.78125
2021-11-12 20:31:30,2021-11-12 20:31:32,2,14170.013671875
2021-11-12 20:32:10,2021-11-12 20:32:11,1,14667.4765625
2021-11-12 20:32:18,2021-11-12 20:32:19,1,13870.33984375
2021-11-12 20:32:34,2021-11-12 20:32:35,1,13979.71484375
2021-11-12 20:33:07,2021-11-12 20:33:08,1,14068.26171875
2021-11-12 20:33:14,2021-11-12 20:33:16,2,14175.8671875
2021-11-12 20:33:30,2021-11-12 20:33:31,1,13919.83984375
2021-11-12 20:33:32,2021-11-12 20:33:34,2,13880.740234375
2021-11-12 20:33:35,2021-11-12 20:33:37,2,14037.048828125
2021-11-12 20:33:40,2021-11-12 20:33:44,4,14447.8017578125
2021-11-12 20:34:30,2021-11-12 20:34:31,1,13885.71484375
2021-11-12 20:34:34,2021-11-12 20:34:35,1,13972.0625
2021-11-12 20:34:39,2021-11-12 20:34:41,2,14548.27734375
2021-11-12 20:34:47,2021-11-12 20:34:49,2,14147.6796875
2021-11-12 20:34:51,2021-11-12 20:34:52,1,14246.875
2021-11-12 20:34:54,2021-11-12 20:34:56,2,13938.96484375
2021-11-12 20:35:30,2021-11-12 20:35:32,2,14376.66796875
2021-11-12 20:35:37,2021-11-12 20:35:38,1,14795.14453125
2021-11-12 20:35:39,2021-11-12 20:35:40,1,13934.06640625
2021-11-12 20:35:44,2021-11-12 20:35:46,2,14210.302734375
2021-11-12 20:35:47,2021-11-12 20:35:49,2,14035.521484375
2021-11-12 20:35:55,2021-11-12 20:35:56,1,14029.5
2021-11-12 20:35:59,2021-11-12 20:36:00,1,13854.73046875
2021-11-12 20:36:42,2021-11-12 20:36:43,1,14293.14453125
2021-11-12 20:36:54,2021-11-12 20:36:55,1,14190.9453125
2021-11-12 20:36:57,2021-11-12 20:37:00,3,13982.416666666666
2021-11-12 20:37:02,2021-11-12 20:37:03,1,14222.10546875
2021-11-12 20:37:35,2021-11-12 20:37:36,1,14426.12109375
2021-11-12 20:38:33,2021-11-12 20:38:34,1,14151.44921875
2021-11-12 20:38:39,2021-11-12 20:38:41,2,13877.611328125
2021-11-12 20:39:57,2021-11-12 20:39:58,1,14060.71484375
2021-11-12 20:40:00,2021-11-12 20:40:01,1,14126.16796875
2021-11-12 20:40:13,2021-11-12 20:40:14,1,13934.13671875
2021-11-12 20:40:15,2021-11-12 20:40:16,1,14020.75
2021-11-12 20:40:26,2021-11-12 20:40:27,1,14473.8671875
2021-11-12 20:40:30,2021-11-12 20:40:31,1,14188.90234375
2021-11-12 20:40:32,2021-11-12 20:40:33,1,15388.03515625
2021-11-12 20:40:43,2021-11-12 20:40:44,1,13943.1171875
2021-11-12 20:41:45,2021-11-12 20:41:46,1,14085.09765625
2021-11-12 20:41:47,2021-11-12 20:41:48,1,14022.3359375
2021-11-12 20:41:51,2021-11-12 20:41:52,1,14100.80078125
2021-11-12 20:42:04,2021-11-12 20:42:06,2,14143.611328125
2021-11-12 20:42:26,2021-11-12 20:42:27,1,13872.33984375
2021-11-12 20:42:45,2021-11-12 20:42:46,1,14057.77734375
2021-11-12 20:42:48,2021-11-12 20:42:51,3,13985.735677083334
2021-11-12 20:42:54,2021-11-12 20:42:57,3,14467.729166666666
2021-11-12 20:43:09,2021-11-12 20:43:10,1,14079.33203125
2021-11-12 20:43:11,2021-11-12 20:43:12,1,13930.328125
2021-11-12 20:43:15,2021-11-12 20:43:17,2,14100.8359375
2021-11-12 20:44:13,2021-11-12 20:44:14,1,14124.42578125
2021-11-12 20:44:17,2021-11-12 20:44:19,2,14017.498046875
2021-11-12 20:44:25,2021-11-12 20:44:26,1,13887.17578125
2021-11-12 20:44:31,2021-11-12 20:44:33,2,14165.125
2021-11-12 20:44:34,2021-11-12 20:44:35,1,14491.8671875
2021-11-12 20:44:54,2021-11-12 20:44:55,1,13909.92578125
2021-11-12 20:45:01,2021-11-12 20:45:02,1,13899.359375
2021-11-12 20:45:16,2021-11-12 20:45:17,1,14016.58984375
2021-11-12 20:45:19,2021-11-12 20:45:20,1,14080.4765625
2021-11-12 20:46:11,2021-11-12 20:46:14,3,13986.578125
2021-11-12 20:46:18,2021-11-12 20:46:19,1,14277.3515625
2021-11-12 20:46:23,2021-11-12 20:46:24,1,14487.34375
2021-11-12 20:46:27,2021-11-12 20:46:29,2,13941.521484375
2021-11-12 20:47:08,2021-11-12 20:47:09,1,13985.98828125
2021-11-12 20:47:13,2021-11-12 20:47:14,1,13904.5078125
2021-11-12 20:47:18,2021-11-12 20:47:19,1,13978.16796875
2021-11-12 20:47:24,2021-11-12 20:47:25,1,14246.42578125
2021-11-12 20:47:26,2021-11-12 20:47:27,1,14456.3359375
2021-11-12 20:47:35,2021-11-12 20:47:37,2,14020.419921875
2021-11-12 20:48:25,2021-11-12 20:48:26,1,14065.04296875
2021-11-12 20:48:32,2021-11-12 20:48:33,1,13990.4453125
2021-11-12 20:48:39,2021-11-12 20:48:40,1,14031.9609375
2021-11-12 20:48:46,2021-11-12 20:48:47,1,13979.75390625
2021-11-12 20:48:53,2021-11-12 20:48:54,1,13907.2421875
2021-11-12 20:49:06,2021-11-12 20:49:07,1,13909.10546875
2021-11-12 20:49:33,2021-11-12 20:49:34,1,14026.36328125
2021-11-12 20:49:38,2021-11-12 20:49:39,1,13966.0625
2021-11-12 20:49:47,2021-11-12 20:49:49,2,14007.232421875
2021-11-12 20:50:05,2021-11-12 20:50:06,1,14016.18359375
2021-11-12 20:50:11,2021-11-12 20:50:12,1,14267.03125
2021-11-12 20:50:39,2021-11-12 20:50:40,1,14001.4453125
2021-11-12 20:50:44,2021-11-12 20:50:46,2,14142.009765625
2021-11-12 20:50:52,2021-11-12 20:50:53,1,14290.13671875
2021-11-12 20:51:07,2021-11-12 20:51:09,2,13871.82421875
2021-11-12 20:51:18,2021-11-12 20:51:19,1,13895.12890625
2021-11-12 20:51:38,2021-11-12 20:51:39,1,14043.6484375
2021-11-12 20:52:22,2021-11-12 20:52:24,2,14129.966796875
2021-11-12 20:52:40,2021-11-12 20:52:41,1,13865.0859375
2021-11-12 20:52:59,2021-11-12 20:53:00,1,13857.203125
2021-11-12 20:53:16,2021-11-12 20:53:17,1,14085.90625
2021-11-12 20:53:21,2021-11-12 20:53:23,2,14344.12890625
2021-11-12 20:53:27,2021-11-12 20:53:28,1,13965.37109375
2021-11-12 20:53:48,2021-11-12 20:53:49,1,14071.46484375
2021-11-12 20:54:03,2021-11-12 20:54:04,1,13891.74609375
2021-11-12 20:54:19,2021-11-12 20:54:20,1,14411.375
2021-11-12 20:54:22,2021-11-12 20:54:23,1,14133.59375
2021-11-12 20:54:24,2021-11-12 20:54:25,1,14146.45703125
2021-11-12 20:54:27,2021-11-12 20:54:29,2,14071.7265625
2021-11-12 20:54:30,2021-11-12 20:54:31,1,14086.08203125
2021-11-12 20:54:37,2021-11-12 20:54:40,3,14108.6875
2021-11-12 20:55:10,2021-11-12 20:55:11,1,13896.0703125
2021-11-12 20:55:41,2021-11-12 20:55:43,2,14007.927734375
2021-11-12 20:55:46,2021-11-12 20:55:47,1,13872.58203125
2021-11-12 20:55:54,2021-11-12 20:55:57,3,13917.885416666666
2021-11-12 20:56:00,2021-11-12 20:56:02,2,13944.625
2021-11-12 20:56:09,2021-11-12 20:56:10,1,14039.8671875
2021-11-12 20:56:32,2021-11-12 20:56:33,1,13859.5859375
2021-11-12 20:56:49,2021-11-12 20:56:51,2,14081.939453125
2021-11-12 20:56:54,2021-11-12 20:56:55,1,14127.9765625
2021-11-12 20:57:27,2021-11-12 20:57:28,1,13964.78125
2021-11-12 20:57:29,2021-11-12 20:57:30,1,13868.48828125
2021-11-12 20:57:36,2021-11-12 20:57:38,2,14296.345703125
2021-11-12 20:58:08,2021-11-12 20:58:09,1,13980.6796875
2021-11-12 20:58:25,2021-11-12 20:58:26,1,13918.2578125
2021-11-12 20:58:28,2021-11-12 20:58:29,1,13893.74609375
2021-11-12 20:58:30,2021-11-12 20:58:32,2,13994.82421875
2021-11-12 20:58:44,2021-11-12 20:58:45,1,14450.44921875
2021-11-12 20:59:11,2021-11-12 20:59:12,1,13856.75390625
2021-11-12 20:59:28,2021-11-12 20:59:29,1,14089.9921875
2021-11-12 20:59:47,2021-11-12 20:59:48,1,14288.73046875
2021-11-12 20:59:52,2021-11-12 20:59:53,1,13957.55859375
2021-11-12 21:00:00,2021-11-12 21:00:01,1,14181.56640625
2021-11-12 21:00:40,2021-11-12 21:00:41,1,13906.84765625
2021-11-12 21:00:44,2021-11-12 21:00:45,1,14168.8515625
2021-11-12 21:00:50,2021-11-12 21:00:51,1,14244.57421875
2021-11-12 21:00:53,2021-11-12 21:00:54,1,14107.94140625
2021-11-12 21:00:56,2021-11-12 21:00:57,1,13892.76171875
2021-11-12 21:01:40,2021-11-12 21:01:43,3,14266.485677083334
2021-11-12 21:01:51,2021-11-12 21:01:52,1,13939.50390625
2021-11-12 21:01:58,2021-11-12 21:02:00,2,14244.7421875
2021-11-12 21:02:26,2021-11-12 21:02:27,1,13969.78515625
2021-11-12 21:02:44,2021-11-12 21:02:45,1,14062.66796875
2021-11-12 21:02:48,2021-11-12 21:02:50,2,14151.78125
2021-11-12 21:02:52,2021-11-12 21:02:53,1,14017.51171875
2021-11-12 21:02:55,2021-11-12 21:02:56,1,14012.91796875
2021-11-12 21:03:04,2021-11-12 21:03:06,2,14045.900390625
2021-11-12 21:03:54,2021-11-12 21:03:55,1,13921.83984375
2021-11-12 21:04:06,2021-11-12 21:04:07,1,14558.55078125
2021-11-12 21:05:11,2021-11-12 21:05:12,1,14386.4609375
2021-11-12 21:05:13,2021-11-12 21:05:14,1,14107.39453125
2021-11-12 21:05:35,2021-11-12 21:05:36,1,14248.703125
2021-11-12 21:05:51,2021-11-12 21:05:52,1,13862.90625
2021-11-12 21:06:26,2021-11-12 21:06:27,1,13928.8671875
2021-11-12 21:06:43,2021-11-12 21:06:44,1,13908.3359375
2021-11-12 21:06:45,2021-11-12 21:06:50,5,14175.82265625
2021-11-12 21:06:54,2021-11-12 21:06:56,2,14460.37109375
2021-11-12 21:06:57,2021-11-12 21:06:59,2,14405.275390625
2021-11-12 21:07:01,2021-11-12 21:07:06,5,14107.27109375
2021-11-12 21:07:07,2021-11-12 21:07:10,3,14105.549479166666
2021-11-12 21:07:22,2021-11-12 21:07:25,3,14293.075520833334
2021-11-12 21:07:27,2021-11-12 21:07:28,1,14185.63671875
2021-11-12 21:07:38,2021-11-12 21:07:39,1,13949.1015625
2021-11-12 21:07:57,2021-11-12 21:08:02,5,14231.70390625
2021-11-12 21:08:29,2021-11-12 21:08:30,1,13918.50390625
2021-11-12 21:08:31,2021-11-12 21:08:32,1,13854.34765625
2021-11-12 21:08:40,2021-11-12 21:08:42,2,14351.93359375
2021-11-12 21:08:43,2021-11-12 21:08:49,6,14385.315104166666
2021-11-12 21:09:02,2021-11-12 21:09:03,1,13900.91796875
2021-11-12 21:09:08,2021-11-12 21:09:10,2,14364.658203125
2021-11-12 21:09:23,2021-11-12 21:09:25,2,14036.58984375
2021-11-12 21:09:26,2021-11-12 21:09:27,1,14199.36328125
2021-11-12 21:09:39,2021-11-12 21:09:41,2,13919.92578125
2021-11-12 21:09:44,2021-11-12 21:09:45,1,14087.42578125
2021-11-12 21:09:55,2021-11-12 21:09:56,1,14163.0859375
2021-11-12 21:10:09,2021-11-12 21:10:10,1,13896.58203125
2021-11-12 21:10:26,2021-11-12 21:10:27,1,14341.46484375
2021-11-12 21:10:33,2021-11-12 21:10:34,1,14140.875
2021-11-12 21:10:35,2021-11-12 21:10:38,3,13945.268229166666
2021-11-12 21:10:51,2021-11-12 21:10:52,1,14085.85546875
2021-11-12 21:10:57,2021-11-12 21:10:58,1,14101.41015625
2021-11-12 21:11:02,2021-11-12 21:11:03,1,14128.26171875
2021-11-12 21:11:24,2021-11-12 21:11:25,1,13950.00390625
2021-11-12 21:11:32,2021-11-12 21:11:33,1,13913.03515625
2021-11-12 21:11:58,2021-11-12 21:12:00,2,14163.48828125
2021-11-12 21:12:01,2021-11-12 21:12:03,2,14041.291015625
2021-11-12 21:12:04,2021-11-12 21:12:05,1,13911.2734375
2021-11-12 21:12:12,2021-11-12 21:12:13,1,13904.04296875
2021-11-12 21:12:42,2021-11-12 21:12:43,1,13944.0234375
2021-11-12 21:13:09,2021-11-12 21:13:10,1,13899.12890625
2021-11-12 21:13:12,2021-11-12 21:13:13,1,14374.92578125
2021-11-12 21:13:17,2021-11-12 21:13:19,2,14238.796875
2021-11-12 21:13:34,2021-11-12 21:13:35,1,14035.44140625
2021-11-12 21:13:47,2021-11-12 21:13:48,1,14166.7421875
2021-11-12 21:13:57,2021-11-12 21:13:58,1,13917.9375
2021-11-12 21:14:48,2021-11-12 21:14:49,1,13995.05859375
2021-11-12 21:14:54,2021-11-12 21:14:56,2,14112.013671875
2021-11-12 21:15:09,2021-11-12 21:15:10,1,14464.11328125
2021-11-12 21:15:12,2021-11-12 21:15:13,1,14200.86328125
2021-11-12 21:15:44,2021-11-12 21:15:45,1,14211.09375
2021-11-12 21:15:55,2021-11-12 21:15:56,1,13874.52734375
2021-11-12 21:16:17,2021-11-12 21:16:18,1,14231.015625
2021-11-12 21:16:35,2021-11-12 21:16:36,1,13956.515625
2021-11-12 21:16:41,2021-11-12 21:16:43,2,14002.88671875
2021-11-12 21:16:44,2021-11-12 21:16:46,2,13931.65234375
2021-11-12 21:16:50,2021-11-12 21:16:52,2,14279.408203125
2021-11-12 21:17:06,2021-11-12 21:17:07,1,14081.64453125
2021-11-12 21:17:14,2021-11-12 21:17:15,1,14107.30859375
2021-11-12 21:17:47,2021-11-12 21:17:48,1,14178.52734375
2021-11-12 21:17:49,2021-11-12 21:17:52,3,14484.015625
2021-11-12 21:17:55,2021-11-12 21:17:56,1,14128.359375
2021-11-12 21:17:58,2021-11-12 21:17:59,1,13867.70703125
2021-11-12 21:18:05,2021-11-12 21:18:08,3,13968.790364583334
2021-11-12 21:18:12,2021-11-12 21:18:15,3,14313.252604166666
2021-11-12 21:19:02,2021-11-12 21:19:03,1,13909.86328125
2021-11-12 21:19:10,2021-11-12 21:19:12,2,13986.998046875
2021-11-12 21:19:24,2021-11-12 21:19:25,1,13959.58203125
2021-11-12 21:19:27,2021-11-12 21:19:28,1,14270.60546875
2021-11-12 21:19:31,2021-11-12 21:19:32,1,13887.84375
2021-11-12 21:20:04,2021-11-12 21:20:05,1,13937.08984375
2021-11-12 21:20:08,2021-11-12 21:20:09,1,13991.05078125
2021-11-12 21:20:54,2021-11-12 21:20:55,1,14014.05078125
2021-11-12 21:20:57,2021-11-12 21:20:58,1,13989.48046875
2021-11-12 21:21:12,2021-11-12 21:21:13,1,13903.61328125
2021-11-12 21:21:31,2021-11-12 21:21:32,1,14091.375
2021-11-12 21:22:03,2021-11-12 21:22:05,2,14048.828125
2021-11-12 21:22:21,2021-11-12 21:22:23,2,14219.537109375
2021-11-12 21:22:31,2021-11-12 21:22:32,1,13881.37890625
2021-11-12 21:22:36,2021-11-12 21:22:37,1,14227.6640625
2021-11-12 21:22:42,2021-11-12 21:22:44,2,13977.720703125
2021-11-12 21:22:51,2021-11-12 21:22:52,1,14162.9609375
2021-11-12 21:22:53,2021-11-12 21:22:54,1,14306.828125
2021-11-12 21:23:28,2021-11-12 21:23:29,1,14539.46484375
2021-11-12 21:23:39,2021-11-12 21:23:40,1,14454.28515625
2021-11-12 21:23:49,2021-11-12 21:23:50,1,14043.421875
2021-11-12 21:24:02,2021-11-12 21:24:03,1,14060.1484375
2021-11-12 21:24:46,2021-11-12 21:24:47,1,13920.76953125
2021-11-12 21:24:50,2021-11-12 21:24:53,3,14085.36328125
2021-11-12 21:24:55,2021-11-12 21:24:56,1,14090.765625
2021-11-12 21:25:35,2021-11-12 21:25:36,1,14051.51171875
2021-11-12 21:25:37,2021-11-12 21:25:38,1,14226.61328125
2021-11-12 21:25:42,2021-11-12 21:25:43,1,14347.23046875
2021-11-12 21:26:43,2021-11-12 21:26:44,1,14002.046875
2021-11-12 21:26:50,2021-11-12 21:26:51,1,14230.59765625
2021-11-12 21:27:19,2021-11-12 21:27:20,1,13923.19921875
2021-11-12 21:28:11,2021-11-12 21:28:12,1,13911.1796875
2021-11-12 21:28:24,2021-11-12 21:28:29,5,14222.23125
2021-11-12 21:28:30,2021-11-12 21:28:31,1,13882.1953125
2021-11-12 21:28:32,2021-11-12 21:28:33,1,14329.8671875
2021-11-12 21:28:46,2021-11-12 21:28:47,1,13858.19140625
2021-11-12 21:28:54,2021-11-12 21:28:56,2,13933.982421875
2021-11-12 21:29:36,2021-11-12 21:29:37,1,13952.01171875
2021-11-12 21:29:51,2021-11-12 21:29:53,2,14136.599609375
2021-11-12 21:29:56,2021-11-12 21:30:01,5,13979.46875
2021-11-12 21:30:11,2021-11-12 21:30:12,1,13992.68359375
2021-11-12 21:30:13,2021-11-12 21:30:15,2,13895.220703125
2021-11-12 21:30:26,2021-11-12 21:30:27,1,13897.12890625
2021-11-12 21:30:34,2021-11-12 21:30:35,1,13953.875
2021-11-12 21:30:40,2021-11-12 21:30:41,1,13969.3359375
2021-11-12 21:31:06,2021-11-12 21:31:08,2,14449.9609375
2021-11-12 21:31:09,2021-11-12 21:31:10,1,13951.8046875
2021-11-12 21:31:12,2021-11-12 21:31:13,1,14247.24609375
2021-11-12 21:31:15,2021-11-12 21:31:16,1,13937.9453125
2021-11-12 21:31:17,2021-11-12 21:31:18,1,14009.515625
2021-11-12 21:31:21,2021-11-12 21:31:22,1,14505.05078125
2021-11-12 21:31:32,2021-11-12 21:31:34,2,14392.501953125
2021-11-12 21:31:37,2021-11-12 21:31:42,5,14300.3203125
2021-11-12 21:31:46,2021-11-12 21:31:48,2,14050.482421875
2021-11-12 21:32:18,2021-11-12 21:32:22,4,14374.44140625
2021-11-12 21:32:26,2021-11-12 21:32:27,1,13884.25
2021-11-12 21:32:36,2021-11-12 21:32:37,1,14121.52734375
2021-11-12 21:32:40,2021-11-12 21:32:41,1,14280.3671875
2021-11-12 21:33:05,2021-11-12 21:33:06,1,14091.0078125
2021-11-12 21:33:12,2021-11-12 21:33:13,1,14219.01171875
2021-11-12 21:33:18,2021-11-12 21:33:19,1,13984.40625
2021-11-12 21:33:32,2021-11-12 21:33:33,1,13948.54296875
2021-11-12 21:33:46,2021-11-12 21:33:47,1,14028.5703125
2021-11-12 21:33:51,2021-11-12 21:33:52,1,13854.87109375
2021-11-12 21:33:56,2021-11-12 21:33:57,1,14013.890625
2021-11-12 21:34:00,2021-11-12 21:34:01,1,14049.69140625
2021-11-12 21:34:04,2021-11-12 21:34:05,1,13959.96875
2021-11-12 21:34:41,2021-11-12 21:34:43,2,14071.4453125
2021-11-12 21:34:57,2021-11-12 21:34:59,2,13898.27734375
2021-11-12 21:35:02,2021-11-12 21:35:03,1,13868.37890625
2021-11-12 21:35:06,2021-11-12 21:35:07,1,13946.1171875
2021-11-12 21:35:41,2021-11-12 21:35:42,1,14001.484375
2021-11-12 21:36:04,2021-11-12 21:36:05,1,14548.01171875
2021-11-12 21:36:09,2021-11-12 21:36:11,2,13933.193359375
2021-11-12 21:36:17,2021-11-12 21:36:18,1,14064.25
2021-11-12 21:36:19,2021-11-12 21:36:20,1,13956.54296875
2021-11-12 21:36:49,2021-11-12 21:36:50,1,14287.515625
2021-11-12 21:37:01,2021-11-12 21:37:02,1,13980.27734375
2021-11-12 21:37:15,2021-11-12 21:37:16,1,14090.16015625
2021-11-12 21:38:02,2021-11-12 21:38:04,2,14058.69921875
2021-11-12 21:38:20,2021-11-12 21:38:21,1,13932.65234375
2021-11-12 21:38:47,2021-11-12 21:38:49,2,14388.763671875
2021-11-12 21:38:52,2021-11-12 21:38:53,1,13987.2265625
2021-11-12 21:39:19,2021-11-12 21:39:20,1,14537.46484375
2021-11-12 21:39:29,2021-11-12 21:39:31,2,13916.408203125
2021-11-12 21:40:01,2021-11-12 21:40:02,1,13925.6640625
2021-11-12 21:40:29,2021-11-12 21:40:30,1,14024.04296875
2021-11-12 21:40:35,2021-11-12 21:40:36,1,13890.578125
2021-11-12 21:40:51,2021-11-12 21:40:53,2,14430.345703125
2021-11-12 21:40:56,2021-11-12 21:40:58,2,14010.01171875
2021-11-12 21:41:04,2021-11-12 21:41:05,1,13899.40625
2021-11-12 21:41:27,2021-11-12 21:41:28,1,14078.421875
2021-11-12 21:41:37,2021-11-12 21:41:38,1,14492.28515625
2021-11-12 21:41:53,2021-11-12 21:41:54,1,14230.0
2021-11-12 21:41:58,2021-11-12 21:42:01,3,14241.671875
2021-11-12 21:42:05,2021-11-12 21:42:08,3,14097.21875
2021-11-12 21:42:16,2021-11-12 21:42:17,1,14167.484375
2021-11-12 21:42:21,2021-11-12 21:42:22,1,14460.25
2021-11-12 21:42:55,2021-11-12 21:42:56,1,13903.234375
2021-11-12 21:42:57,2021-11-12 21:42:58,1,14190.1484375
2021-11-12 21:42:59,2021-11-12 21:43:00,1,14083.09375
2021-11-12 21:43:03,2021-11-12 21:43:07,4,14021.388671875
2021-11-12 21:43:13,2021-11-12 21:43:18,5,14241.3875
2021-11-12 21:43:20,2021-11-12 21:43:21,1,13968.8984375
2021-11-12 21:43:24,2021-11-12 21:43:25,1,14325.26171875
2021-11-12 21:44:17,2021-11-12 21:44:19,2,14022.837890625
2021-11-12 21:44:25,2021-11-12 21:44:26,1,14101.04296875
2021-11-12 21:44:32,2021-11-12 21:44:33,1,14109.390625
2021-11-12 21:45:03,2021-11-12 21:45:05,2,14026.89453125
2021-11-12 21:45:07,2021-11-12 21:45:08,1,14380.29296875
2021-11-12 21:45:20,2021-11-12 21:45:21,1,14067.82421875
2021-11-12 21:46:10,2021-11-12 21:46:14,4,14003.99609375
2021-11-12 21:46:16,2021-11-12 21:46:17,1,13973.5078125
2021-11-12 21:46:18,2021-11-12 21:46:20,2,14059.888671875
2021-11-12 21:46:24,2021-11-12 21:46:25,1,13961.48046875
2021-11-12 21:46:26,2021-11-12 21:46:27,1,14041.984375
2021-11-12 21:46:32,2021-11-12 21:46:34,2,14091.3203125
2021-11-12 21:47:27,2021-11-12 21:47:28,1,14298.95703125
2021-11-12 21:47:32,2021-11-12 21:47:34,2,13917.845703125
2021-11-12 21:47:44,2021-11-12 21:47:45,1,14031.93359375
2021-11-12 21:47:49,2021-11-12 21:47:50,1,14195.92578125
2021-11-12 21:48:38,2021-11-12 21:48:39,1,14026.03125
2021-11-12 21:48:42,2021-11-12 21:48:43,1,14229.1171875
2021-11-12 21:49:42,2021-11-12 21:49:43,1,14032.59765625
2021-11-12 21:50:34,2021-11-12 21:50:36,2,14111.685546875
2021-11-12 21:50:37,2021-11-12 21:50:38,1,13995.34375
2021-11-12 21:50:40,2021-11-12 21:50:41,1,14165.70703125
2021-11-12 21:50:49,2021-11-12 21:50:50,1,14116.125
2021-11-12 21:50:51,2021-11-12 21:50:52,1,14581.453125
2021-11-12 21:51:03,2021-11-12 21:51:04,1,14122.96875
2021-11-12 21:51:24,2021-11-12 21:51:25,1,14163.140625
2021-11-12 21:51:37,2021-11-12 21:51:38,1,13951.703125
2021-11-12 21:52:20,2021-11-12 21:52:21,1,14044.0859375
2021-11-12 21:52:23,2021-11-12 21:52:26,3,14083.497395833334
2021-11-12 21:52:27,2021-11-12 21:52:28,1,14232.765625
2021-11-12 21:52:29,2021-11-12 21:52:31,2,14183.1015625
2021-11-12 21:52:34,2021-11-12 21:52:36,2,14136.4453125
2021-11-12 21:52:43,2021-11-12 21:52:44,1,14330.05859375
2021-11-12 21:53:17,2021-11-12 21:53:18,1,14240.0859375
2021-11-12 21:53:33,2021-11-12 21:53:34,1,13970.23046875
2021-11-12 21:53:35,2021-11-12 21:53:37,2,14253.75390625
2021-11-12 21:53:39,2021-11-12 21:53:40,1,14345.5546875
2021-11-12 21:54:31,2021-11-12 21:54:32,1,13901.9453125
2021-11-12 21:54:36,2021-11-12 21:54:38,2,13884.138671875
2021-11-12 21:54:41,2021-11-12 21:54:43,2,13969.833984375
2021-11-12 21:54:45,2021-11-12 21:54:46,1,14466.49609375
2021-11-12 21:54:47,2021-11-12 21:54:48,1,14222.18359375
2021-11-12 21:54:53,2021-11-12 21:54:54,1,14172.4921875
2021-11-12 21:54:57,2021-11-12 21:54:58,1,13895.96484375
2021-11-12 21:55:09,2021-11-12 21:55:10,1,13909.69921875
2021-11-12 21:55:14,2021-11-12 21:55:15,1,13873.05078125
2021-11-12 21:55:32,2021-11-12 21:55:33,1,14064.29296875
2021-11-12 21:55:36,2021-11-12 21:55:38,2,14124.466796875
2021-11-12 21:55:43,2021-11-12 21:55:44,1,14189.32421875
2021-11-12 21:56:10,2021-11-12 21:56:11,1,13966.453125
2021-11-12 21:56:53,2021-11-12 21:56:54,1,14417.24609375
2021-11-12 21:56:55,2021-11-12 21:56:56,1,13890.2734375
2021-11-12 21:56:57,2021-11-12 21:56:58,1,14222.68359375
2021-11-12 21:56:59,2021-11-12 21:57:00,1,14229.2109375
2021-11-12 21:57:17,2021-11-12 21:57:19,2,13932.75
2021-11-12 21:57:20,2021-11-12 21:57:21,1,13931.453125
2021-11-12 21:57:25,2021-11-12 21:57:27,2,14334.296875
2021-11-12 21:57:32,2021-11-12 21:57:33,1,14087.63671875
2021-11-12 21:58:15,2021-11-12 21:58:17,2,14375.478515625
2021-11-12 21:58:22,2021-11-12 21:58:23,1,13961.20703125
2021-11-12 21:58:24,2021-11-12 21:58:25,1,13856.4453125
2021-11-12 21:58:33,2021-11-12 21:58:36,3,14323.643229166666
2021-11-12 21:58:37,2021-11-12 21:58:38,1,14186.28515625
2021-11-12 21:58:42,2021-11-12 21:58:43,1,14346.90234375
2021-11-12 21:59:29,2021-11-12 21:59:34,5,13987.5921875
2021-11-12 21:59:36,2021-11-12 21:59:37,1,14123.80859375
2021-11-12 21:59:45,2021-11-12 21:59:46,1,13870.4921875
2021-11-12 21:59:47,2021-11-12 21:59:49,2,14165.392578125
2021-11-12 22:00:21,2021-11-12 22:00:22,1,14238.75
2021-11-12 22:00:32,2021-11-12 22:00:33,1,14654.328125
2021-11-12 22:00:34,2021-11-12 22:00:35,1,14401.9453125
2021-11-12 22:00:39,2021-11-12 22:00:40,1,13975.82421875
2021-11-12 22:00:53,2021-11-12 22:00:54,1,14040.33203125
2021-11-12 22:01:26,2021-11-12 22:01:27,1,14267.21875
2021-11-12 22:01:36,2021-11-12 22:01:37,1,14188.98828125
2021-11-12 22:01:43,2021-11-12 22:01:44,1,13907.38671875
2021-11-12 22:01:50,2021-11-12 22:01:51,1,13867.4453125
2021-11-12 22:02:49,2021-11-12 22:02:50,1,13995.5
2021-11-12 22:03:00,2021-11-12 22:03:01,1,13909.30078125
2021-11-12 22:03:44,2021-11-12 22:03:45,1,14354.6953125
2021-11-12 22:03:48,2021-11-12 22:03:49,1,14171.4453125
2021-11-12 22:03:50,2021-11-12 22:03:51,1,13973.41796875
2021-11-12 22:03:52,2021-11-12 22:03:55,3,14269.580729166666
2021-11-12 22:03:59,2021-11-12 22:04:00,1,13895.71875
2021-11-12 22:04:01,2021-11-12 22:04:04,3,14124.916666666666
2021-11-12 22:04:06,2021-11-12 22:04:08,2,13977.07421875
2021-11-12 22:04:09,2021-11-12 22:04:10,1,13879.265625
2021-11-12 22:04:11,2021-11-12 22:04:12,1,14065.8203125
2021-11-12 22:04:17,2021-11-12 22:04:18,1,14163.6484375
2021-11-12 22:04:35,2021-11-12 22:04:36,1,13913.33203125
2021-11-12 22:04:54,2021-11-12 22:04:55,1,13907.49609375
2021-11-12 22:04:59,2021-11-12 22:05:00,1,14024.1015625
2021-11-12 22:05:02,2021-11-12 22:05:03,1,14087.046875
2021-11-12 22:05:04,2021-11-12 22:05:05,1,13936.94921875
2021-11-12 22:05:06,2021-11-12 22:05:07,1,13942.99609375
2021-11-12 22:05:08,2021-11-12 22:05:09,1,14614.046875
2021-11-12 22:05:10,2021-11-12 22:05:11,1,14236.75
2021-11-12 22:05:13,2021-11-12 22:05:14,1,14126.83984375
2021-11-12 22:05:15,2021-11-12 22:05:16,1,14678.30859375
2021-11-12 22:05:29,2021-11-12 22:05:32,3,14360.725260416666
2021-11-12 22:05:42,2021-11-12 22:05:43,1,14159.34765625
2021-11-12 22:05:47,2021-11-12 22:05:48,1,14362.9375
2021-11-12 22:05:53,2021-11-12 22:05:55,2,14199.21484375
2021-11-12 22:06:05,2021-11-12 22:06:06,1,14129.359375
2021-11-12 22:06:07,2021-11-12 22:06:08,1,14416.6796875
2021-11-12 22:06:21,2021-11-12 22:06:22,1,14652.55859375
2021-11-12 22:06:23,2021-11-12 22:06:25,2,13941.701171875
2021-11-12 22:06:26,2021-11-12 22:06:29,3,14093.912760416666
2021-11-12 22:06:31,2021-11-12 22:06:32,1,13859.09375
2021-11-12 22:06:33,2021-11-12 22:06:34,1,14528.0390625
2021-11-12 22:06:35,2021-11-12 22:06:40,5,14141.04375
2021-11-12 22:06:41,2021-11-12 22:06:42,1,13866.94140625
2021-11-12 22:06:52,2021-11-12 22:06:54,2,14100.775390625
2021-11-12 22:07:01,2021-11-12 22:07:02,1,14198.6875
2021-11-12 22:07:19,2021-11-12 22:07:20,1,14151.5703125
2021-11-12 22:07:23,2021-11-12 22:07:25,2,14423.98828125
2021-11-12 22:07:26,2021-11-12 22:07:30,4,14186.87890625
2021-11-12 22:07:31,2021-11-12 22:07:33,2,14407.546875
2021-11-12 22:07:38,2021-11-12 22:07:40,2,14158.181640625
2021-11-12 22:07:42,2021-11-12 22:07:44,2,14131.4375
2021-11-12 22:07:45,2021-11-12 22:07:47,2,14368.396484375
2021-11-12 22:08:06,2021-11-12 22:08:07,1,14226.9765625
2021-11-12 22:08:40,2021-11-12 22:08:41,1,14321.19921875
2021-11-12 22:08:48,2021-11-12 22:08:49,1,14207.6484375
2021-11-12 22:08:53,2021-11-12 22:08:55,2,14007.931640625
2021-11-12 22:09:39,2021-11-12 22:09:40,1,14135.4609375
2021-11-12 22:09:44,2021-11-12 22:09:46,2,14250.0390625
2021-11-12 22:09:49,2021-11-12 22:09:50,1,14557.015625
2021-11-12 22:09:55,2021-11-12 22:09:56,1,14006.4921875
2021-11-12 22:09:59,2021-11-12 22:10:00,1,13957.03515625
2021-11-12 22:10:05,2021-11-12 22:10:06,1,14057.65234375
2021-11-12 22:10:33,2021-11-12 22:10:38,5,14125.3234375
2021-11-12 22:10:39,2021-11-12 22:10:40,1,14748.05078125
2021-11-12 22:10:44,2021-11-12 22:10:46,2,14595.09375
2021-11-12 22:10:47,2021-11-12 22:10:50,3,14077.522135416666
2021-11-12 22:10:54,2021-11-12 22:10:55,1,14247.68359375
2021-11-12 22:11:05,2021-11-12 22:11:08,3,14039.48046875
2021-11-12 22:11:10,2021-11-12 22:11:11,1,14021.02734375
2021-11-12 22:11:14,2021-11-12 22:11:15,1,14668.66015625
2021-11-12 22:11:34,2021-11-12 22:11:35,1,14050.84765625
2021-11-12 22:11:39,2021-11-12 22:11:40,1,14163.19140625
2021-11-12 22:11:43,2021-11-12 22:11:44,1,14186.3125
2021-11-12 22:11:45,2021-11-12 22:11:49,4,14213.9765625
2021-11-12 22:11:50,2021-11-12 22:11:53,3,14025.372395833334
2021-11-12 22:12:04,2021-11-12 22:12:05,1,14297.36328125
2021-11-12 22:12:14,2021-11-12 22:12:15,1,13897.35546875
2021-11-12 22:12:21,2021-11-12 22:12:22,1,14359.58203125
2021-11-12 22:12:38,2021-11-12 22:12:41,3,14135.8125
2021-11-12 22:12:43,2021-11-12 22:12:45,2,14065.81640625
2021-11-12 22:12:47,2021-11-12 22:12:49,2,14032.064453125
2021-11-12 22:12:59,2021-11-12 22:13:00,1,13942.40234375
2021-11-12 22:13:16,2021-11-12 22:13:17,1,13919.34765625
2021-11-12 22:13:20,2021-11-12 22:13:21,1,13897.875
2021-11-12 22:13:52,2021-11-12 22:13:56,4,14153.1318359375
2021-11-12 22:14:01,2021-11-12 22:14:02,1,14112.48828125
2021-11-12 22:14:04,2021-11-12 22:14:05,1,14322.03515625
2021-11-12 22:14:13,2021-11-12 22:14:14,1,14196.4296875
2021-11-12 22:14:24,2021-11-12 22:14:25,1,13937.8515625
2021-11-12 22:14:26,2021-11-12 22:14:27,1,14022.265625
2021-11-12 22:15:06,2021-11-12 22:15:08,2,14298.78515625
2021-11-12 22:15:09,2021-11-12 22:15:10,1,13917.26953125
2021-11-12 22:15:14,2021-11-12 22:15:15,1,13960.5546875
2021-11-12 22:15:17,2021-11-12 22:15:19,2,14024.357421875
2021-11-12 22:15:22,2021-11-12 22:15:23,1,14109.32421875
2021-11-12 22:15:26,2021-11-12 22:15:28,2,14098.447265625
2021-11-12 22:16:06,2021-11-12 22:16:07,1,14024.67578125
2021-11-12 22:16:23,2021-11-12 22:16:25,2,14028.03515625
2021-11-12 22:16:27,2021-11-12 22:16:28,1,13935.66796875
2021-11-12 22:16:32,2021-11-12 22:16:33,1,14249.9375
2021-11-12 22:16:34,2021-11-12 22:16:36,2,14282.154296875
2021-11-12 22:16:37,2021-11-12 22:16:39,2,14082.01953125
2021-11-12 22:16:51,2021-11-12 22:16:52,1,13911.82421875
2021-11-12 22:17:28,2021-11-12 22:17:31,3,13959.984375
2021-11-12 22:17:37,2021-11-12 22:17:39,2,14109.572265625
2021-11-12 22:18:27,2021-11-12 22:18:28,1,14064.171875
2021-11-12 22:18:31,2021-11-12 22:18:34,3,14113.583333333334
2021-11-12 22:18:38,2021-11-12 22:18:40,2,14346.259765625
2021-11-12 22:18:43,2021-11-12 22:18:44,1,13854.6640625
2021-11-12 22:18:45,2021-11-12 22:18:46,1,14289.015625
2021-11-12 22:19:11,2021-11-12 22:19:12,1,13920.02734375
2021-11-12 22:19:39,2021-11-12 22:19:40,1,14066.4453125
2021-11-12 22:19:44,2021-11-12 22:19:45,1,13879.3203125
2021-11-12 22:20:13,2021-11-12 22:20:14,1,14179.41796875
2021-11-12 22:20:16,2021-11-12 22:20:17,1,13911.703125
2021-11-12 22:20:23,2021-11-12 22:20:24,1,14060.1875
2021-11-12 22:20:53,2021-11-12 22:20:54,1,13872.03125
2021-11-12 22:20:55,2021-11-12 22:20:56,1,13919.84765625
2021-11-12 22:21:16,2021-11-12 22:21:17,1,14287.0
2021-11-12 22:21:19,2021-11-12 22:21:21,2,14117.892578125
2021-11-12 22:21:25,2021-11-12 22:21:26,1,14119.48828125
2021-11-12 22:22:20,2021-11-12 22:22:21,1,13938.125
2021-11-12 22:22:25,2021-11-12 22:22:26,1,13962.609375
2021-11-12 22:22:28,2021-11-12 22:22:29,1,13906.421875
2021-11-12 22:22:30,2021-11-12 22:22:31,1,14294.33203125
2021-11-12 22:22:35,2021-11-12 22:22:36,1,14366.1484375
2021-11-12 22:23:05,2021-11-12 22:23:06,1,13942.90234375
2021-11-12 22:23:19,2021-11-12 22:23:20,1,14127.87109375
2021-11-12 22:23:23,2021-11-12 22:23:24,1,14066.0234375
2021-11-12 22:23:36,2021-11-12 22:23:37,1,14323.921875
2021-11-12 22:23:40,2021-11-12 22:23:42,2,13987.26171875
2021-11-12 22:24:21,2021-11-12 22:24:22,1,13960.9140625
2021-11-12 22:24:23,2021-11-12 22:24:24,1,14045.02734375
2021-11-12 22:24:26,2021-11-12 22:24:27,1,14293.05078125
2021-11-12 22:24:29,2021-11-12 22:24:30,1,13918.046875
2021-11-12 22:24:32,2021-11-12 22:24:34,2,14369.123046875
2021-11-12 22:24:41,2021-11-12 22:24:42,1,14149.9765625
2021-11-12 22:24:44,2021-11-12 22:24:45,1,14291.22265625
2021-11-12 22:24:51,2021-11-12 22:24:52,1,14006.36328125
2021-11-12 22:24:55,2021-11-12 22:24:56,1,14104.2109375
2021-11-12 22:25:33,2021-11-12 22:25:34,1,13859.4453125
2021-11-12 22:25:41,2021-11-12 22:25:42,1,14161.9921875
2021-11-12 22:25:48,2021-11-12 22:25:50,2,14203.158203125
2021-11-12 22:25:57,2021-11-12 22:25:58,1,14044.1171875
2021-11-12 22:26:03,2021-11-12 22:26:05,2,14091.3203125
2021-11-12 22:26:06,2021-11-12 22:26:08,2,13948.107421875
2021-11-12 22:26:29,2021-11-12 22:26:30,1,14025.74609375
2021-11-12 22:26:35,2021-11-12 22:26:36,1,14045.97265625
2021-11-12 22:26:44,2021-11-12 22:26:45,1,14239.89453125
2021-11-12 22:26:51,2021-11-12 22:26:52,1,14016.7109375
2021-11-12 22:26:56,2021-11-12 22:26:59,3,14027.143229166666
2021-11-12 22:27:07,2021-11-12 22:27:08,1,13971.9609375
2021-11-12 22:27:12,2021-11-12 22:27:13,1,14173.95703125
2021-11-12 22:27:14,2021-11-12 22:27:15,1,14123.9765625
2021-11-12 22:27:29,2021-11-12 22:27:30,1,14120.6484375
2021-11-12 22:27:31,2021-11-12 22:27:32,1,13862.83203125
2021-11-12 22:27:45,2021-11-12 22:27:47,2,14270.54296875
2021-11-12 22:27:48,2021-11-12 22:27:49,1,14846.1953125
2021-11-12 22:27:50,2021-11-12 22:27:51,1,13941.0
2021-11-12 22:27:52,2021-11-12 22:27:54,2,14016.2890625
2021-11-12 22:27:57,2021-11-12 22:27:58,1,14250.88671875
2021-11-12 22:27:59,2021-11-12 22:28:00,1,14226.125
2021-11-12 22:28:03,2021-11-12 22:28:05,2,14420.58203125
2021-11-12 22:28:06,2021-11-12 22:28:07,1,13968.55859375
2021-11-12 22:28:15,2021-11-12 22:28:17,2,14200.349609375
2021-11-12 22:28:29,2021-11-12 22:28:31,2,14216.669921875
2021-11-12 22:28:37,2021-11-12 22:28:38,1,14208.6640625
2021-11-12 22:29:15,2021-11-12 22:29:16,1,13945.21484375
2021-11-12 22:29:19,2021-11-12 22:29:20,1,14047.88671875
2021-11-12 22:29:25,2021-11-12 22:29:26,1,14166.828125
2021-11-12 22:29:30,2021-11-12 22:29:31,1,13929.9453125
2021-11-12 22:29:34,2021-11-12 22:29:35,1,14249.29296875
2021-11-12 22:29:46,2021-11-12 22:29:47,1,13935.09765625
2021-11-12 22:30:18,2021-11-12 22:30:19,1,14061.19921875
2021-11-12 22:30:42,2021-11-12 22:30:43,1,14645.14453125
2021-11-12 22:30:53,2021-11-12 22:30:54,1,13897.671875
2021-11-12 22:31:02,2021-11-12 22:31:03,1,13982.390625
2021-11-12 22:31:13,2021-11-12 22:31:14,1,13937.55078125
2021-11-12 22:31:16,2021-11-12 22:31:18,2,14253.283203125
2021-11-12 22:31:51,2021-11-12 22:31:52,1,14310.1640625
2021-11-12 22:31:57,2021-11-12 22:31:58,1,14131.74609375
2021-11-12 22:32:13,2021-11-12 22:32:14,1,13913.04296875
2021-11-12 22:32:20,2021-11-12 22:32:21,1,14062.15625
2021-11-12 22:32:39,2021-11-12 22:32:40,1,13901.1875
2021-11-12 22:32:41,2021-11-12 22:32:42,1,13940.30078125
2021-11-12 22:32:49,2021-11-12 22:32:50,1,13908.984375
2021-11-12 22:33:01,2021-11-12 22:33:02,1,13895.94140625
2021-11-12 22:33:14,2021-11-12 22:33:15,1,14073.05078125
2021-11-12 22:33:19,2021-11-12 22:33:20,1,13967.37890625
2021-11-12 22:33:22,2021-11-12 22:33:23,1,14226.9453125
2021-11-12 22:33:28,2021-11-12 22:33:29,1,14094.16796875
2021-11-12 22:33:43,2021-11-12 22:33:44,1,14051.43359375
2021-11-12 22:33:51,2021-11-12 22:33:52,1,13958.57421875
2021-11-12 22:33:55,2021-11-12 22:33:56,1,13941.42578125
2021-11-12 22:34:13,2021-11-12 22:34:14,1,13960.26171875
2021-11-12 22:34:18,2021-11-12 22:34:19,1,13985.734375
2021-11-12 22:34:39,2021-11-12 22:34:40,1,14203.89453125
2021-11-12 22:35:26,2021-11-12 22:35:27,1,13972.15625
2021-11-12 22:36:04,2021-11-12 22:36:05,1,14260.796875
2021-11-12 22:36:16,2021-11-12 22:36:17,1,14121.796875
2021-11-12 22:36:36,2021-11-12 22:36:39,3,13988.8359375
2021-11-12 22:37:11,2021-11-12 22:37:12,1,14162.59375
2021-11-12 22:37:17,2021-11-12 22:37:18,1,13942.26953125
2021-11-12 22:37:21,2021-11-12 22:37:22,1,13936.01171875
2021-11-12 22:37:27,2021-11-12 22:37:28,1,13924.85546875
2021-11-12 22:37:41,2021-11-12 22:37:42,1,13868.1328125
2021-11-12 22:37:45,2021-11-12 22:37:47,2,14421.982421875
2021-11-12 22:37:50,2021-11-12 22:37:51,1,14130.35546875
2021-11-12 22:38:01,2021-11-12 22:38:02,1,13973.53125
2021-11-12 22:38:17,2021-11-12 22:38:18,1,13905.171875
2021-11-12 22:39:17,2021-11-12 22:39:18,1,14190.296875
2021-11-12 22:39:21,2021-11-12 22:39:22,1,14028.78515625
2021-11-12 22:39:37,2021-11-12 22:39:38,1,13903.203125
2021-11-12 22:40:23,2021-11-12 22:40:25,2,13961.18359375
2021-11-12 22:40:30,2021-11-12 22:40:31,1,14030.515625
2021-11-12 22:40:35,2021-11-12 22:40:38,3,14153.045572916666
2021-11-12 22:40:41,2021-11-12 22:40:42,1,13944.7265625
2021-11-12 22:40:45,2021-11-12 22:40:46,1,14132.13671875
2021-11-12 22:40:53,2021-11-12 22:40:54,1,13944.1484375
2021-11-12 22:41:08,2021-11-12 22:41:10,2,14034.88671875
2021-11-12 22:41:17,2021-11-12 22:41:18,1,13896.07421875
2021-11-12 22:41:58,2021-11-12 22:41:59,1,13928.953125
2021-11-12 22:42:00,2021-11-12 22:42:01,1,14000.796875
2021-11-12 22:42:04,2021-11-12 22:42:05,1,13927.09375
2021-11-12 22:42:15,2021-11-12 22:42:17,2,13984.3359375
2021-11-12 22:42:25,2021-11-12 22:42:26,1,14147.20703125
2021-11-12 22:42:43,2021-11-12 22:42:44,1,14097.01953125
2021-11-12 22:42:48,2021-11-12 22:42:49,1,14209.37890625
2021-11-12 22:43:03,2021-11-12 22:43:04,1,14047.453125
2021-11-12 22:43:10,2021-11-12 22:43:11,1,13942.7734375
2021-11-12 22:43:56,2021-11-12 22:43:58,2,14071.328125
2021-11-12 22:43:59,2021-11-12 22:44:00,1,13939.47265625
2021-11-12 22:44:06,2021-11-12 22:44:07,1,14019.7265625
2021-11-12 22:44:13,2021-11-12 22:44:15,2,14382.984375
2021-11-12 22:44:32,2021-11-12 22:44:33,1,14211.703125
2021-11-12 22:44:40,2021-11-12 22:44:41,1,14040.13671875
2021-11-12 22:44:44,2021-11-12 22:44:45,1,13974.890625
2021-11-12 22:45:09,2021-11-12 22:45:10,1,13930.14453125
2021-11-12 22:46:16,2021-11-12 22:46:17,1,13956.3671875
2021-11-12 22:46:21,2021-11-12 22:46:22,1,13957.546875
2021-11-12 22:46:44,2021-11-12 22:46:45,1,13913.84375
2021-11-12 22:46:49,2021-11-12 22:46:50,1,13986.578125
2021-11-12 22:46:54,2021-11-12 22:46:55,1,14156.0625
2021-11-12 22:46:57,2021-11-12 22:46:58,1,14004.91796875
2021-11-12 22:47:48,2021-11-12 22:47:50,2,14412.19140625
2021-11-12 22:48:00,2021-11-12 22:48:01,1,13872.5703125
2021-11-12 22:48:16,2021-11-12 22:48:17,1,14312.1953125
2021-11-12 22:49:06,2021-11-12 22:49:07,1,14255.53125
2021-11-12 22:49:12,2021-11-12 22:49:13,1,14481.65625
2021-11-12 22:50:10,2021-11-12 22:50:11,1,14022.8203125
2021-11-12 22:50:14,2021-11-12 22:50:15,1,14212.015625
2021-11-12 22:50:18,2021-11-12 22:50:19,1,14120.66015625
2021-11-12 22:50:22,2021-11-12 22:50:23,1,14013.75
2021-11-12 22:50:24,2021-11-12 22:50:25,1,14217.65234375
2021-11-12 22:50:27,2021-11-12 22:50:28,1,13875.58984375
2021-11-12 22:50:33,2021-11-12 22:50:34,1,14083.5
2021-11-12 22:50:38,2021-11-12 22:50:40,2,14440.98046875
2021-11-12 22:51:22,2021-11-12 22:51:25,3,13971.041666666666
2021-11-12 22:51:29,2021-11-12 22:51:30,1,14059.52734375
2021-11-12 22:51:57,2021-11-12 22:51:58,1,13894.390625
2021-11-12 22:52:31,2021-11-12 22:52:32,1,13902.828125
2021-11-12 22:52:34,2021-11-12 22:52:35,1,14111.33203125
2021-11-12 22:52:46,2021-11-12 22:52:50,4,14263.6103515625
2021-11-12 22:52:55,2021-11-12 22:52:57,2,14181.2265625
2021-11-12 22:53:09,2021-11-12 22:53:10,1,14127.734375
2021-11-12 22:53:11,2021-11-12 22:53:12,1,14072.8203125
2021-11-12 22:53:38,2021-11-12 22:53:39,1,13918.0703125
2021-11-12 22:53:51,2021-11-12 22:53:52,1,13913.12890625
2021-11-12 22:54:30,2021-11-12 22:54:31,1,14317.94921875
2021-11-12 22:55:03,2021-11-12 22:55:05,2,14027.828125
2021-11-12 22:55:25,2021-11-12 22:55:26,1,13926.13671875
2021-11-12 22:55:34,2021-11-12 22:55:35,1,13896.45703125
2021-11-12 22:55:42,2021-11-12 22:55:43,1,14182.12890625
2021-11-12 22:55:47,2021-11-12 22:55:48,1,13862.609375
2021-11-12 22:56:35,2021-11-12 22:56:36,1,13887.1328125
2021-11-12 22:56:37,2021-11-12 22:56:38,1,14061.5546875
2021-11-12 22:56:40,2021-11-12 22:56:44,4,14087.486328125
2021-11-12 22:56:51,2021-11-12 22:56:53,2,13981.16796875
2021-11-12 22:57:14,2021-11-12 22:57:15,1,14048.3984375
2021-11-12 22:57:30,2021-11-12 22:57:31,1,13905.71875
2021-11-12 22:57:41,2021-11-12 22:57:42,1,13929.4296875
2021-11-12 22:58:25,2021-11-12 22:58:27,2,14161.650390625
2021-11-12 22:58:31,2021-11-12 22:58:33,2,14204.169921875
2021-11-12 22:58:49,2021-11-12 22:58:50,1,14404.85546875
2021-11-12 22:59:36,2021-11-12 22:59:37,1,13864.078125
2021-11-12 22:59:44,2021-11-12 22:59:45,1,14181.57421875
2021-11-12 22:59:46,2021-11-12 22:59:47,1,14174.9140625
2021-11-12 22:59:48,2021-11-12 22:59:49,1,14127.6328125
2021-11-12 22:59:51,2021-11-12 22:59:53,2,14233.982421875
2021-11-12 22:59:54,2021-11-12 22:59:56,2,13906.404296875
2021-11-12 22:59:57,2021-11-12 23:00:02,5,14162.8640625
2021-11-12 23:00:05,2021-11-12 23:00:06,1,13906.00390625
2021-11-12 23:00:11,2021-11-12 23:00:12,1,13945.83984375
2021-11-12 23:00:40,2021-11-12 23:00:41,1,13953.3125
2021-11-12 23:00:45,2021-11-12 23:00:46,1,14205.546875
2021-11-12 23:00:54,2021-11-12 23:00:58,4,14348.44140625
2021-11-12 23:01:00,2021-11-12 23:01:01,1,14073.46484375
2021-11-12 23:01:02,2021-11-12 23:01:04,2,14454.8125
2021-11-12 23:01:05,2021-11-12 23:01:09,4,14287.6806640625
2021-11-12 23:01:11,2021-11-12 23:01:15,4,14063.1904296875
2021-11-12 23:01:29,2021-11-12 23:01:30,1,14188.01953125
2021-11-12 23:01:51,2021-11-12 23:01:52,1,13862.265625
2021-11-12 23:02:13,2021-11-12 23:02:14,1,14217.13671875
2021-11-12 23:02:21,2021-11-12 23:02:24,3,14224.524739583334
2021-11-12 23:02:27,2021-11-12 23:02:28,1,13922.2890625
2021-11-12 23:02:29,2021-11-12 23:02:30,1,14288.703125
2021-11-12 23:02:32,2021-11-12 23:02:36,4,14101.982421875
2021-11-12 23:02:37,2021-11-12 23:02:39,2,13911.236328125
2021-11-12 23:02:51,2021-11-12 23:02:52,1,13904.7890625
2021-11-12 23:02:55,2021-11-12 23:02:56,1,14144.34765625
2021-11-12 23:03:00,2021-11-12 23:03:02,2,13943.9296875
2021-11-12 23:03:03,2021-11-12 23:03:04,1,13987.74609375
2021-11-12 23:03:05,2021-11-12 23:03:10,5,14241.22109375
2021-11-12 23:03:14,2021-11-12 23:03:16,2,14231.009765625
2021-11-12 23:03:17,2021-11-12 23:03:18,1,13921.6796875
2021-11-12 23:03:19,2021-11-12 23:03:21,2,14438.732421875
2021-11-12 23:03:24,2021-11-12 23:03:27,3,14781.21484375
2021-11-12 23:03:29,2021-11-12 23:03:31,2,14104.384765625
2021-11-12 23:03:32,2021-11-12 23:03:33,1,14403.0859375
2021-11-12 23:03:34,2021-11-12 23:03:35,1,13928.86328125
2021-11-12 23:03:37,2021-11-12 23:03:39,2,14152.037109375
2021-11-12 23:03:40,2021-11-12 23:03:41,1,14119.9453125
2021-11-12 23:03:42,2021-11-12 23:03:43,1,14067.98828125
2021-11-12 23:04:02,2021-11-12 23:04:03,1,13890.203125
2021-11-12 23:04:05,2021-11-12 23:04:07,2,13998.84765625
2021-11-12 23:04:12,2021-11-12 23:04:15,3,14176.26171875
2021-11-12 23:04:16,2021-11-12 23:04:17,1,14098.9375
2021-11-12 23:04:20,2021-11-12 23:04:21,1,13926.046875
2021-11-12 23:04:22,2021-11-12 23:04:24,2,14328.703125
2021-11-12 23:04:26,2021-11-12 23:04:27,1,13907.21484375
2021-11-12 23:04:30,2021-11-12 23:04:31,1,14218.8046875
2021-11-12 23:04:34,2021-11-12 23:04:35,1,13902.0859375
2021-11-12 23:04:38,2021-11-12 23:04:40,2,14036.94140625
2021-11-12 23:04:42,2021-11-12 23:04:46,4,13997.087890625
2021-11-12 23:04:59,2021-11-12 23:05:00,1,14212.0546875
2021-11-12 23:05:16,2021-11-12 23:05:17,1,13859.08984375
2021-11-12 23:05:22,2021-11-12 23:05:23,1,13976.68359375
2021-11-12 23:05:26,2021-11-12 23:05:27,1,13860.08984375
2021-11-12 23:05:42,2021-11-12 23:05:43,1,13906.0234375
2021-11-12 23:06:03,2021-11-12 23:06:05,2,14144.302734375
2021-11-12 23:06:07,2021-11-12 23:06:08,1,13866.56640625
2021-11-12 23:06:11,2021-11-12 23:06:12,1,13860.15625
2021-11-12 23:06:20,2021-11-12 23:06:21,1,13983.44140625
2021-11-12 23:06:22,2021-11-12 23:06:24,2,14070.697265625
2021-11-12 23:06:25,2021-11-12 23:06:26,1,14416.84765625
2021-11-12 23:06:35,2021-11-12 23:06:36,1,13907.84375
2021-11-12 23:06:37,2021-11-12 23:06:38,1,14109.70703125
2021-11-12 23:07:36,2021-11-12 23:07:37,1,14710.5625
2021-11-12 23:07:48,2021-11-12 23:07:49,1,14070.92578125
2021-11-12 23:07:52,2021-11-12 23:07:53,1,14112.91796875
2021-11-12 23:07:57,2021-11-12 23:07:58,1,14017.66796875
2021-11-12 23:08:12,2021-11-12 23:08:15,3,13953.147135416666
2021-11-12 23:08:45,2021-11-12 23:08:46,1,13989.04296875
2021-11-12 23:08:55,2021-11-12 23:08:57,2,14032.728515625
2021-11-12 23:09:16,2021-11-12 23:09:17,1,13899.08984375
2021-11-12 23:09:44,2021-11-12 23:09:45,1,14026.578125
2021-11-12 23:09:54,2021-11-12 23:09:57,3,14196.423177083334
2021-11-12 23:10:53,2021-11-12 23:10:54,1,14035.765625
2021-11-12 23:10:57,2021-11-12 23:10:58,1,14309.41015625
2021-11-12 23:11:00,2021-11-12 23:11:01,1,13949.1015625
2021-11-12 23:11:14,2021-11-12 23:11:15,1,14049.20703125
2021-11-12 23:12:02,2021-11-12 23:12:03,1,13931.3515625
2021-11-12 23:12:07,2021-11-12 23:12:08,1,14621.1640625
2021-11-12 23:12:27,2021-11-12 23:12:28,1,14155.22265625
2021-11-12 23:12:35,2021-11-12 23:12:36,1,14006.8984375
2021-11-12 23:12:38,2021-11-12 23:12:39,1,13866.6015625
2021-11-12 23:12:41,2021-11-12 23:12:42,1,14253.203125
2021-11-12 23:12:43,2021-11-12 23:12:44,1,14031.05078125
2021-11-12 23:12:46,2021-11-12 23:12:48,2,14017.79296875
2021-11-12 23:13:37,2021-11-12 23:13:38,1,14096.75
2021-11-12 23:13:39,2021-11-12 23:13:40,1,14128.64453125
2021-11-12 23:13:51,2021-11-12 23:13:52,1,13910.38671875
2021-11-12 23:13:53,2021-11-12 23:13:54,1,13998.2109375
2021-11-12 23:13:58,2021-11-12 23:13:59,1,14003.0234375
2021-11-12 23:14:00,2021-11-12 23:14:02,2,14368.388671875
2021-11-12 23:14:17,2021-11-12 23:14:18,1,14315.38671875
2021-11-12 23:14:36,2021-11-12 23:14:38,2,14324.91796875
2021-11-12 23:14:40,2021-11-12 23:14:41,1,13940.6171875
2021-11-12 23:14:43,2021-11-12 23:14:44,1,14444.60546875
2021-11-12 23:14:59,2021-11-12 23:15:00,1,14070.6796875
2021-11-12 23:15:14,2021-11-12 23:15:15,1,14599.6484375
2021-11-12 23:15:41,2021-11-12 23:15:42,1,14223.83203125
2021-11-12 23:15:54,2021-11-12 23:15:55,1,13966.48046875
2021-11-12 23:16:07,2021-11-12 23:16:08,1,14328.12109375
2021-11-12 23:16:13,2021-11-12 23:16:16,3,14053.162760416666
2021-11-12 23:16:19,2021-11-12 23:16:20,1,14159.953125
2021-11-12 23:16:59,2021-11-12 23:17:00,1,14390.1171875
2021-11-12 23:17:09,2021-11-12 23:17:10,1,13876.3125
2021-11-12 23:17:15,2021-11-12 23:17:17,2,14117.623046875
2021-11-12 23:18:22,2021-11-12 23:18:24,2,14083.193359375
2021-11-12 23:18:27,2021-11-12 23:18:29,2,14375.744140625
2021-11-12 23:18:33,2021-11-12 23:18:34,1,13856.67578125
2021-11-12 23:20:14,2021-11-12 23:20:16,2,14197.927734375
2021-11-12 23:20:30,2021-11-12 23:20:32,2,13931.8359375
2021-11-12 23:20:36,2021-11-12 23:20:38,2,14023.376953125
2021-11-12 23:21:23,2021-11-12 23:21:24,1,13883.88671875
2021-11-12 23:21:40,2021-11-12 23:21:43,3,14056.951822916666
2021-11-12 23:21:47,2021-11-12 23:21:48,1,14308.7890625
2021-11-12 23:21:59,2021-11-12 23:22:00,1,13901.203125
2021-11-12 23:22:29,2021-11-12 23:22:30,1,13931.328125
2021-11-12 23:22:47,2021-11-12 23:22:49,2,14079.953125
2021-11-12 23:22:54,2021-11-12 23:22:56,2,14218.0859375
2021-11-12 23:23:04,2021-11-12 23:23:05,1,14113.2421875
2021-11-12 23:23:31,2021-11-12 23:23:32,1,13933.71875
2021-11-12 23:23:58,2021-11-12 23:23:59,1,14238.7734375
2021-11-12 23:24:51,2021-11-12 23:24:52,1,13928.40625
2021-11-12 23:24:58,2021-11-12 23:24:59,1,14111.609375
2021-11-12 23:25:16,2021-11-12 23:25:17,1,13936.80859375
2021-11-12 23:25:55,2021-11-12 23:25:57,2,14130.744140625
2021-11-12 23:25:59,2021-11-12 23:26:00,1,13989.78515625
2021-11-12 23:26:11,2021-11-12 23:26:12,1,14009.41015625
2021-11-12 23:26:16,2021-11-12 23:26:17,1,14229.4609375
2021-11-12 23:26:23,2021-11-12 23:26:24,1,14035.765625
2021-11-12 23:26:27,2021-11-12 23:26:28,1,14093.90625
2021-11-12 23:27:25,2021-11-12 23:27:26,1,13945.04296875
2021-11-12 23:27:29,2021-11-12 23:27:30,1,14174.66015625
2021-11-12 23:27:54,2021-11-12 23:27:55,1,13904.484375
2021-11-12 23:27:57,2021-11-12 23:27:58,1,14554.0390625
2021-11-12 23:27:59,2021-11-12 23:28:00,1,13893.02734375
2021-11-12 23:28:03,2021-11-12 23:28:04,1,13923.50390625
2021-11-12 23:28:10,2021-11-12 23:28:11,1,13880.25390625
2021-11-12 23:28:12,2021-11-12 23:28:15,3,14071.993489583334
2021-11-12 23:28:16,2021-11-12 23:28:17,1,13896.95703125
2021-11-12 23:28:30,2021-11-12 23:28:31,1,13949.8515625
2021-11-12 23:29:15,2021-11-12 23:29:16,1,14291.59375
2021-11-12 23:29:18,2021-11-12 23:29:19,1,14010.9609375
2021-11-12 23:29:49,2021-11-12 23:29:50,1,14055.30078125
2021-11-12 23:29:55,2021-11-12 23:29:57,2,14247.052734375
2021-11-12 23:30:21,2021-11-12 23:30:22,1,13950.16796875
2021-11-12 23:30:30,2021-11-12 23:30:31,1,14152.3125
2021-11-12 23:30:35,2021-11-12 23:30:36,1,13874.67578125
2021-11-12 23:31:25,2021-11-12 23:31:26,1,14303.6484375
2021-11-12 23:31:33,2021-11-12 23:31:35,2,13909.01953125
2021-11-12 23:31:37,2021-11-12 23:31:38,1,14311.03515625
2021-11-12 23:31:49,2021-11-12 23:31:50,1,13898.921875
2021-11-12 23:31:53,2021-11-12 23:31:54,1,13909.57421875
2021-11-12 23:32:01,2021-11-12 23:32:02,1,14136.78125
2021-11-12 23:32:34,2021-11-12 23:32:35,1,13933.3359375
2021-11-12 23:33:03,2021-11-12 23:33:04,1,14023.453125
2021-11-12 23:33:07,2021-11-12 23:33:08,1,14056.2421875
2021-11-12 23:33:54,2021-11-12 23:33:55,1,14220.12890625
2021-11-12 23:33:59,2021-11-12 23:34:00,1,14448.28515625
2021-11-12 23:34:03,2021-11-12 23:34:04,1,14083.58203125
2021-11-12 23:34:05,2021-11-12 23:34:07,2,14028.2578125
2021-11-12 23:34:20,2021-11-12 23:34:21,1,14093.859375
2021-11-12 23:34:30,2021-11-12 23:34:31,1,13857.6015625
2021-11-12 23:35:13,2021-11-12 23:35:14,1,14165.04296875
2021-11-12 23:35:15,2021-11-12 23:35:16,1,13932.55859375
2021-11-12 23:36:14,2021-11-12 23:36:16,2,14195.73046875
2021-11-12 23:36:19,2021-11-12 23:36:20,1,13915.01953125
2021-11-12 23:36:26,2021-11-12 23:36:27,1,13963.94921875
2021-11-12 23:36:36,2021-11-12 23:36:37,1,13925.453125
2021-11-12 23:36:54,2021-11-12 23:36:55,1,13881.3046875
2021-11-12 23:36:57,2021-11-12 23:36:58,1,14496.125
2021-11-12 23:37:08,2021-11-12 23:37:10,2,14207.388671875
2021-11-12 23:37:14,2021-11-12 23:37:15,1,13928.79296875
2021-11-12 23:37:38,2021-11-12 23:37:39,1,13854.359375
2021-11-12 23:37:42,2021-11-12 23:37:43,1,13864.65625
2021-11-12 23:38:19,2021-11-12 23:38:20,1,13897.91015625
2021-11-12 23:38:24,2021-11-12 23:38:25,1,13936.15234375
2021-11-12 23:39:26,2021-11-12 23:39:27,1,14059.265625
2021-11-12 23:39:30,2021-11-12 23:39:31,1,14116.59375
2021-11-12 23:39:47,2021-11-12 23:39:48,1,14113.2109375
2021-11-12 23:40:35,2021-11-12 23:40:36,1,13999.85546875
2021-11-12 23:40:38,2021-11-12 23:40:39,1,14075.41015625
2021-11-12 23:40:44,2021-11-12 23:40:45,1,13966.59765625
2021-11-12 23:40:46,2021-11-12 23:40:47,1,14153.875
2021-11-12 23:40:52,2021-11-12 23:40:54,2,14008.400390625
2021-11-12 23:41:00,2021-11-12 23:41:01,1,14661.3671875
2021-11-12 23:41:16,2021-11-12 23:41:18,2,14551.84375
2021-11-12 23:41:23,2021-11-12 23:41:24,1,14014.3515625
2021-11-12 23:41:49,2021-11-12 23:41:51,2,13927.310546875
2021-11-12 23:41:54,2021-11-12 23:41:55,1,14131.0234375
2021-11-12 23:42:06,2021-11-12 23:42:08,2,13912.369140625
2021-11-12 23:42:36,2021-11-12 23:42:38,2,14075.322265625
2021-11-12 23:42:51,2021-11-12 23:42:52,1,14006.34765625
2021-11-12 23:42:53,2021-11-12 23:42:56,3,14122.84765625
2021-11-12 23:42:57,2021-11-12 23:42:58,1,14437.8359375
2021-11-12 23:42:59,2021-11-12 23:43:02,3,14057.66015625
2021-11-12 23:43:03,2021-11-12 23:43:04,1,14014.265625
2021-11-12 23:43:11,2021-11-12 23:43:12,1,13992.5859375
2021-11-12 23:43:13,2021-11-12 23:43:14,1,14068.9921875
2021-11-12 23:43:15,2021-11-12 23:43:18,3,14265.834635416666
2021-11-12 23:43:46,2021-11-12 23:43:47,1,13987.5078125
2021-11-12 23:44:15,2021-11-12 23:44:16,1,14025.26171875
2021-11-12 23:44:20,2021-11-12 23:44:22,2,14365.8515625
2021-11-12 23:44:24,2021-11-12 23:44:25,1,14149.5078125
2021-11-12 23:44:37,2021-11-12 23:44:40,3,14006.299479166666
2021-11-12 23:44:41,2021-11-12 23:44:42,1,14472.0625
2021-11-12 23:44:49,2021-11-12 23:44:50,1,14413.328125
2021-11-12 23:44:59,2021-11-12 23:45:00,1,13880.64453125
2021-11-12 23:45:44,2021-11-12 23:45:45,1,13947.703125
2021-11-12 23:45:47,2021-11-12 23:45:48,1,13904.9140625
2021-11-12 23:45:53,2021-11-12 23:45:54,1,14015.37109375
2021-11-12 23:45:57,2021-11-12 23:45:58,1,14181.625
2021-11-12 23:46:00,2021-11-12 23:46:02,2,14123.060546875
2021-11-12 23:49:29,2021-11-12 23:49:30,1,13939.98828125
2021-11-12 23:50:09,2021-11-12 23:50:10,1,14150.05078125
2021-11-12 23:50:27,2021-11-12 23:50:28,1,13943.0546875
2021-11-12 23:50:34,2021-11-12 23:50:35,1,13855.421875
2021-11-12 23:50:37,2021-11-12 23:50:38,1,13903.375
2021-11-12 23:50:49,2021-11-12 23:50:50,1,14145.56640625
2021-11-12 23:51:22,2021-11-12 23:51:23,1,13960.9453125
2021-11-12 23:53:28,2021-11-12 23:53:29,1,14064.15234375
2021-11-12 23:53:51,2021-11-12 23:53:52,1,14136.25390625
2021-11-12 23:54:51,2021-11-12 23:54:52,1,13920.79296875
2021-11-12 23:54:53,2021-11-12 23:54:54,1,13953.8828125
2021-11-12 23:54:59,2021-11-12 23:55:01,2,14296.650390625
2021-11-12 23:55:02,2021-11-12 23:55:03,1,13911.921875
2021-11-12 23:55:06,2021-11-12 23:55:08,2,14368.5
2021-11-12 23:55:15,2021-11-12 23:55:16,1,13883.390625
2021-11-12 23:56:15,2021-11-12 23:56:16,1,14380.3671875
2021-11-12 23:56:31,2021-11-12 23:56:32,1,13900.07421875
2021-11-12 23:56:36,2021-11-12 23:56:38,2,14335.583984375
2021-11-12 23:56:42,2021-11-12 23:56:43,1,14266.5703125
2021-11-12 23:56:48,2021-11-12 23:56:49,1,13874.0
2021-11-12 23:57:20,2021-11-12 23:57:21,1,13960.48828125
2021-11-12 23:57:27,2021-11-12 23:57:28,1,14130.390625
2021-11-12 23:58:28,2021-11-12 23:58:29,1,13873.734375
2021-11-12 23:58:45,2021-11-12 23:58:46,1,14084.59765625
2021-11-12 23:59:07,2021-11-12 23:59:08,1,14115.171875
2021-11-13 00:00:01,2021-11-13 00:00:02,1,14578.3515625
2021-11-13 00:00:44,2021-11-13 00:00:45,1,14020.921875
2021-11-13 00:00:48,2021-11-13 00:00:50,2,13975.97265625
2021-11-13 00:00:54,2021-11-13 00:00:55,1,14003.25
2021-11-13 00:01:04,2021-11-13 00:01:05,1,13863.8125
2021-11-13 00:01:07,2021-11-13 00:01:08,1,14111.95703125
2021-11-13 00:01:11,2021-11-13 00:01:12,1,14044.39453125
2021-11-13 00:01:34,2021-11-13 00:01:35,1,14246.46875
2021-11-13 00:01:39,2021-11-13 00:01:41,2,14218.75
2021-11-13 00:02:06,2021-11-13 00:02:07,1,13874.21484375
2021-11-13 00:02:29,2021-11-13 00:02:30,1,14033.67578125
2021-11-13 00:02:34,2021-11-13 00:02:35,1,14009.63671875
2021-11-13 00:02:39,2021-11-13 00:02:40,1,14337.91015625
2021-11-13 00:02:54,2021-11-13 00:02:55,1,14150.9296875
2021-11-13 00:02:56,2021-11-13 00:02:57,1,13892.56640625
2021-11-13 00:03:01,2021-11-13 00:03:02,1,14597.33984375
2021-11-13 00:03:07,2021-11-13 00:03:09,2,14243.416015625
2021-11-13 00:03:24,2021-11-13 00:03:25,1,14011.56640625
2021-11-13 00:03:28,2021-11-13 00:03:31,3,14004.076822916666
2021-11-13 00:03:33,2021-11-13 00:03:34,1,14219.58984375
2021-11-13 00:03:38,2021-11-13 00:03:39,1,14288.70703125
2021-11-13 00:03:56,2021-11-13 00:03:57,1,13979.765625
2021-11-13 00:04:00,2021-11-13 00:04:02,2,14100.974609375
2021-11-13 00:04:26,2021-11-13 00:04:28,2,14197.619140625
2021-11-13 00:04:32,2021-11-13 00:04:33,1,13886.39453125
2021-11-13 00:04:36,2021-11-13 00:04:37,1,13980.33984375
2021-11-13 00:04:38,2021-11-13 00:04:39,1,14199.9140625
2021-11-13 00:04:41,2021-11-13 00:04:42,1,14021.7890625
2021-11-13 00:05:08,2021-11-13 00:05:11,3,14102.192708333334
2021-11-13 00:05:37,2021-11-13 00:05:38,1,14186.56640625
2021-11-13 00:06:10,2021-11-13 00:06:11,1,14417.74609375
2021-11-13 00:06:14,2021-11-13 00:06:15,1,14053.2421875
2021-11-13 00:06:24,2021-11-13 00:06:25,1,13995.37890625
2021-11-13 00:06:30,2021-11-13 00:06:31,1,14214.7578125
2021-11-13 00:06:32,2021-11-13 00:06:33,1,14325.8203125
2021-11-13 00:06:39,2021-11-13 00:06:40,1,13876.25390625
2021-11-13 00:06:45,2021-11-13 00:06:47,2,14091.845703125
2021-11-13 00:07:15,2021-11-13 00:07:16,1,14077.80859375
2021-11-13 00:07:41,2021-11-13 00:07:42,1,14284.85546875
2021-11-13 00:07:43,2021-11-13 00:07:44,1,14136.78125
2021-11-13 00:07:48,2021-11-13 00:07:49,1,13879.1640625
2021-11-13 00:07:53,2021-11-13 00:07:54,1,14053.265625
2021-11-13 00:08:26,2021-11-13 00:08:27,1,13904.24609375
2021-11-13 00:08:48,2021-11-13 00:08:49,1,14250.9140625
2021-11-13 00:09:36,2021-11-13 00:09:37,1,13948.58203125
2021-11-13 00:09:58,2021-11-13 00:09:59,1,14197.46484375
2021-11-13 00:10:42,2021-11-13 00:10:43,1,14120.34375
2021-11-13 00:10:46,2021-11-13 00:10:48,2,14249.2265625
2021-11-13 00:10:49,2021-11-13 00:10:51,2,14127.595703125
2021-11-13 00:10:54,2021-11-13 00:10:55,1,14209.0390625
2021-11-13 00:10:57,2021-11-13 00:10:59,2,14099.26953125
2021-11-13 00:11:25,2021-11-13 00:11:28,3,14078.102864583334
2021-11-13 00:11:31,2021-11-13 00:11:32,1,14045.98046875
2021-11-13 00:11:48,2021-11-13 00:11:50,2,14085.78515625
2021-11-13 00:11:52,2021-11-13 00:11:53,1,14080.57421875
2021-11-13 00:12:07,2021-11-13 00:12:08,1,13932.6875
2021-11-13 00:12:15,2021-11-13 00:12:16,1,13918.23046875
2021-11-13 00:12:30,2021-11-13 00:12:32,2,14370.873046875
2021-11-13 00:12:40,2021-11-13 00:12:42,2,14216.994140625
2021-11-13 00:12:43,2021-11-13 00:12:44,1,13868.5078125
2021-11-13 00:13:09,2021-11-13 00:13:10,1,14217.515625
2021-11-13 00:13:14,2021-11-13 00:13:15,1,14025.80078125
2021-11-13 00:13:37,2021-11-13 00:13:38,1,13857.3515625
2021-11-13 00:13:46,2021-11-13 00:13:47,1,14295.46875
2021-11-13 00:15:25,2021-11-13 00:15:27,2,14326.453125
2021-11-13 00:15:28,2021-11-13 00:15:29,1,13867.79296875
2021-11-13 00:16:12,2021-11-13 00:16:13,1,13995.625
2021-11-13 00:16:31,2021-11-13 00:16:33,2,14209.818359375
2021-11-13 00:17:38,2021-11-13 00:17:39,1,13977.79296875
2021-11-13 00:17:43,2021-11-13 00:17:44,1,14371.55859375
2021-11-13 00:17:46,2021-11-13 00:17:47,1,14041.5546875
2021-11-13 00:17:55,2021-11-13 00:17:56,1,14333.15234375
2021-11-13 00:18:44,2021-11-13 00:18:45,1,14137.75390625
2021-11-13 00:18:53,2021-11-13 00:18:54,1,13950.8125
2021-11-13 00:18:59,2021-11-13 00:19:01,2,13898.58984375
2021-11-13 00:19:37,2021-11-13 00:19:38,1,13944.71484375
2021-11-13 00:20:34,2021-11-13 00:20:35,1,14365.59765625
2021-11-13 00:21:25,2021-11-13 00:21:27,2,14019.5
2021-11-13 00:21:37,2021-11-13 00:21:38,1,13916.5625
2021-11-13 00:21:45,2021-11-13 00:21:46,1,13993.54296875
2021-11-13 00:21:48,2021-11-13 00:21:49,1,13875.12109375
2021-11-13 00:21:52,2021-11-13 00:21:54,2,14364.279296875
2021-11-13 00:21:56,2021-11-13 00:21:57,1,14403.703125
2021-11-13 00:22:20,2021-11-13 00:22:21,1,13896.765625
2021-11-13 00:22:22,2021-11-13 00:22:23,1,13924.23046875
2021-11-13 00:22:26,2021-11-13 00:22:27,1,14151.71484375
2021-11-13 00:22:52,2021-11-13 00:22:53,1,13950.16015625
2021-11-13 00:23:02,2021-11-13 00:23:03,1,14358.33984375
2021-11-13 00:23:34,2021-11-13 00:23:35,1,14328.00390625
2021-11-13 00:23:42,2021-11-13 00:23:43,1,13951.0625
2021-11-13 00:23:44,2021-11-13 00:23:45,1,14199.48046875
2021-11-13 00:23:48,2021-11-13 00:23:49,1,14104.3359375
2021-11-13 00:24:04,2021-11-13 00:24:05,1,13875.640625
2021-11-13 00:24:08,2021-11-13 00:24:09,1,13860.7734375
2021-11-13 00:24:23,2021-11-13 00:24:25,2,14306.642578125
2021-11-13 00:24:27,2021-11-13 00:24:30,3,14441.94140625
2021-11-13 00:24:31,2021-11-13 00:24:34,3,14174.776041666666
2021-11-13 00:24:35,2021-11-13 00:24:41,6,14394.486328125
2021-11-13 00:24:42,2021-11-13 00:24:44,2,14178.431640625
2021-11-13 00:24:45,2021-11-13 00:24:47,2,14401.521484375
2021-11-13 00:24:48,2021-11-13 00:24:50,2,14344.130859375
2021-11-13 00:25:00,2021-11-13 00:25:01,1,14022.44140625
2021-11-13 00:25:36,2021-11-13 00:25:37,1,14080.64453125
2021-11-13 00:25:38,2021-11-13 00:25:39,1,14409.640625
2021-11-13 00:25:45,2021-11-13 00:25:47,2,14278.697265625
2021-11-13 00:25:48,2021-11-13 00:25:50,2,14003.97265625
2021-11-13 00:25:51,2021-11-13 00:25:52,1,14095.36328125
2021-11-13 00:26:05,2021-11-13 00:26:06,1,13925.5859375
2021-11-13 00:26:07,2021-11-13 00:26:09,2,13985.28125
2021-11-13 00:26:11,2021-11-13 00:26:16,5,14145.38359375
2021-11-13 00:26:18,2021-11-13 00:26:19,1,14053.125
2021-11-13 00:26:21,2021-11-13 00:26:23,2,14153.1796875
2021-11-13 00:26:25,2021-11-13 00:26:27,2,13935.7578125
2021-11-13 00:26:29,2021-11-13 00:26:30,1,14027.296875
2021-11-13 00:26:46,2021-11-13 00:26:49,3,13967.809895833334
2021-11-13 00:26:53,2021-11-13 00:26:54,1,14132.84375
2021-11-13 00:26:56,2021-11-13 00:26:57,1,14195.796875
2021-11-13 00:27:01,2021-11-13 00:27:02,1,14022.83984375
2021-11-13 00:27:04,2021-11-13 00:27:06,2,14182.1328125
2021-11-13 00:27:09,2021-11-13 00:27:10,1,14109.67578125
2021-11-13 00:27:15,2021-11-13 00:27:17,2,14076.89453125
2021-11-13 00:27:49,2021-11-13 00:27:50,1,14252.19921875
2021-11-13 00:27:53,2021-11-13 00:27:54,1,14597.84765625
2021-11-13 00:27:55,2021-11-13 00:28:02,7,14480.936941964286
2021-11-13 00:28:04,2021-11-13 00:28:05,1,13880.30859375
2021-11-13 00:28:06,2021-11-13 00:28:07,1,13875.26953125
2021-11-13 00:28:15,2021-11-13 00:28:16,1,13905.265625
2021-11-13 00:28:17,2021-11-13 00:28:18,1,14178.1953125
2021-11-13 00:28:19,2021-11-13 00:28:20,1,14191.10546875
2021-11-13 00:28:24,2021-11-13 00:28:25,1,14096.3515625
2021-11-13 00:29:09,2021-11-13 00:29:11,2,14474.142578125
2021-11-13 00:29:13,2021-11-13 00:29:16,3,14002.936197916666
2021-11-13 00:29:18,2021-11-13 00:29:20,2,14159.865234375
2021-11-13 00:29:26,2021-11-13 00:29:28,2,14278.056640625
2021-11-13 00:29:30,2021-11-13 00:29:32,2,14108.59765625
2021-11-13 00:29:34,2021-11-13 00:29:35,1,14353.54296875
2021-11-13 00:30:20,2021-11-13 00:30:21,1,13868.15234375
2021-11-13 00:30:27,2021-11-13 00:30:28,1,14035.9765625
2021-11-13 00:30:37,2021-11-13 00:30:38,1,13981.70703125
2021-11-13 00:31:18,2021-11-13 00:31:19,1,13971.1796875
2021-11-13 00:31:27,2021-11-13 00:31:28,1,14150.16796875
2021-11-13 00:32:34,2021-11-13 00:32:35,1,13961.83203125
2021-11-13 00:32:46,2021-11-13 00:32:47,1,14061.40234375
2021-11-13 00:32:53,2021-11-13 00:32:54,1,14044.63671875
2021-11-13 00:33:18,2021-11-13 00:33:19,1,14104.1640625
2021-11-13 00:33:33,2021-11-13 00:33:34,1,14056.3046875
2021-11-13 00:33:42,2021-11-13 00:33:43,1,14295.140625
2021-11-13 00:33:46,2021-11-13 00:33:50,4,14038.501953125
2021-11-13 00:34:11,2021-11-13 00:34:12,1,13879.48828125
2021-11-13 00:34:23,2021-11-13 00:34:24,1,13909.828125
2021-11-13 00:34:44,2021-11-13 00:34:46,2,14109.818359375
2021-11-13 00:34:55,2021-11-13 00:34:57,2,13907.220703125
2021-11-13 00:35:05,2021-11-13 00:35:06,1,14092.84375
2021-11-13 00:35:12,2021-11-13 00:35:14,2,14016.8046875
2021-11-13 00:35:24,2021-11-13 00:35:25,1,14286.69921875
2021-11-13 00:35:52,2021-11-13 00:35:53,1,14053.89453125
2021-11-13 00:35:58,2021-11-13 00:35:59,1,14538.06640625
2021-11-13 00:36:33,2021-11-13 00:36:34,1,13873.44921875
2021-11-13 00:36:38,2021-11-13 00:36:40,2,14229.98828125
2021-11-13 00:37:16,2021-11-13 00:37:17,1,14181.12890625
2021-11-13 00:37:22,2021-11-13 00:37:23,1,13930.2734375
2021-11-13 00:37:35,2021-11-13 00:37:36,1,14341.84765625
2021-11-13 00:37:40,2021-11-13 00:37:41,1,13986.54296875
2021-11-13 00:38:05,2021-11-13 00:38:06,1,13978.03515625
2021-11-13 00:38:12,2021-11-13 00:38:14,2,13950.630859375
2021-11-13 00:38:19,2021-11-13 00:38:20,1,13999.73046875
2021-11-13 00:38:32,2021-11-13 00:38:33,1,13878.87890625
2021-11-13 00:38:57,2021-11-13 00:38:58,1,13862.59375
2021-11-13 00:39:28,2021-11-13 00:39:29,1,14148.9375
2021-11-13 00:39:48,2021-11-13 00:39:49,1,14100.4765625
2021-11-13 00:40:11,2021-11-13 00:40:13,2,14304.576171875
2021-11-13 00:40:40,2021-11-13 00:40:41,1,13953.19921875
2021-11-13 00:40:45,2021-11-13 00:40:47,2,14594.033203125
2021-11-13 00:41:02,2021-11-13 00:41:03,1,14286.875
2021-11-13 00:41:45,2021-11-13 00:41:46,1,13921.84375
2021-11-13 00:41:51,2021-11-13 00:41:53,2,14057.52734375
2021-11-13 00:41:56,2021-11-13 00:41:57,1,13992.8203125
2021-11-13 00:41:58,2021-11-13 00:42:00,2,13887.44921875
2021-11-13 00:42:01,2021-11-13 00:42:03,2,14150.9765625
2021-11-13 00:42:09,2021-11-13 00:42:10,1,14492.34375
2021-11-13 00:42:11,2021-11-13 00:42:13,2,14121.65234375
2021-11-13 00:42:16,2021-11-13 00:42:17,1,14791.6875
2021-11-13 00:42:20,2021-11-13 00:42:21,1,14186.66796875
2021-11-13 00:42:46,2021-11-13 00:42:47,1,14075.44921875
2021-11-13 00:42:50,2021-11-13 00:42:51,1,13908.48046875
2021-11-13 00:43:04,2021-11-13 00:43:05,1,13939.7890625
2021-11-13 00:43:08,2021-11-13 00:43:09,1,14318.36328125
2021-11-13 00:43:20,2021-11-13 00:43:22,2,13974.62890625
2021-11-13 00:43:34,2021-11-13 00:43:35,1,14010.53515625
2021-11-13 00:43:51,2021-11-13 00:43:52,1,14079.0859375
2021-11-13 00:43:53,2021-11-13 00:43:54,1,13951.21484375
2021-11-13 00:43:55,2021-11-13 00:43:56,1,14881.72265625
2021-11-13 00:43:58,2021-11-13 00:44:01,3,14150.559895833334
2021-11-13 00:44:03,2021-11-13 00:44:06,3,14298.904947916666
2021-11-13 00:44:08,2021-11-13 00:44:10,2,14281.94140625
2021-11-13 00:44:11,2021-11-13 00:44:14,3,13985.4765625
2021-11-13 00:45:11,2021-11-13 00:45:12,1,14249.84375
2021-11-13 00:45:21,2021-11-13 00:45:22,1,13880.5625
2021-11-13 00:45:24,2021-11-13 00:45:25,1,14229.71875
2021-11-13 00:45:27,2021-11-13 00:45:34,7,14116.02845982143
2021-11-13 00:45:35,2021-11-13 00:45:36,1,13893.80859375
2021-11-13 00:45:37,2021-11-13 00:45:38,1,14592.01953125
2021-11-13 00:45:48,2021-11-13 00:45:49,1,14083.0546875
2021-11-13 00:46:05,2021-11-13 00:46:06,1,14172.8203125
2021-11-13 00:46:11,2021-11-13 00:46:13,2,13913.388671875
2021-11-13 00:46:14,2021-11-13 00:46:19,5,14030.884375
2021-11-13 00:46:33,2021-11-13 00:46:34,1,13946.70703125
2021-11-13 00:46:39,2021-11-13 00:46:40,1,13878.5390625
2021-11-13 00:47:01,2021-11-13 00:47:03,2,13994.5078125
2021-11-13 00:47:13,2021-11-13 00:47:14,1,14091.71484375
2021-11-13 00:47:18,2021-11-13 00:47:19,1,13899.69140625
2021-11-13 00:47:46,2021-11-13 00:47:47,1,14037.08984375
2021-11-13 00:47:51,2021-11-13 00:47:52,1,13948.59765625
2021-11-13 00:48:23,2021-11-13 00:48:24,1,14067.5234375
2021-11-13 00:48:27,2021-11-13 00:48:28,1,14023.875
2021-11-13 00:48:36,2021-11-13 00:48:38,2,13886.755859375
2021-11-13 00:49:35,2021-11-13 00:49:36,1,14197.44140625
2021-11-13 00:49:40,2021-11-13 00:49:42,2,13911.935546875
2021-11-13 00:49:44,2021-11-13 00:49:45,1,14041.8203125
2021-11-13 00:50:05,2021-11-13 00:50:06,1,14132.92578125
2021-11-13 00:50:13,2021-11-13 00:50:14,1,13930.39453125
2021-11-13 00:50:46,2021-11-13 00:50:47,1,14237.18359375
2021-11-13 00:51:10,2021-11-13 00:51:11,1,14608.0234375
2021-11-13 00:51:18,2021-11-13 00:51:20,2,13936.125
2021-11-13 00:51:36,2021-11-13 00:51:37,1,14154.80859375
2021-11-13 00:52:21,2021-11-13 00:52:22,1,13875.69140625
2021-11-13 00:52:28,2021-11-13 00:52:29,1,14103.75
2021-11-13 00:53:43,2021-11-13 00:53:44,1,13958.21875
2021-11-13 00:53:45,2021-11-13 00:53:46,1,13937.93359375
2021-11-13 00:53:48,2021-11-13 00:53:50,2,13963.916015625
2021-11-13 00:53:55,2021-11-13 00:53:56,1,13891.70703125
2021-11-13 00:53:59,2021-11-13 00:54:00,1,14005.46875
2021-11-13 00:54:20,2021-11-13 00:54:21,1,13967.49609375
2021-11-13 00:54:37,2021-11-13 00:54:38,1,13979.3671875
2021-11-13 00:55:21,2021-11-13 00:55:22,1,14190.2734375
2021-11-13 00:55:56,2021-11-13 00:55:57,1,14047.78125
2021-11-13 00:56:02,2021-11-13 00:56:03,1,13962.4140625
2021-11-13 00:57:20,2021-11-13 00:57:22,2,14418.15625
2021-11-13 00:57:27,2021-11-13 00:57:28,1,13935.21875
2021-11-13 00:57:38,2021-11-13 00:57:39,1,14066.66796875
2021-11-13 00:57:45,2021-11-13 00:57:46,1,13931.16796875
2021-11-13 00:58:30,2021-11-13 00:58:31,1,13923.82421875
2021-11-13 00:58:32,2021-11-13 00:58:33,1,14320.81640625
2021-11-13 00:59:32,2021-11-13 00:59:33,1,13894.20703125
2021-11-13 01:00:50,2021-11-13 01:00:52,2,14183.056640625
2021-11-13 01:00:56,2021-11-13 01:00:57,1,14383.5234375
2021-11-13 01:02:07,2021-11-13 01:02:08,1,13938.234375
2021-11-13 01:02:52,2021-11-13 01:02:53,1,14090.8125
2021-11-13 01:03:05,2021-11-13 01:03:06,1,14034.34765625
2021-11-13 01:04:10,2021-11-13 01:04:11,1,13900.67578125
2021-11-13 01:04:28,2021-11-13 01:04:29,1,14116.19921875
2021-11-13 01:05:23,2021-11-13 01:05:24,1,14156.890625
2021-11-13 01:05:44,2021-11-13 01:05:45,1,13872.53125
2021-11-13 01:06:00,2021-11-13 01:06:02,2,14037.068359375
2021-11-13 01:06:58,2021-11-13 01:06:59,1,14045.609375
2021-11-13 01:07:36,2021-11-13 01:07:37,1,13917.22265625
2021-11-13 01:07:59,2021-11-13 01:08:00,1,13984.2109375
2021-11-13 01:08:03,2021-11-13 01:08:04,1,13928.5546875
2021-11-13 01:08:53,2021-11-13 01:08:54,1,14215.4296875
2021-11-13 01:09:56,2021-11-13 01:09:57,1,14122.57421875
2021-11-13 01:10:51,2021-11-13 01:10:52,1,14040.08203125
2021-11-13 01:10:57,2021-11-13 01:10:58,1,14014.2578125
2021-11-13 01:11:07,2021-11-13 01:11:08,1,13906.08984375
2021-11-13 01:12:10,2021-11-13 01:12:11,1,14303.4609375
2021-11-13 01:12:19,2021-11-13 01:12:20,1,13888.34375
2021-11-13 01:12:34,2021-11-13 01:12:35,1,14063.71875
2021-11-13 01:13:34,2021-11-13 01:13:36,2,14272.1796875
2021-11-13 01:15:19,2021-11-13 01:15:20,1,13876.94921875
2021-11-13 01:15:32,2021-11-13 01:15:33,1,13915.65625
2021-11-13 01:15:53,2021-11-13 01:15:54,1,14444.078125
2021-11-13 01:15:58,2021-11-13 01:16:00,2,14095.43359375
2021-11-13 01:17:01,2021-11-13 01:17:02,1,13925.21484375
2021-11-13 01:17:04,2021-11-13 01:17:05,1,14015.99609375
2021-11-13 01:17:07,2021-11-13 01:17:08,1,14193.1328125
2021-11-13 01:17:14,2021-11-13 01:17:15,1,13920.34765625
2021-11-13 01:17:18,2021-11-13 01:17:19,1,14273.68359375
2021-11-13 01:18:59,2021-11-13 01:19:00,1,14040.484375
2021-11-13 01:20:10,2021-11-13 01:20:11,1,14018.66015625
2021-11-13 01:20:12,2021-11-13 01:20:13,1,14115.9609375
2021-11-13 01:20:18,2021-11-13 01:20:19,1,14025.17578125
2021-11-13 01:20:24,2021-11-13 01:20:25,1,14308.16015625
2021-11-13 01:20:29,2021-11-13 01:20:30,1,14394.64453125
2021-11-13 01:21:40,2021-11-13 01:21:41,1,13966.21484375
2021-11-13 01:24:05,2021-11-13 01:24:06,1,13868.2890625
2021-11-13 01:24:11,2021-11-13 01:24:12,1,14048.08203125
2021-11-13 01:24:28,2021-11-13 01:24:29,1,13875.44140625
2021-11-13 01:25:09,2021-11-13 01:25:11,2,14117.490234375
2021-11-13 01:27:55,2021-11-13 01:27:56,1,13915.82421875
2021-11-13 01:28:24,2021-11-13 01:28:25,1,13947.0859375
2021-11-13 01:30:54,2021-11-13 01:30:55,1,13858.9375
2021-11-13 01:30:58,2021-11-13 01:30:59,1,13864.61328125
2021-11-13 01:32:09,2021-11-13 01:32:10,1,14069.1328125
2021-11-13 01:32:11,2021-11-13 01:32:12,1,14201.55078125
2021-11-13 01:32:13,2021-11-13 01:32:14,1,14316.65234375
2021-11-13 01:32:17,2021-11-13 01:32:19,2,13976.63671875
2021-11-13 01:33:02,2021-11-13 01:33:03,1,13866.546875
2021-11-13 01:33:09,2021-11-13 01:33:11,2,14039.421875
2021-11-13 01:34:34,2021-11-13 01:34:35,1,13932.73046875
2021-11-13 01:35:47,2021-11-13 01:35:48,1,13977.07421875
2021-11-13 01:36:42,2021-11-13 01:36:43,1,14216.953125
2021-11-13 01:36:48,2021-11-13 01:36:49,1,14431.56640625
2021-11-13 01:36:52,2021-11-13 01:36:53,1,13913.63671875
2021-11-13 01:37:34,2021-11-13 01:37:35,1,13886.1015625
2021-11-13 01:38:12,2021-11-13 01:38:13,1,14088.484375
2021-11-13 01:38:44,2021-11-13 01:38:45,1,14021.94921875
2021-11-13 01:38:48,2021-11-13 01:38:49,1,13931.53125
2021-11-13 01:39:16,2021-11-13 01:39:17,1,14261.15234375
2021-11-13 01:40:00,2021-11-13 01:40:01,1,13937.0234375
2021-11-13 01:40:32,2021-11-13 01:40:33,1,14141.328125
2021-11-13 01:41:29,2021-11-13 01:41:31,2,14161.34765625
2021-11-13 01:41:54,2021-11-13 01:41:55,1,13974.7734375
2021-11-13 01:41:59,2021-11-13 01:42:00,1,14007.17578125
2021-11-13 01:42:07,2021-11-13 01:42:08,1,14074.07421875
2021-11-13 01:42:12,2021-11-13 01:42:13,1,13988.09765625
2021-11-13 01:43:00,2021-11-13 01:43:02,2,13901.1796875
2021-11-13 01:43:06,2021-11-13 01:43:07,1,13957.08203125
2021-11-13 01:43:12,2021-11-13 01:43:13,1,13885.44921875
2021-11-13 01:44:08,2021-11-13 01:44:09,1,13980.49609375
2021-11-13 01:44:10,2021-11-13 01:44:11,1,14055.31640625
2021-11-13 01:44:27,2021-11-13 01:44:28,1,13963.03515625
2021-11-13 01:44:56,2021-11-13 01:44:57,1,13998.32421875
2021-11-13 01:45:02,2021-11-13 01:45:03,1,13895.9296875
2021-11-13 01:45:04,2021-11-13 01:45:05,1,13922.4375
2021-11-13 01:45:09,2021-11-13 01:45:12,3,14288.688802083334
2021-11-13 01:45:14,2021-11-13 01:45:15,1,13980.51953125
2021-11-13 01:45:48,2021-11-13 01:45:50,2,14271.666015625
2021-11-13 01:45:52,2021-11-13 01:45:53,1,14337.66796875
2021-11-13 01:46:09,2021-11-13 01:46:10,1,13924.40625
2021-11-13 01:46:14,2021-11-13 01:46:15,1,14010.15234375
2021-11-13 01:46:46,2021-11-13 01:46:47,1,13856.984375
2021-11-13 01:47:24,2021-11-13 01:47:25,1,14299.859375
2021-11-13 01:47:26,2021-11-13 01:47:28,2,14033.291015625
2021-11-13 01:47:33,2021-11-13 01:47:34,1,13894.609375
2021-11-13 01:47:37,2021-11-13 01:47:38,1,13880.4296875
2021-11-13 01:48:30,2021-11-13 01:48:31,1,14444.1796875
2021-11-13 01:48:36,2021-11-13 01:48:37,1,14056.27734375
2021-11-13 01:48:38,2021-11-13 01:48:39,1,13935.6484375
2021-11-13 01:48:42,2021-11-13 01:48:43,1,14229.796875
2021-11-13 01:48:49,2021-11-13 01:48:50,1,14215.75390625
2021-11-13 01:49:02,2021-11-13 01:49:03,1,14109.18359375
2021-11-13 01:49:52,2021-11-13 01:49:53,1,14311.0546875
2021-11-13 01:49:59,2021-11-13 01:50:00,1,14012.59765625
2021-11-13 01:50:34,2021-11-13 01:50:35,1,14941.56640625
2021-11-13 01:50:36,2021-11-13 01:50:38,2,14000.580078125
2021-11-13 01:50:40,2021-11-13 01:50:41,1,13881.82421875
2021-11-13 01:50:44,2021-11-13 01:50:45,1,13861.3984375
2021-11-13 01:50:46,2021-11-13 01:50:47,1,13900.40625
2021-11-13 01:50:50,2021-11-13 01:50:51,1,14226.68359375
2021-11-13 01:50:54,2021-11-13 01:50:55,1,13863.4921875
2021-11-13 01:51:31,2021-11-13 01:51:32,1,14062.0859375
2021-11-13 01:51:36,2021-11-13 01:51:37,1,14330.4765625
2021-11-13 01:51:57,2021-11-13 01:51:58,1,14411.3125
2021-11-13 01:52:46,2021-11-13 01:52:47,1,14021.27734375
2021-11-13 01:53:58,2021-11-13 01:53:59,1,13940.7734375
2021-11-13 01:54:01,2021-11-13 01:54:03,2,13898.982421875
2021-11-13 01:54:28,2021-11-13 01:54:29,1,14252.2890625
2021-11-13 01:54:32,2021-11-13 01:54:33,1,13871.171875
2021-11-13 01:54:34,2021-11-13 01:54:35,1,13901.4609375
2021-11-13 01:55:09,2021-11-13 01:55:10,1,14071.046875
2021-11-13 01:55:19,2021-11-13 01:55:20,1,14354.09765625
2021-11-13 01:55:21,2021-11-13 01:55:23,2,13883.3515625
2021-11-13 01:55:26,2021-11-13 01:55:28,2,13899.7109375
2021-11-13 01:55:29,2021-11-13 01:55:30,1,14098.17578125
2021-11-13 01:55:31,2021-11-13 01:55:32,1,14134.71484375
2021-11-13 01:56:33,2021-11-13 01:56:34,1,14241.125
2021-11-13 01:56:39,2021-11-13 01:56:40,1,14110.96484375
2021-11-13 01:57:40,2021-11-13 01:57:41,1,13889.3046875
2021-11-13 01:57:44,2021-11-13 01:57:45,1,13953.4296875
2021-11-13 01:58:35,2021-11-13 01:58:36,1,13873.734375
2021-11-13 01:58:50,2021-11-13 01:58:51,1,13870.5390625
2021-11-13 01:59:08,2021-11-13 01:59:09,1,13973.96484375
2021-11-13 01:59:47,2021-11-13 01:59:48,1,13919.96875
2021-11-13 02:00:04,2021-11-13 02:00:05,1,14216.84375
2021-11-13 02:00:17,2021-11-13 02:00:18,1,14077.05859375
2021-11-13 02:00:21,2021-11-13 02:00:22,1,14146.30859375
2021-11-13 02:01:02,2021-11-13 02:01:04,2,14042.962890625
2021-11-13 02:01:07,2021-11-13 02:01:08,1,14433.4453125
2021-11-13 02:01:12,2021-11-13 02:01:14,2,14381.15234375
2021-11-13 02:01:18,2021-11-13 02:01:20,2,14250.4296875
2021-11-13 02:01:22,2021-11-13 02:01:24,2,14238.708984375
2021-11-13 02:02:01,2021-11-13 02:02:02,1,13864.8984375
2021-11-13 02:02:03,2021-11-13 02:02:04,1,14357.00390625
2021-11-13 02:02:07,2021-11-13 02:02:08,1,14020.33984375
2021-11-13 02:02:12,2021-11-13 02:02:13,1,14356.05078125
2021-11-13 02:02:19,2021-11-13 02:02:20,1,14068.625
2021-11-13 02:02:26,2021-11-13 02:02:27,1,14155.19921875
2021-11-13 02:02:28,2021-11-13 02:02:31,3,14472.665364583334
2021-11-13 02:02:32,2021-11-13 02:02:37,5,14196.5640625
2021-11-13 02:02:51,2021-11-13 02:02:52,1,14603.20703125
2021-11-13 02:03:11,2021-11-13 02:03:16,5,14225.18203125
2021-11-13 02:03:18,2021-11-13 02:03:21,3,14126.946614583334
2021-11-13 02:03:24,2021-11-13 02:03:25,1,14400.48046875
2021-11-13 02:03:29,2021-11-13 02:03:30,1,14072.26953125
2021-11-13 02:03:41,2021-11-13 02:03:43,2,14453.81640625
2021-11-13 02:03:51,2021-11-13 02:03:52,1,14364.06640625
2021-11-13 02:04:22,2021-11-13 02:04:30,8,14464.51416015625
2021-11-13 02:04:31,2021-11-13 02:04:32,1,14547.75390625
2021-11-13 02:04:33,2021-11-13 02:04:36,3,13944.247395833334
2021-11-13 02:04:37,2021-11-13 02:04:41,4,14136.435546875
2021-11-13 02:04:42,2021-11-13 02:04:44,2,13973.82421875
2021-11-13 02:07:04,2021-11-13 02:07:06,2,14180.373046875
2021-11-13 02:07:07,2021-11-13 02:07:08,1,14325.28515625
2021-11-13 02:07:11,2021-11-13 02:07:13,2,14114.55078125
2021-11-13 02:07:18,2021-11-13 02:07:20,2,13938.427734375
2021-11-13 02:08:23,2021-11-13 02:08:26,3,14008.557291666666
2021-11-13 02:08:27,2021-11-13 02:08:28,1,14340.9921875
2021-11-13 02:09:17,2021-11-13 02:09:18,1,14117.671875
2021-11-13 02:09:22,2021-11-13 02:09:23,1,13929.7578125
2021-11-13 02:09:24,2021-11-13 02:09:25,1,14878.65234375
2021-11-13 02:09:29,2021-11-13 02:09:30,1,14079.32421875
2021-11-13 02:09:33,2021-11-13 02:09:34,1,13913.07421875
2021-11-13 02:09:39,2021-11-13 02:09:40,1,13890.78125
2021-11-13 02:10:00,2021-11-13 02:10:01,1,14018.765625
2021-11-13 02:10:19,2021-11-13 02:10:20,1,13916.3828125
2021-11-13 02:10:23,2021-11-13 02:10:24,1,13993.4375
2021-11-13 02:10:27,2021-11-13 02:10:28,1,14061.46484375
2021-11-13 02:10:29,2021-11-13 02:10:30,1,14458.8828125
2021-11-13 02:11:09,2021-11-13 02:11:10,1,13916.8828125
2021-11-13 02:11:28,2021-11-13 02:11:29,1,14105.0625
2021-11-13 02:11:47,2021-11-13 02:11:48,1,13950.515625
2021-11-13 02:12:07,2021-11-13 02:12:08,1,13992.58984375
2021-11-13 02:12:11,2021-11-13 02:12:12,1,14059.61328125
2021-11-13 02:12:42,2021-11-13 02:12:43,1,14158.6171875
2021-11-13 02:12:46,2021-11-13 02:12:49,3,14097.6796875
2021-11-13 02:13:13,2021-11-13 02:13:14,1,13876.1015625
2021-11-13 02:13:50,2021-11-13 02:13:52,2,14038.580078125
2021-11-13 02:13:56,2021-11-13 02:13:57,1,14035.3046875
2021-11-13 02:13:58,2021-11-13 02:13:59,1,14374.703125
2021-11-13 02:14:02,2021-11-13 02:14:05,3,13991.701822916666
2021-11-13 02:14:17,2021-11-13 02:14:18,1,13873.78125
2021-11-13 02:14:38,2021-11-13 02:14:39,1,14009.8515625
2021-11-13 02:15:17,2021-11-13 02:15:18,1,13930.7265625
2021-11-13 02:16:55,2021-11-13 02:16:56,1,13989.1875
2021-11-13 02:17:35,2021-11-13 02:17:36,1,13865.70703125
2021-11-13 02:17:40,2021-11-13 02:17:41,1,14080.14453125
2021-11-13 02:17:46,2021-11-13 02:17:47,1,13904.3984375
2021-11-13 02:18:42,2021-11-13 02:18:43,1,14471.9453125
2021-11-13 02:18:49,2021-11-13 02:18:50,1,14016.42578125
2021-11-13 02:19:46,2021-11-13 02:19:47,1,13986.5546875
2021-11-13 02:19:50,2021-11-13 02:19:51,1,14221.0859375
2021-11-13 02:20:12,2021-11-13 02:20:13,1,13962.96484375
2021-11-13 02:21:13,2021-11-13 02:21:14,1,13944.69921875
2021-11-13 02:21:17,2021-11-13 02:21:18,1,14042.23828125
2021-11-13 02:22:15,2021-11-13 02:22:16,1,13893.6328125
2021-11-13 02:23:27,2021-11-13 02:23:29,2,14134.85546875
2021-11-13 02:23:49,2021-11-13 02:23:50,1,14011.7734375
2021-11-13 02:24:21,2021-11-13 02:24:22,1,14237.89453125
2021-11-13 02:24:27,2021-11-13 02:24:28,1,14001.8203125
2021-11-13 02:25:00,2021-11-13 02:25:01,1,13896.53125
2021-11-13 02:25:18,2021-11-13 02:25:19,1,14108.6953125
2021-11-13 02:25:34,2021-11-13 02:25:35,1,13889.53515625
2021-11-13 02:26:11,2021-11-13 02:26:12,1,13980.12890625
2021-11-13 02:26:26,2021-11-13 02:26:28,2,14036.740234375
2021-11-13 02:26:33,2021-11-13 02:26:36,3,13970.087239583334
2021-11-13 02:26:39,2021-11-13 02:26:40,1,13894.07421875
2021-11-13 02:26:45,2021-11-13 02:26:46,1,14084.80078125
2021-11-13 02:27:35,2021-11-13 02:27:36,1,14356.6328125
2021-11-13 02:27:42,2021-11-13 02:27:44,2,14066.314453125
2021-11-13 02:27:52,2021-11-13 02:27:53,1,14042.1015625
2021-11-13 02:28:13,2021-11-13 02:28:14,1,13936.1015625
2021-11-13 02:28:23,2021-11-13 02:28:25,2,14005.91015625
2021-11-13 02:30:40,2021-11-13 02:30:41,1,14029.234375
2021-11-13 02:30:44,2021-11-13 02:30:45,1,13950.55859375
2021-11-13 02:33:03,2021-11-13 02:33:07,4,14039.734375
2021-11-13 02:33:24,2021-11-13 02:33:25,1,14145.31640625
2021-11-13 02:34:14,2021-11-13 02:34:15,1,14765.390625
2021-11-13 02:34:36,2021-11-13 02:34:38,2,14062.12890625
2021-11-13 02:35:02,2021-11-13 02:35:03,1,14185.01953125
2021-11-13 02:35:09,2021-11-13 02:35:10,1,14259.74609375
2021-11-13 02:35:16,2021-11-13 02:35:18,2,14101.400390625
2021-11-13 02:35:20,2021-11-13 02:35:21,1,14007.98828125
2021-11-13 02:36:19,2021-11-13 02:36:22,3,13959.040364583334
2021-11-13 02:36:43,2021-11-13 02:36:45,2,14587.8515625
2021-11-13 02:37:02,2021-11-13 02:37:03,1,14228.8984375
2021-11-13 02:37:04,2021-11-13 02:37:05,1,14005.02734375
2021-11-13 02:37:25,2021-11-13 02:37:26,1,14195.09375
2021-11-13 02:37:50,2021-11-13 02:37:51,1,13884.9921875
2021-11-13 02:37:56,2021-11-13 02:37:58,2,14061.0234375
2021-11-13 02:38:54,2021-11-13 02:38:55,1,13915.13671875
2021-11-13 02:39:13,2021-11-13 02:39:14,1,14135.3671875
2021-11-13 02:41:11,2021-11-13 02:41:12,1,14086.80859375
2021-11-13 02:41:14,2021-11-13 02:41:15,1,14020.515625
2021-11-13 02:42:33,2021-11-13 02:42:36,3,14095.489583333334
2021-11-13 02:43:04,2021-11-13 02:43:05,1,13890.2421875
2021-11-13 02:43:10,2021-11-13 02:43:11,1,14005.20703125
2021-11-13 02:43:25,2021-11-13 02:43:26,1,14020.8515625
2021-11-13 02:44:27,2021-11-13 02:44:28,1,13856.51171875
2021-11-13 02:46:14,2021-11-13 02:46:15,1,13931.21484375
2021-11-13 02:46:17,2021-11-13 02:46:18,1,13902.59375
2021-11-13 02:46:35,2021-11-13 02:46:36,1,14307.28515625
2021-11-13 02:47:52,2021-11-13 02:47:53,1,13929.63671875
2021-11-13 02:58:54,2021-11-13 02:58:55,1,14111.30859375
2021-11-13 02:58:59,2021-11-13 02:59:00,1,14000.046875
2021-11-13 02:59:04,2021-11-13 02:59:05,1,14050.16796875
2021-11-13 02:59:42,2021-11-13 02:59:43,1,13966.90625
2021-11-13 02:59:54,2021-11-13 02:59:55,1,13911.24609375
2021-11-13 03:00:02,2021-11-13 03:00:03,1,13937.90625
2021-11-13 03:00:39,2021-11-13 03:00:40,1,13993.546875
2021-11-13 03:00:47,2021-11-13 03:00:48,1,13991.28125
2021-11-13 03:01:18,2021-11-13 03:01:19,1,14011.9921875
2021-11-13 03:01:23,2021-11-13 03:01:24,1,14013.046875
2021-11-13 03:01:25,2021-11-13 03:01:26,1,13882.6796875
2021-11-13 03:01:27,2021-11-13 03:01:28,1,13957.359375
2021-11-13 03:01:41,2021-11-13 03:01:42,1,13947.51953125
2021-11-13 03:01:45,2021-11-13 03:01:46,1,13931.125
2021-11-13 03:02:16,2021-11-13 03:02:17,1,13927.5625
2021-11-13 03:02:32,2021-11-13 03:02:33,1,14847.96875
2021-11-13 03:02:36,2021-11-13 03:02:37,1,14329.91015625
2021-11-13 03:02:42,2021-11-13 03:02:44,2,14190.951171875
2021-11-13 03:02:52,2021-11-13 03:02:53,1,13886.5
2021-11-13 03:04:32,2021-11-13 03:04:33,1,14013.7421875
2021-11-13 03:04:35,2021-11-13 03:04:36,1,13905.0
2021-11-13 03:04:52,2021-11-13 03:04:53,1,14147.33984375
2021-11-13 03:05:15,2021-11-13 03:05:16,1,13879.49609375
2021-11-13 03:07:16,2021-11-13 03:07:17,1,13955.60546875
2021-11-13 03:07:22,2021-11-13 03:07:23,1,13979.84765625
2021-11-13 03:07:27,2021-11-13 03:07:28,1,14047.80078125
2021-11-13 03:07:31,2021-11-13 03:07:32,1,13889.9765625
2021-11-13 03:09:34,2021-11-13 03:09:35,1,13898.15625
2021-11-13 03:11:14,2021-11-13 03:11:15,1,14113.984375
2021-11-13 03:15:28,2021-11-13 03:15:30,2,13895.5390625
2021-11-13 03:15:45,2021-11-13 03:15:46,1,13867.69921875
2021-11-13 03:15:47,2021-11-13 03:15:48,1,14056.2734375
2021-11-13 03:17:00,2021-11-13 03:17:01,1,14415.98828125
2021-11-13 03:17:22,2021-11-13 03:17:23,1,14376.30859375
2021-11-13 03:17:28,2021-11-13 03:17:29,1,13901.4609375
2021-11-13 03:18:13,2021-11-13 03:18:14,1,13900.22265625
2021-11-13 03:18:31,2021-11-13 03:18:32,1,14104.56640625
2021-11-13 03:18:50,2021-11-13 03:18:51,1,13946.41015625
2021-11-13 03:19:30,2021-11-13 03:19:31,1,14001.98828125
2021-11-13 03:19:34,2021-11-13 03:19:36,2,13885.826171875
2021-11-13 03:21:02,2021-11-13 03:21:03,1,14043.98046875
2021-11-13 03:21:07,2021-11-13 03:21:08,1,13973.23828125
2021-11-13 03:21:27,2021-11-13 03:21:28,1,13877.41796875
2021-11-13 03:21:33,2021-11-13 03:21:34,1,14027.2421875
2021-11-13 03:25:58,2021-11-13 03:25:59,1,14318.4140625
2021-11-13 03:27:10,2021-11-13 03:27:11,1,13923.19140625
2021-11-13 03:27:19,2021-11-13 03:27:20,1,14384.9375
2021-11-13 03:29:33,2021-11-13 03:29:34,1,14049.0078125
2021-11-13 03:29:36,2021-11-13 03:29:37,1,13896.0703125
2021-11-13 03:29:53,2021-11-13 03:29:54,1,14214.2109375
2021-11-13 03:31:58,2021-11-13 03:31:59,1,13968.02734375
2021-11-13 03:32:08,2021-11-13 03:32:11,3,14069.813802083334
2021-11-13 03:34:17,2021-11-13 03:34:18,1,13877.05078125
2021-11-13 03:36:29,2021-11-13 03:36:30,1,14080.04296875
2021-11-13 03:36:31,2021-11-13 03:36:32,1,13859.5390625
2021-11-13 03:41:03,2021-11-13 03:41:04,1,14014.1328125
2021-11-13 03:42:31,2021-11-13 03:42:32,1,14575.5234375
2021-11-13 03:43:20,2021-11-13 03:43:22,2,14018.876953125
2021-11-13 03:44:41,2021-11-13 03:44:42,1,13893.03125
2021-11-13 03:44:58,2021-11-13 03:45:00,2,13919.4140625
2021-11-13 03:45:04,2021-11-13 03:45:05,1,14016.20703125
2021-11-13 03:46:13,2021-11-13 03:46:14,1,14111.84765625
2021-11-13 03:46:19,2021-11-13 03:46:20,1,14708.7265625
2021-11-13 03:46:27,2021-11-13 03:46:28,1,13888.28515625
2021-11-13 03:47:16,2021-11-13 03:47:17,1,13988.234375
2021-11-13 03:49:52,2021-11-13 03:49:54,2,14199.841796875
2021-11-13 03:50:19,2021-11-13 03:50:20,1,13886.63671875
2021-11-13 03:50:34,2021-11-13 03:50:35,1,14035.15625
2021-11-13 03:50:59,2021-11-13 03:51:00,1,13862.640625
2021-11-13 03:51:19,2021-11-13 03:51:20,1,14267.3515625
2021-11-13 03:51:32,2021-11-13 03:51:33,1,13872.4921875
2021-11-13 03:51:41,2021-11-13 03:51:42,1,13998.0078125
2021-11-13 03:51:45,2021-11-13 03:51:46,1,14038.77734375
2021-11-13 03:52:05,2021-11-13 03:52:06,1,14010.390625
2021-11-13 03:52:21,2021-11-13 03:52:23,2,14074.41796875
2021-11-13 03:52:26,2021-11-13 03:52:27,1,13940.671875
2021-11-13 03:52:46,2021-11-13 03:52:48,2,13964.77734375
2021-11-13 03:52:50,2021-11-13 03:52:54,4,14338.5888671875
2021-11-13 03:53:24,2021-11-13 03:53:25,1,13957.13671875
2021-11-13 03:53:40,2021-11-13 03:53:41,1,13855.15234375
2021-11-13 03:54:27,2021-11-13 03:54:29,2,13960.291015625
2021-11-13 03:54:33,2021-11-13 03:54:34,1,13975.83984375
2021-11-13 03:54:41,2021-11-13 03:54:42,1,13938.515625
2021-11-13 04:03:37,2021-11-13 04:03:38,1,14013.73046875
2021-11-13 04:03:43,2021-11-13 04:03:44,1,13901.15234375
2021-11-13 04:03:45,2021-11-13 04:03:47,2,13991.26953125
2021-11-13 04:03:48,2021-11-13 04:03:49,1,14168.4609375
2021-11-13 04:03:59,2021-11-13 04:04:00,1,13878.59375
2021-11-13 04:04:34,2021-11-13 04:04:35,1,13946.37109375
2021-11-13 04:04:58,2021-11-13 04:05:00,2,14279.806640625
2021-11-13 04:05:59,2021-11-13 04:06:00,1,13962.828125
2021-11-13 04:06:26,2021-11-13 04:06:27,1,13960.2890625
2021-11-13 04:06:44,2021-11-13 04:06:45,1,13992.671875
2021-11-13 04:06:47,2021-11-13 04:06:49,2,14089.80859375
2021-11-13 04:06:58,2021-11-13 04:06:59,1,13956.8515625
2021-11-13 04:07:04,2021-11-13 04:07:07,3,14042.01953125
2021-11-13 04:07:56,2021-11-13 04:07:59,3,14060.520833333334
2021-11-13 04:08:03,2021-11-13 04:08:05,2,13966.6328125
2021-11-13 04:08:07,2021-11-13 04:08:08,1,14257.171875
2021-11-13 04:08:09,2021-11-13 04:08:11,2,14053.419921875
2021-11-13 04:08:15,2021-11-13 04:08:16,1,13972.00390625
2021-11-13 04:08:21,2021-11-13 04:08:22,1,14085.8125
2021-11-13 04:09:02,2021-11-13 04:09:03,1,13996.13671875
2021-11-13 04:09:08,2021-11-13 04:09:09,1,14445.7578125
2021-11-13 04:09:15,2021-11-13 04:09:17,2,14120.732421875
2021-11-13 04:09:23,2021-11-13 04:09:24,1,13870.90625
2021-11-13 04:09:27,2021-11-13 04:09:28,1,13971.97265625
2021-11-13 04:09:31,2021-11-13 04:09:32,1,14019.25390625
2021-11-13 04:13:02,2021-11-13 04:13:03,1,13863.9921875
2021-11-13 04:13:37,2021-11-13 04:13:38,1,13907.0078125
2021-11-13 04:14:02,2021-11-13 04:14:03,1,13911.67578125
2021-11-13 04:14:08,2021-11-13 04:14:09,1,14071.1640625
2021-11-13 04:18:02,2021-11-13 04:18:03,1,14234.97265625
2021-11-13 04:18:06,2021-11-13 04:18:07,1,13929.4609375
2021-11-13 04:26:10,2021-11-13 04:26:11,1,13910.3203125
2021-11-13 04:28:04,2021-11-13 04:28:05,1,14009.32421875
2021-11-13 04:40:44,2021-11-13 04:40:45,1,13869.46875
2021-11-13 04:42:24,2021-11-13 04:42:26,2,13931.64453125
2021-11-13 04:42:33,2021-11-13 04:42:35,2,14002.828125
2021-11-13 04:43:23,2021-11-13 04:43:24,1,14092.74609375
2021-11-13 04:44:32,2021-11-13 04:44:33,1,13954.30078125
2021-11-13 04:44:46,2021-11-13 04:44:48,2,14192.60546875
2021-11-13 04:45:10,2021-11-13 04:45:11,1,13910.234375
2021-11-13 04:45:25,2021-11-13 04:45:26,1,13933.7578125
2021-11-13 04:45:40,2021-11-13 04:45:42,2,14084.80078125
2021-11-13 04:45:50,2021-11-13 04:45:51,1,14147.19921875
2021-11-13 04:46:51,2021-11-13 04:46:52,1,13940.453125
2021-11-13 04:50:47,2021-11-13 04:50:48,1,13941.421875
2021-11-13 04:51:57,2021-11-13 04:51:58,1,14030.8828125
2021-11-13 04:55:33,2021-11-13 04:55:34,1,14038.5546875
2021-11-13 04:57:20,2021-11-13 04:57:21,1,13899.91796875
2021-11-13 04:58:13,2021-11-13 04:58:14,1,14120.046875
2021-11-13 04:59:30,2021-11-13 04:59:31,1,14003.76953125
2021-11-13 04:59:59,2021-11-13 05:00:00,1,13857.33203125
2021-11-13 05:00:06,2021-11-13 05:00:07,1,14143.03515625
2021-11-13 05:00:14,2021-11-13 05:00:15,1,13889.30859375
2021-11-13 05:00:53,2021-11-13 05:00:54,1,13871.671875
2021-11-13 05:02:25,2021-11-13 05:02:26,1,14481.0546875
2021-11-13 05:04:24,2021-11-13 05:04:25,1,14014.109375
2021-11-13 05:05:27,2021-11-13 05:05:29,2,13935.83984375
2021-11-13 05:05:33,2021-11-13 05:05:34,1,14140.0390625
2021-11-13 05:05:48,2021-11-13 05:05:49,1,14254.35546875
2021-11-13 05:06:49,2021-11-13 05:06:50,1,13894.41015625
2021-11-13 05:06:53,2021-11-13 05:06:54,1,14139.62109375
2021-11-13 05:06:58,2021-11-13 05:06:59,1,14157.21484375
2021-11-13 05:07:53,2021-11-13 05:07:54,1,13879.3671875
2021-11-13 05:08:39,2021-11-13 05:08:40,1,13977.65234375
2021-11-13 05:09:12,2021-11-13 05:09:13,1,13981.984375
2021-11-13 05:10:57,2021-11-13 05:10:58,1,13903.73828125
2021-11-13 05:11:07,2021-11-13 05:11:08,1,14033.63671875
2021-11-13 05:11:12,2021-11-13 05:11:13,1,14108.18359375
2021-11-13 05:12:25,2021-11-13 05:12:26,1,13856.3984375
2021-11-13 05:14:10,2021-11-13 05:14:11,1,13940.3359375
2021-11-13 05:15:20,2021-11-13 05:15:21,1,13880.73046875
2021-11-13 05:15:33,2021-11-13 05:15:34,1,13867.7734375
2021-11-13 05:16:49,2021-11-13 05:16:51,2,14014.02734375
2021-11-13 05:19:28,2021-11-13 05:19:29,1,14173.9453125
2021-11-13 05:20:52,2021-11-13 05:20:53,1,14063.05859375
2021-11-13 05:21:18,2021-11-13 05:21:19,1,14071.82421875
2021-11-13 05:22:33,2021-11-13 05:22:34,1,14051.03125
2021-11-13 05:22:50,2021-11-13 05:22:51,1,14113.6484375
2021-11-13 05:25:02,2021-11-13 05:25:03,1,13904.04296875
2021-11-13 05:26:45,2021-11-13 05:26:46,1,13861.7578125
2021-11-13 05:28:08,2021-11-13 05:28:09,1,14109.40234375
2021-11-13 05:28:15,2021-11-13 05:28:17,2,14343.197265625
2021-11-13 05:28:18,2021-11-13 05:28:19,1,13878.546875
2021-11-13 05:28:24,2021-11-13 05:28:25,1,13868.1875
2021-11-13 05:30:32,2021-11-13 05:30:33,1,14027.68359375
2021-11-13 05:34:35,2021-11-13 05:34:36,1,13953.4453125
2021-11-13 05:35:57,2021-11-13 05:35:58,1,13888.1328125
2021-11-13 05:36:00,2021-11-13 05:36:01,1,13898.30859375
2021-11-13 05:36:13,2021-11-13 05:36:14,1,14053.4296875
2021-11-13 05:39:17,2021-11-13 05:39:18,1,14065.21875
2021-11-13 05:39:21,2021-11-13 05:39:22,1,14185.00390625
2021-11-13 05:40:46,2021-11-13 05:40:47,1,13916.6328125
2021-11-13 05:42:53,2021-11-13 05:42:54,1,13923.9921875
2021-11-13 05:42:56,2021-11-13 05:42:57,1,13991.2265625
2021-11-13 05:44:05,2021-11-13 05:44:06,1,13921.31640625
2021-11-13 05:44:24,2021-11-13 05:44:26,2,14159.091796875
2021-11-13 05:44:29,2021-11-13 05:44:30,1,13911.15234375
2021-11-13 05:44:31,2021-11-13 05:44:32,1,13943.0703125
2021-11-13 05:44:35,2021-11-13 05:44:36,1,13988.1953125
2021-11-13 05:45:35,2021-11-13 05:45:36,1,14115.58984375
2021-11-13 05:45:42,2021-11-13 05:45:43,1,13874.7734375
2021-11-13 05:46:12,2021-11-13 05:46:13,1,14067.7265625
2021-11-13 05:46:42,2021-11-13 05:46:43,1,14037.12109375
2021-11-13 05:47:30,2021-11-13 05:47:32,2,14343.748046875
2021-11-13 05:48:30,2021-11-13 05:48:31,1,14002.6953125
2021-11-13 05:49:24,2021-11-13 05:49:25,1,14090.8515625
2021-11-13 05:51:59,2021-11-13 05:52:00,1,14111.1640625
2021-11-13 05:55:46,2021-11-13 05:55:47,1,14326.296875
2021-11-13 06:04:21,2021-11-13 06:04:23,2,14057.03515625
2021-11-13 06:05:30,2021-11-13 06:05:31,1,14350.87109375
2021-11-13 06:05:32,2021-11-13 06:05:33,1,14464.7734375
2021-11-13 06:05:38,2021-11-13 06:05:39,1,14004.8125
2021-11-13 06:05:47,2021-11-13 06:05:48,1,14144.90625
2021-11-13 06:07:23,2021-11-13 06:07:24,1,13862.38671875
2021-11-13 06:20:00,2021-11-13 06:20:01,1,13886.09375
2021-11-15 10:01:28,2021-11-15 10:01:30,2,14137.267578125
2021-11-18 14:39:32,2021-11-18 14:39:36,4,14751.3486328125
2021-12-02 14:43:14,2021-12-02 14:43:20,6,16951.908203125
2022-03-31 00:09:17,2022-03-31 00:09:19,2,37563.353515625
2022-03-31 00:14:48,2022-03-31 00:15:44,56,55796.48102678572
2022-04-04 15:35:42,2022-04-04 15:35:59,17,63157.287224264706
2022-04-04 15:36:00,2022-04-04 15:36:19,19,64830.63651315789
2022-04-04 15:36:20,2022-04-04 15:36:39,19,64581.84210526316
2022-04-04 15:36:47,2022-04-04 15:37:06,19,64587.88301809211
2022-04-04 15:41:36,2022-04-04 15:41:55,19,64834.54276315789
2022-04-04 15:42:01,2022-04-04 15:42:20,19,64980.31537828947
2022-04-04 15:42:21,2022-04-04 15:42:40,19,64499.94654605263
2022-04-04 15:42:41,2022-04-04 15:43:00,19,64848.3515625
2022-04-04 15:43:01,2022-04-04 15:43:20,19,64713.30365953947
2022-04-04 15:43:28,2022-04-04 15:43:45,17,63489.12109375
2022-04-04 15:43:46,2022-04-04 15:44:03,17,63044.440257352944
2022-04-04 15:48:53,2022-04-04 15:49:12,19,64829.30550986842
2022-04-04 15:50:07,2022-04-04 15:50:26,19,64563.53762335526
2022-04-04 15:50:56,2022-04-04 15:51:15,19,64960.16385690789
2022-04-04 15:51:21,2022-04-04 15:51:40,19,64894.56167763158
2022-04-04 15:51:48,2022-04-04 15:52:07,19,64927.51418585526
2022-04-04 15:52:15,2022-04-04 15:52:34,19,64826.06229440789
2022-04-04 15:52:35,2022-04-04 15:52:54,19,64826.71587171053
2022-04-04 15:52:55,2022-04-04 15:53:14,19,64912.88486842105
2022-04-04 15:53:22,2022-04-04 15:53:38,16,66696.13159179688
2022-04-04 15:57:10,2022-04-04 15:57:26,16,66443.31494140625
2022-04-04 15:58:53,2022-04-04 15:59:12,19,64401.21381578947
2022-04-04 16:00:59,2022-04-04 16:01:37,38,64611.30962171053
2022-04-04 16:01:44,2022-04-04 16:02:03,19,64536.06640625
2022-04-04 16:02:13,2022-04-04 16:02:32,19,64949.54337993421
2022-04-04 16:03:26,2022-04-04 16:03:45,19,65011.11410361842
2022-04-04 16:03:46,2022-04-04 16:04:24,38,64725.07966694079
2022-04-04 16:05:34,2022-04-04 16:05:51,17,63422.796875
2022-04-05 07:43:28,2022-04-05 07:43:45,17,63401.791130514706
2022-04-05 07:43:46,2022-04-05 07:44:05,19,64659.29666940789
2022-04-05 07:44:06,2022-04-05 07:44:25,19,64713.08573190789
2022-04-05 07:44:32,2022-04-05 07:44:51,19,64554.74650493421
2022-04-05 07:44:53,2022-04-05 07:45:11,18,67401.53233506944
2022-04-05 07:45:19,2022-04-05 07:45:38,19,64766.22697368421
2022-04-05 07:45:44,2022-04-05 07:46:03,19,64766.43092105263
2022-04-05 07:46:04,2022-04-05 07:46:23,19,64784.13445723684
2022-04-05 07:46:24,2022-04-05 07:46:43,19,64717.83100328947
2022-04-05 07:49:33,2022-04-05 07:49:49,16,66457.25268554688
2022-04-05 07:50:51,2022-04-05 07:51:08,17,63340.03515625
2022-04-05 07:51:09,2022-04-05 07:51:28,19,64544.92146381579
2022-04-05 07:51:54,2022-04-05 07:52:13,19,64654.84354440789
2022-04-05 07:56:31,2022-04-05 07:56:50,19,64774.16796875
2022-04-05 07:57:40,2022-04-05 07:57:59,19,65035.02939967105
2022-04-05 07:58:00,2022-04-05 07:58:18,18,67381.56553819444
2022-04-05 08:00:22,2022-04-05 08:00:41,19,64737.25411184211
2022-04-05 08:02:39,2022-04-05 08:02:58,19,64957.9140625
2022-04-05 08:04:11,2022-04-05 08:04:29,18,67541.35047743056
2022-04-05 08:06:04,2022-04-05 08:06:21,17,63499.32881433824
2022-04-05 08:07:06,2022-04-05 08:07:22,16,66525.49267578125
2022-04-05 08:08:12,2022-04-05 08:08:32,20,59351.87265625
2022-04-05 08:09:25,2022-04-05 08:10:03,38,64964.76737253289
2022-04-05 08:11:08,2022-04-05 08:11:26,18,67859.92599826389
2022-04-05 08:11:27,2022-04-05 08:12:05,38,64997.23663651316
2022-04-05 08:12:53,2022-04-05 08:13:12,19,64757.01418585526
2022-04-05 08:15:04,2022-04-05 08:15:23,19,65035.73581414474
2022-04-05 08:16:13,2022-04-05 08:16:30,17,63579.77711397059
2022-04-09 16:24:33,2022-04-09 16:34:57,624,16668.985032301684
2022-04-12 00:06:42,2022-04-12 00:13:18,396,16680.81368371212
2022-04-12 00:18:39,2022-04-12 00:18:41,2,14307.408203125
2022-04-12 00:18:43,2022-04-12 00:18:45,2,14115.58203125
2022-04-12 00:18:47,2022-04-12 00:18:49,2,14681.693359375
2022-04-12 00:18:50,2022-04-12 00:20:11,81,17184.398292824073
2022-04-12 06:31:01,2022-04-12 06:31:03,2,19771.970703125
2022-04-12 06:31:06,2022-04-12 06:31:21,15,21071.925520833334
2022-04-12 06:33:09,2022-04-12 06:33:12,3,32370.822916666668
2022-04-12 06:33:14,2022-04-12 06:33:33,19,37308.88692434211
2022-04-12 06:50:10,2022-04-12 06:50:17,7,14687.973214285714
2022-04-12 06:50:18,2022-04-12 06:51:13,55,15371.1078125
2022-04-12 06:51:16,2022-04-12 06:51:17,1,13970.94140625
2022-04-12 06:51:19,2022-04-12 06:51:20,1,14170.96484375
2022-04-12 06:58:13,2022-04-12 07:00:08,115,28980.211548913045
2022-04-12 07:00:09,2022-04-12 07:00:10,1,13880.52734375
2022-04-12 07:02:48,2022-04-12 07:02:52,4,25405.4658203125
2022-04-12 07:02:54,2022-04-12 07:04:58,124,40511.154580393144
2022-04-12 15:31:10,2022-04-12 15:31:31,21,81212.34095982143
2022-04-12 15:34:06,2022-04-12 15:34:12,6,17168.19140625
2022-04-12 15:39:08,2022-04-12 15:39:14,6,23990.442057291668
2022-04-12 15:57:47,2022-04-12 15:57:50,3,15172.658854166666
2022-04-12 16:34:11,2022-04-12 16:34:19,8,23432.033203125
2022-04-12 17:29:34,2022-04-12 17:29:43,9,33282.07769097222
2022-04-12 18:04:17,2022-04-12 18:04:18,1,14034.91015625
2022-04-12 18:15:12,2022-04-12 18:15:24,12,130565.52962239583
2022-04-12 18:34:34,2022-04-12 18:34:51,17,32429.72495404412
2022-04-12 20:30:08,2022-04-12 20:30:38,30,97632.37174479167
2022-04-12 20:45:27,2022-04-12 20:45:41,14,32550.36104910714
2022-04-12 22:42:17,2022-04-12 22:42:40,23,109563.27904211957
2022-04-12 22:52:23,2022-04-12 22:52:37,14,89650.57366071429
2022-04-12 22:53:18,2022-04-12 22:53:39,21,29721.506696428572
2022-04-12 23:48:08,2022-04-12 23:48:19,11,28378.372514204544
2022-04-12 23:58:34,2022-04-12 23:58:48,14,113552.4921875
2022-04-13 00:27:00,2022-04-13 00:27:17,17,112184.02596507352
2022-04-13 01:16:25,2022-04-13 01:17:53,88,62373.166459517044
2022-04-13 01:56:13,2022-04-13 01:56:47,34,92721.75448069852
2022-04-13 02:33:10,2022-04-13 02:33:12,2,15915.59375
2022-04-13 02:47:31,2022-04-13 02:47:34,3,15823.233072916666
2022-04-13 13:16:32,2022-04-13 13:18:48,136,85365.88815487133
2022-04-13 13:44:41,2022-04-13 13:44:44,3,37147.201822916664
2022-04-15 12:00:53,2022-04-15 12:00:57,4,63974.966796875
2022-04-15 12:02:01,2022-04-15 12:02:16,15,88062.72213541667
2022-04-15 12:04:32,2022-04-15 12:04:59,27,116861.85228587964
2022-04-15 14:29:15,2022-04-15 14:29:33,18,34713.73784722222
2022-04-15 14:30:43,2022-04-15 14:30:57,14,90279.37053571429
2022-04-15 15:14:07,2022-04-15 15:14:10,3,17110.03125
2022-04-15 16:55:03,2022-04-15 16:55:06,3,15671.729166666666
2022-05-10 16:57:41,2022-05-10 17:01:43,242,92163.96532799587
2022-05-10 17:01:54,2022-05-10 17:02:19,25,75958.016875
2022-05-10 17:02:24,2022-05-10 17:02:34,10,62895.1328125
2022-05-10 17:02:37,2022-05-10 17:02:47,10,52571.11953125
2022-05-10 17:02:48,2022-05-10 17:02:56,8,28664.09814453125
2022-05-10 17:02:58,2022-05-10 17:03:03,5,34627.38515625
2022-05-10 17:03:04,2022-05-10 17:03:06,2,17494.4453125
2022-05-10 17:03:07,2022-05-10 17:03:08,1,18599.0703125
2022-05-10 17:03:24,2022-05-10 17:04:25,61,80509.7795210041
2022-05-10 17:14:01,2022-05-10 17:18:02,241,90167.49857365145
2022-05-10 17:18:11,2022-05-10 17:18:38,27,76557.5050636574
2022-05-10 17:18:42,2022-05-10 17:18:52,10,68103.275
2022-05-10 17:18:56,2022-05-10 17:19:13,17,43548.58731617647
2022-05-10 17:19:15,2022-05-10 17:19:20,5,32465.40078125
2022-05-10 17:19:21,2022-05-10 17:19:24,3,18893.841145833332
2022-05-10 17:20:42,2022-05-10 17:21:41,59,77399.69809322034
2022-05-10 17:46:17,2022-05-10 17:46:23,6,23404.182942708332
2022-06-02 15:42:15,2022-06-02 15:42:17,2,19573.703125
2022-06-27 16:39:43,2022-06-27 16:39:44,1,16191.4609375
2022-06-27 21:31:36,2022-06-27 21:31:37,1,14139.49609375
2022-06-28 20:38:42,2022-06-28 20:38:43,1,14434.5234375
2022-06-28 21:59:34,2022-06-28 21:59:35,1,15164.75390625
2022-07-04 10:59:39,2022-07-04 11:00:07,28,21729.22433035714
2022-07-04 11:00:08,2022-07-04 11:00:11,3,14366.911458333334
2022-07-04 11:00:12,2022-07-04 11:00:23,11,16195.373579545454
2022-07-04 11:20:19,2022-07-04 11:20:22,3,14289.372395833334
2022-07-04 11:20:34,2022-07-04 11:20:37,3,14339.803385416666
2022-07-04 11:20:44,2022-07-04 11:21:01,17,14594.341681985294
2022-07-04 11:21:02,2022-07-04 11:21:03,1,14266.9296875
2022-07-04 17:14:40,2022-07-04 17:15:17,37,18404.202491554053
2022-07-07 19:17:18,2022-07-07 19:17:20,2,15632.224609375
2022-07-07 19:17:33,2022-07-07 19:17:35,2,14306.072265625
2022-07-07 19:17:40,2022-07-07 19:17:45,5,15212.365625
2022-07-07 19:17:46,2022-07-07 19:17:53,7,16788.624441964286
2022-07-07 19:17:58,2022-07-07 19:18:04,6,15976.825520833334
2022-07-16 12:33:47,2022-07-16 12:34:36,49,18639.500558035714
2022-07-16 23:14:43,2022-07-16 23:15:29,46,20374.26163383152
2022-07-17 14:06:02,2022-07-17 14:06:07,5,15200.7546875
2022-07-17 14:06:13,2022-07-17 14:06:20,7,17905.46707589286
2022-07-17 14:06:28,2022-07-17 14:06:29,1,13931.4140625
2022-07-17 14:06:30,2022-07-17 14:06:35,5,14580.52890625
2022-08-02 11:25:37,2022-08-02 11:25:55,18,14397.184678819445
2022-08-15 09:24:05,2022-08-15 09:24:06,1,17472.53125
2022-08-15 09:31:27,2022-08-15 09:31:28,1,17541.9609375
2022-08-15 09:38:48,2022-08-15 09:38:49,1,16602.75
2022-08-15 09:38:53,2022-08-15 09:38:54,1,15369.0390625
2022-08-15 09:46:14,2022-08-15 09:46:15,1,18735.1015625
2022-08-15 09:53:30,2022-08-15 09:53:31,1,14053.8359375
2022-08-15 10:00:51,2022-08-15 10:00:52,1,15378.58984375
2022-08-15 10:00:54,2022-08-15 10:00:55,1,19534.796875
2022-08-15 10:15:32,2022-08-15 10:15:33,1,14449.7109375
2022-08-15 10:22:53,2022-08-15 10:22:54,1,14222.65234375
2022-08-16 00:38:10,2022-08-16 00:39:28,78,15280.72571113782
2022-08-24 15:17:21,2022-08-24 15:17:26,5,17121.42734375
2022-09-19 02:21:36,2022-09-19 02:21:37,1,14294.015625
2022-09-19 02:28:30,2022-09-19 02:29:03,33,17431.32149621212
2022-09-19 16:10:47,2022-09-19 16:10:48,1,16025.33203125
2022-09-19 16:13:38,2022-09-19 16:14:11,33,17139.406486742424
2022-09-20 05:52:42,2022-09-20 05:52:43,1,16833.54296875
2022-09-20 05:56:50,2022-09-20 05:57:17,27,41835.73394097222
2022-09-21 00:56:45,2022-09-21 00:56:46,1,19005.02734375
2022-09-21 01:04:32,2022-09-21 01:04:57,25,44311.98578125
2022-09-22 14:30:02,2022-09-22 14:30:03,1,17562.69140625
2022-09-22 19:48:45,2022-09-22 19:49:11,26,42776.032151442305
2022-09-23 08:57:22,2022-09-23 08:57:23,1,20815.109375
2022-09-24 01:55:27,2022-09-24 01:55:28,1,19241.328125
2022-09-24 01:59:37,2022-09-24 02:00:04,27,42522.629195601854
2022-09-24 02:11:01,2022-09-24 02:11:02,1,15962.296875
2022-09-24 02:15:14,2022-09-24 02:15:41,27,42305.91840277778
2022-09-24 02:34:43,2022-09-24 02:34:44,1,17326.484375
2022-09-24 02:38:50,2022-09-24 02:39:17,27,42449.76171875
2022-09-24 02:53:56,2022-09-24 02:53:57,1,14657.42578125
2022-09-25 02:31:48,2022-09-25 02:31:49,1,14978.48828125
2022-09-25 02:35:57,2022-09-25 02:35:58,1,15572.78125
2022-09-25 02:38:47,2022-09-25 02:39:22,35,18044.448325892856
2022-09-26 01:51:38,2022-09-26 01:51:39,1,14250.33203125
2022-09-26 01:55:40,2022-09-26 01:55:41,1,18300.24609375
2022-09-26 01:58:29,2022-09-26 01:58:44,15,17334.231510416666
2022-09-26 01:58:45,2022-09-26 01:58:47,2,14194.59375
2022-09-26 01:58:48,2022-09-26 01:59:03,15,17928.762239583335
2022-09-28 21:23:03,2022-09-28 21:23:04,1,14030.88671875
2022-10-01 11:47:27,2022-10-01 11:47:29,2,17022.43359375
2022-10-01 12:23:15,2022-10-01 12:23:16,1,17041.6171875
2022-10-06 14:16:17,2022-10-06 14:16:18,1,15697.5234375
2022-10-06 16:25:54,2022-10-06 16:26:28,34,16982.76011029412
2022-10-06 20:52:03,2022-10-06 20:52:34,31,17122.234248991936
2022-10-08 18:30:11,2022-10-08 18:30:14,3,16674.302083333332
2022-10-08 18:30:18,2022-10-08 18:30:21,3,16408.239583333332
2022-10-08 18:30:23,2022-10-08 18:30:31,8,16388.544921875
2022-10-08 18:30:38,2022-10-08 18:30:42,4,15156.0595703125
2022-10-08 18:30:53,2022-10-08 18:30:54,1,13964.6171875
2022-10-08 18:31:05,2022-10-08 18:31:23,18,15189.429036458334
2022-10-09 10:32:33,2022-10-09 10:32:34,1,15450.44921875
2022-10-09 11:41:26,2022-10-09 11:41:49,23,17428.721297554348
2022-10-12 22:50:42,2022-10-12 22:50:43,1,14066.05078125
2022-10-12 22:52:13,2022-10-12 22:52:14,1,14311.0234375
2022-10-15 14:21:48,2022-10-15 14:21:49,1,16920.65234375
2022-10-15 17:34:41,2022-10-15 17:34:49,8,56395.81298828125
2022-10-21 12:01:00,2022-10-21 12:01:01,1,16782.8828125
2022-10-21 12:50:15,2022-10-21 12:51:27,72,44248.52365451389
2022-10-22 23:46:14,2022-10-22 23:46:43,29,17146.83499461207
2022-10-22 23:46:53,2022-10-22 23:46:56,3,14059.1953125
2022-10-27 12:11:20,2022-10-27 12:11:21,1,14145.8515625
2022-11-02 12:40:00,2022-11-02 12:40:01,1,14925.95703125
2022-11-04 10:50:32,2022-11-04 10:50:33,1,20759.5859375
2022-11-07 12:42:38,2022-11-07 12:42:39,1,20722.6171875
2022-11-10 11:12:53,2022-11-10 11:12:54,1,14361.28515625
2022-11-11 11:36:09,2022-11-11 11:36:13,4,15145.3798828125
2022-11-11 11:36:16,2022-11-11 11:36:30,14,15488.68861607143
2022-11-11 11:36:32,2022-11-11 11:36:39,7,14820.406808035714
2022-11-11 15:16:27,2022-11-11 15:16:28,1,19448.6796875
2022-11-15 10:08:25,2022-11-15 10:08:26,1,17358.4140625
2022-11-18 12:38:35,2022-11-18 12:38:36,1,19909.515625
2022-11-21 11:30:58,2022-11-21 11:30:59,1,19395.4453125
2022-11-22 00:05:30,2022-11-22 00:05:31,1,15503.796875
2022-11-22 00:09:32,2022-11-22 00:09:33,1,19083.25390625
2022-11-22 13:17:20,2022-11-22 13:17:22,2,14539.986328125
2022-11-25 00:12:45,2022-11-25 00:12:46,1,18582.80078125
2022-11-27 23:13:54,2022-11-27 23:13:55,1,16951.80078125
2022-11-28 09:08:00,2022-11-28 09:08:01,1,13946.3984375
2022-11-28 09:08:02,2022-11-28 09:08:03,1,13944.9140625
2022-12-02 20:30:40,2022-12-02 20:30:41,1,15487.57421875
2022-12-02 20:34:41,2022-12-02 20:34:42,1,20180.09375
2022-12-03 10:10:12,2022-12-03 10:10:13,1,13904.00390625
2022-12-07 14:53:45,2022-12-07 14:53:46,1,15756.31640625
2022-12-08 11:30:01,2022-12-08 11:30:02,1,16338.70703125
2022-12-11 09:58:54,2022-12-11 09:58:55,1,13863.55078125
2022-12-11 12:57:24,2022-12-11 12:57:25,1,20297.9609375
2022-12-20 10:04:22,2022-12-20 10:04:47,25,18303.82953125
2022-12-20 10:04:58,2022-12-20 10:05:01,3,16041.553385416666
2022-12-20 10:05:04,2022-12-20 10:05:05,1,14941.50390625
2022-12-20 10:05:06,2022-12-20 10:05:07,1,14335.03515625
2022-12-20 10:05:08,2022-12-20 10:05:09,1,15053.015625
2022-12-20 10:05:14,2022-12-20 10:05:15,1,14921.8515625
2022-12-20 10:05:20,2022-12-20 10:05:21,1,14230.09765625
2022-12-20 10:05:59,2022-12-20 10:06:00,1,14007.7421875
2022-12-20 10:06:04,2022-12-20 10:06:21,17,17824.19025735294
2022-12-20 10:06:22,2022-12-20 10:06:23,1,15036.19140625
2023-01-08 01:07:04,2023-01-08 01:07:06,2,15499.021484375
2023-01-08 01:07:09,2023-01-08 01:07:14,5,15036.34921875
2023-01-08 01:07:16,2023-01-08 01:07:19,3,14826.299479166666
2023-01-08 01:25:04,2023-01-08 01:25:08,4,14516.8955078125
2023-01-08 01:28:17,2023-01-08 01:28:18,1,14075.70703125
2023-01-12 08:49:16,2023-01-12 08:49:17,1,13960.14453125
2023-01-12 08:49:18,2023-01-12 08:49:30,12,16627.457356770832
2023-01-12 08:49:31,2023-01-12 08:49:40,9,17428.151909722223
2023-01-12 08:49:42,2023-01-12 08:49:46,4,14572.318359375
2023-01-12 08:49:49,2023-01-12 08:49:50,1,15506.9140625
2023-01-12 08:49:51,2023-01-12 08:50:04,13,16430.697716346152
2023-01-12 08:50:14,2023-01-12 08:50:16,2,14693.619140625
2023-01-12 08:50:17,2023-01-12 08:50:18,1,14291.26171875
2023-01-12 08:50:19,2023-01-12 08:50:21,2,15851.03515625
2023-01-12 08:51:06,2023-01-12 08:51:07,1,15338.1875
2023-01-12 08:51:22,2023-01-12 08:51:33,11,16376.341264204546
2023-01-12 08:51:57,2023-01-12 08:52:05,8,17179.5869140625
2023-01-12 08:52:17,2023-01-12 08:52:18,1,14155.04296875
2023-01-12 08:52:24,2023-01-12 08:52:25,1,13893.1171875
2023-01-12 08:53:10,2023-01-12 08:53:12,2,14264.86328125
2023-01-12 08:53:15,2023-01-12 08:53:17,2,14390.8828125
2023-01-12 08:53:26,2023-01-12 08:53:27,1,14351.41015625
2023-01-12 08:53:29,2023-01-12 08:53:31,2,14123.931640625
2023-01-12 08:53:51,2023-01-12 08:54:05,14,16686.47237723214
2023-01-12 08:54:31,2023-01-12 08:54:32,1,15478.30078125
2023-01-12 08:54:35,2023-01-12 08:54:37,2,14586.021484375
2023-01-12 08:54:38,2023-01-12 08:54:40,2,15363.9765625
2023-01-12 08:54:48,2023-01-12 08:54:51,3,14890.23828125
2023-01-12 08:55:15,2023-01-12 08:55:17,2,14522.0
2023-01-12 08:55:43,2023-01-12 08:55:44,1,15154.95703125
2023-01-12 08:55:45,2023-01-12 08:55:46,1,14546.5234375
2023-01-12 08:56:03,2023-01-12 08:56:06,3,14980.83203125
2023-01-12 08:57:17,2023-01-12 08:57:18,1,14091.31640625
2023-01-12 08:57:24,2023-01-12 08:57:27,3,14472.029947916666
2023-01-12 08:57:47,2023-01-12 08:57:48,1,14718.15234375
2023-01-12 08:57:58,2023-01-12 08:58:03,5,15009.72109375
2023-01-12 08:58:07,2023-01-12 08:58:08,1,14357.69921875
2023-01-12 08:58:42,2023-01-12 08:58:44,2,14364.287109375
2023-01-12 08:58:51,2023-01-12 08:58:52,1,13982.58984375
2023-01-12 08:59:01,2023-01-12 08:59:05,4,15509.947265625
2023-01-12 08:59:06,2023-01-12 08:59:10,4,15767.837890625
2023-01-12 08:59:25,2023-01-12 08:59:29,4,14924.4931640625
2023-01-12 09:00:20,2023-01-12 09:00:21,1,14986.203125
2023-01-12 09:00:40,2023-01-12 09:00:48,8,15547.6025390625
2023-01-12 09:00:54,2023-01-12 09:00:56,2,14833.353515625
2023-01-12 09:01:49,2023-01-12 09:01:54,5,15788.0921875
2023-01-12 09:03:13,2023-01-12 09:03:16,3,14662.962239583334
2023-01-12 09:03:21,2023-01-12 09:03:22,1,14316.265625
2023-01-12 09:03:28,2023-01-12 09:03:30,2,14702.701171875
2023-01-12 09:04:58,2023-01-12 09:05:00,2,15042.81640625
2023-01-12 09:05:32,2023-01-12 09:05:34,2,14724.62109375
2023-01-12 09:08:38,2023-01-12 09:08:39,1,14010.671875
2023-01-12 11:07:03,2023-01-12 11:07:05,2,15567.62890625
2023-01-12 11:07:08,2023-01-12 11:07:11,3,15080.139322916666
2023-01-12 11:07:12,2023-01-12 11:07:40,28,16592.616768973214
2023-01-12 11:07:42,2023-01-12 11:07:45,3,14883.061197916666
2023-01-12 11:08:46,2023-01-12 11:08:50,4,14752.78125
2023-01-12 11:08:59,2023-01-12 11:09:00,1,13867.3984375
2023-01-12 11:09:08,2023-01-12 11:09:14,6,16066.71875
2023-01-12 11:09:22,2023-01-12 11:09:24,2,15164.71484375
2023-01-12 11:09:35,2023-01-12 11:09:36,1,13929.99609375
2023-01-12 11:10:48,2023-01-12 11:10:54,6,15509.318359375
2023-01-12 11:11:02,2023-01-12 11:11:04,2,14481.748046875
2023-01-12 11:11:05,2023-01-12 11:11:06,1,14776.92578125
2023-01-12 11:12:05,2023-01-12 11:12:06,1,13937.7578125
2023-01-12 11:13:34,2023-01-12 11:13:35,1,14228.0546875
2023-01-12 11:13:36,2023-01-12 11:13:37,1,14352.21875
2023-01-12 11:14:00,2023-01-12 11:14:02,2,14339.94140625
2023-01-12 11:19:05,2023-01-12 11:19:07,2,14996.677734375
2023-01-12 11:19:51,2023-01-12 11:19:53,2,14085.8125
2023-01-12 11:21:30,2023-01-12 11:21:31,1,14266.609375
2023-01-12 11:21:33,2023-01-12 11:21:34,1,13994.89453125
2023-01-12 11:22:14,2023-01-12 11:22:15,1,13900.01953125
2023-01-12 11:22:54,2023-01-12 11:22:56,2,14125.814453125
2023-01-12 11:23:04,2023-01-12 11:23:05,1,14069.08203125
2023-01-12 11:23:07,2023-01-12 11:23:08,1,14553.2578125
2023-01-12 11:23:59,2023-01-12 11:24:00,1,14008.12109375
2023-01-12 11:24:09,2023-01-12 11:24:10,1,14471.97265625
2023-01-12 11:24:12,2023-01-12 11:24:14,2,14328.765625
2023-01-12 12:43:48,2023-01-12 12:43:49,1,13866.359375
2023-01-12 12:43:54,2023-01-12 12:44:14,20,18278.3212890625
2023-01-12 12:44:15,2023-01-12 12:44:25,10,15962.453515625
2023-01-12 12:45:26,2023-01-12 12:45:27,1,14652.75
2023-01-12 12:45:37,2023-01-12 12:45:43,6,15764.609375
2023-01-12 12:45:46,2023-01-12 12:45:47,1,14230.66015625
2023-01-12 12:45:49,2023-01-12 12:45:50,1,14261.48046875
2023-01-12 12:46:08,2023-01-12 12:46:09,1,14466.87109375
2023-01-12 12:46:11,2023-01-12 12:46:12,1,14721.1796875
2023-01-12 12:47:12,2023-01-12 12:47:30,18,16034.485677083334
2023-01-12 12:48:22,2023-01-12 12:48:23,1,14023.09765625
2023-01-12 12:48:38,2023-01-12 12:48:40,2,14268.1953125
2023-01-12 12:48:46,2023-01-12 12:48:50,4,15314.80859375
2023-01-12 12:48:56,2023-01-12 12:48:58,2,16163.798828125
2023-01-12 12:49:09,2023-01-12 12:49:11,2,15183.650390625
2023-01-12 12:50:24,2023-01-12 12:50:25,1,13928.9375
2023-01-12 12:52:23,2023-01-12 12:52:27,4,14503.90234375
2023-01-12 12:52:45,2023-01-12 12:52:46,1,14427.66796875
2023-01-12 12:52:51,2023-01-12 12:52:52,1,15479.24609375
2023-01-12 12:52:56,2023-01-12 12:52:57,1,13860.87109375
2023-01-12 12:58:01,2023-01-12 12:58:02,1,13894.47265625
2023-01-15 16:07:26,2023-01-15 16:07:28,2,14631.98828125
2023-01-15 16:07:32,2023-01-15 16:07:42,10,16280.124609375
2023-01-15 16:16:16,2023-01-15 16:16:17,1,14005.0078125
2023-01-15 16:17:44,2023-01-15 16:17:47,3,14565.05078125
2023-01-16 10:26:45,2023-01-16 10:26:46,1,14049.54296875
2023-01-16 15:07:13,2023-01-16 15:08:07,54,23184.05447048611
2023-01-16 15:08:09,2023-01-16 15:08:10,1,17397.4609375
2023-01-16 15:08:17,2023-01-16 15:08:18,1,13912.17578125
2023-01-16 15:08:19,2023-01-16 15:08:20,1,14007.3203125
2023-01-16 15:08:25,2023-01-16 15:10:11,106,20610.546322228773
2023-01-16 15:10:12,2023-01-16 15:10:19,7,14656.52845982143
2023-01-17 17:09:57,2023-01-17 17:10:22,25,19591.20328125
2023-01-17 17:10:55,2023-01-17 17:10:56,1,13887.2578125
2023-01-17 17:10:57,2023-01-17 17:10:58,1,14131.21484375
2023-01-17 17:11:04,2023-01-17 17:11:06,2,15614.873046875
2023-01-17 17:11:11,2023-01-17 17:11:19,8,15723.861328125
2023-01-17 17:11:20,2023-01-17 17:11:24,4,16952.197265625
2023-01-17 17:11:29,2023-01-17 17:11:31,2,14988.931640625
2023-01-17 17:11:37,2023-01-17 17:11:46,9,17426.477430555555
2023-01-17 17:12:08,2023-01-17 17:12:09,1,13973.90234375
2023-01-17 17:12:15,2023-01-17 17:12:22,7,14780.997767857143
2023-01-17 17:12:23,2023-01-17 17:12:24,1,13891.59375
2023-01-17 17:12:41,2023-01-17 17:12:42,1,13854.51953125
2023-01-17 17:13:11,2023-01-17 17:13:14,3,14415.8203125
2023-01-17 17:13:15,2023-01-17 17:13:19,4,15419.7236328125
2023-01-17 17:13:21,2023-01-17 17:13:22,1,14010.05078125
2023-01-17 17:13:36,2023-01-17 17:13:37,1,14155.37890625
2023-01-17 17:13:38,2023-01-17 17:13:42,4,15047.1484375
2023-01-17 17:14:01,2023-01-17 17:14:02,1,14722.375
2023-01-17 17:14:03,2023-01-17 17:14:07,4,14298.791015625
2023-01-17 17:14:18,2023-01-17 17:14:19,1,14328.0859375
2023-01-17 17:14:27,2023-01-17 17:14:30,3,15155.553385416666
2023-01-17 17:14:32,2023-01-17 17:14:34,2,15152.94140625
2023-01-17 17:14:35,2023-01-17 17:14:39,4,15418.7919921875
2023-01-17 17:14:48,2023-01-17 17:14:50,2,14782.197265625
2023-01-17 17:14:59,2023-01-17 17:15:03,4,15048.9345703125
2023-01-17 17:15:04,2023-01-17 17:15:10,6,15624.7578125
2023-01-17 17:15:49,2023-01-17 17:15:50,1,14871.69140625
2023-01-17 17:15:51,2023-01-17 17:15:57,6,15338.445963541666
2023-01-17 17:15:58,2023-01-17 17:16:02,4,14587.169921875
2023-01-17 17:16:59,2023-01-17 17:17:00,1,14891.296875
2023-01-17 17:17:06,2023-01-17 17:17:07,1,14610.52734375
2023-01-17 17:17:31,2023-01-17 17:17:41,10,15664.694921875
2023-01-17 17:17:43,2023-01-17 17:17:44,1,15482.9921875
2023-01-24 00:49:24,2023-01-24 00:49:30,6,15846.960286458334
2023-01-24 00:51:15,2023-01-24 00:51:16,1,14289.2421875
2023-01-27 02:30:47,2023-01-27 02:31:06,19,16979.79255756579
2023-01-27 02:32:00,2023-01-27 02:32:04,4,16243.0498046875
2023-01-27 02:32:13,2023-01-27 02:32:20,7,15479.470424107143
2023-01-27 02:34:59,2023-01-27 02:35:00,1,14003.66796875
2023-01-31 14:17:14,2023-01-31 14:17:50,36,20479.766167534723
2023-01-31 14:17:52,2023-01-31 14:17:56,4,14539.876953125
2023-01-31 14:18:02,2023-01-31 14:18:11,9,16188.648003472223
2023-01-31 14:18:13,2023-01-31 14:18:14,1,16430.26953125
2023-01-31 14:18:49,2023-01-31 14:18:51,2,14224.69140625
2023-01-31 14:18:52,2023-01-31 14:18:56,4,15329.8125
2023-01-31 14:19:16,2023-01-31 14:19:27,11,16598.077769886364
2023-01-31 14:19:29,2023-01-31 14:19:31,2,15705.9921875
2023-01-31 14:19:33,2023-01-31 14:19:34,1,15656.96484375
2023-01-31 14:19:35,2023-01-31 14:19:36,1,14630.671875
2023-01-31 14:19:43,2023-01-31 14:19:47,4,15683.0634765625
2023-01-31 14:19:49,2023-01-31 14:19:51,2,14636.841796875
2023-01-31 14:19:54,2023-01-31 14:19:58,4,15427.90625
2023-01-31 14:20:05,2023-01-31 14:20:20,15,16675.133854166666
2023-01-31 14:20:33,2023-01-31 14:20:42,9,16144.064236111111
2023-01-31 14:20:49,2023-01-31 14:20:57,8,16368.44873046875
2023-01-31 14:21:01,2023-01-31 14:21:06,5,15160.31015625
2023-01-31 14:21:07,2023-01-31 14:21:10,3,15475.3125
2023-01-31 14:21:11,2023-01-31 14:21:13,2,16299.146484375
2023-01-31 14:21:14,2023-01-31 14:21:15,1,14129.35546875
2023-01-31 14:21:16,2023-01-31 14:21:25,9,15020.5859375
2023-01-31 14:21:29,2023-01-31 14:21:35,6,16783.072916666668
2023-01-31 14:21:37,2023-01-31 14:21:38,1,14886.0859375
2023-01-31 14:21:40,2023-01-31 14:21:44,4,15051.2705078125
2023-01-31 14:21:50,2023-01-31 14:22:05,15,15965.569010416666
2023-01-31 14:22:07,2023-01-31 14:22:24,17,17515.933823529413
2023-01-31 14:22:38,2023-01-31 14:23:06,28,16537.61007254464
2023-01-31 14:23:07,2023-01-31 14:23:08,1,13892.83203125
2023-01-31 14:23:13,2023-01-31 14:23:22,9,15943.057291666666
2023-01-31 14:23:23,2023-01-31 14:23:26,3,16157.225260416666
2023-01-31 14:23:40,2023-01-31 14:23:43,3,14683.26171875
2023-01-31 14:23:44,2023-01-31 14:24:02,18,17657.847005208332
2023-01-31 14:24:06,2023-01-31 14:24:08,2,15342.443359375
2023-01-31 14:24:17,2023-01-31 14:24:25,8,16930.19677734375
2023-01-31 14:24:26,2023-01-31 14:24:29,3,14572.830729166666
2023-01-31 14:24:30,2023-01-31 14:24:31,1,14414.46484375
2023-01-31 14:24:37,2023-01-31 14:24:40,3,15125.09375
2023-01-31 14:24:41,2023-01-31 14:24:46,5,14871.2796875
2023-01-31 14:24:52,2023-01-31 14:24:53,1,14226.05859375
2023-01-31 14:24:56,2023-01-31 14:25:05,9,16239.846354166666
2023-01-31 14:25:06,2023-01-31 14:25:10,4,16753.9267578125
2023-01-31 14:25:15,2023-01-31 14:25:16,1,14191.953125
2023-01-31 14:25:17,2023-01-31 14:25:24,7,15236.01841517857
2023-01-31 14:25:27,2023-01-31 14:25:28,1,14971.953125
2023-01-31 14:25:29,2023-01-31 14:25:32,3,14558.463541666666
2023-01-31 14:25:33,2023-01-31 14:25:34,1,15298.5078125
2023-01-31 14:25:35,2023-01-31 14:25:44,9,16352.520399305555
2023-01-31 14:25:51,2023-01-31 14:25:58,7,15680.0703125
2023-01-31 14:25:59,2023-01-31 14:26:15,16,15765.37939453125
2023-01-31 14:26:16,2023-01-31 14:26:21,5,15049.1296875
2023-01-31 14:26:22,2023-01-31 14:26:34,12,17684.80078125
2023-01-31 14:26:46,2023-01-31 14:26:54,8,15257.47705078125
2023-01-31 14:26:58,2023-01-31 14:26:59,1,14513.16015625
2023-01-31 14:27:02,2023-01-31 14:27:05,3,16035.0546875
2023-01-31 14:27:06,2023-01-31 14:27:22,16,16731.745849609375
2023-01-31 14:27:39,2023-01-31 14:27:40,1,14416.9765625
2023-01-31 14:27:41,2023-01-31 14:28:00,19,17198.423519736843
2023-01-31 14:28:05,2023-01-31 14:28:24,19,16569.982935855263
2023-01-31 14:28:26,2023-01-31 14:28:27,1,14037.17578125
2023-01-31 14:28:30,2023-01-31 14:28:31,1,14879.83984375
2023-01-31 14:28:32,2023-01-31 14:28:39,7,15679.238839285714
2023-01-31 14:28:50,2023-01-31 14:28:52,2,15845.1171875
2023-01-31 14:28:54,2023-01-31 14:28:59,5,15417.15546875
2023-01-31 14:29:00,2023-01-31 14:29:03,3,14198.502604166666
2023-01-31 14:29:06,2023-01-31 14:29:17,11,17918.90411931818
2023-01-31 14:29:23,2023-01-31 14:29:24,1,14272.42578125
2023-01-31 14:29:35,2023-01-31 14:29:36,1,14598.91796875
2023-01-31 17:10:53,2023-01-31 17:10:57,4,15089.6005859375
2023-01-31 17:11:01,2023-01-31 17:11:02,1,14781.24609375
2023-01-31 17:11:08,2023-01-31 17:11:10,2,14378.876953125
2023-01-31 17:25:38,2023-01-31 17:25:41,3,14420.615885416666
2023-01-31 17:31:28,2023-01-31 17:31:29,1,14531.23828125
2023-01-31 17:49:32,2023-01-31 17:49:35,3,15301.506510416666
2023-01-31 17:49:44,2023-01-31 17:49:46,2,16526.294921875
2023-01-31 17:49:47,2023-01-31 17:49:48,1,15307.3359375
2023-02-01 23:08:33,2023-02-01 23:08:35,2,16101.177734375
2023-02-01 23:08:44,2023-02-01 23:08:45,1,13911.2734375
2023-02-01 23:11:28,2023-02-01 23:11:29,1,15865.00390625
2023-02-01 23:11:39,2023-02-01 23:11:41,2,18261.59765625
2023-02-01 23:11:50,2023-02-01 23:11:52,2,17720.541015625
2023-02-01 23:12:01,2023-02-01 23:12:03,2,17367.83203125
2023-02-01 23:12:13,2023-02-01 23:12:15,2,17111.921875
2023-02-01 23:12:24,2023-02-01 23:12:26,2,17266.630859375
2023-02-01 23:12:36,2023-02-01 23:12:38,2,16708.697265625
2023-02-01 23:12:47,2023-02-01 23:12:49,2,17495.927734375
2023-02-01 23:12:59,2023-02-01 23:13:01,2,16754.75390625
2023-02-01 23:13:10,2023-02-01 23:13:12,2,17044.205078125
2023-02-01 23:13:21,2023-02-01 23:13:24,3,15455.671875
2023-02-01 23:13:34,2023-02-01 23:13:35,1,14668.21875
2023-02-01 23:13:46,2023-02-01 23:13:47,1,20018.90234375
2023-02-01 23:13:57,2023-02-01 23:13:59,2,18654.125
2023-02-01 23:14:09,2023-02-01 23:14:10,1,18300.84375
2023-02-01 23:14:20,2023-02-01 23:14:22,2,16960.076171875
2023-02-01 23:14:31,2023-02-01 23:14:33,2,16756.26953125
2023-02-01 23:14:43,2023-02-01 23:14:45,2,16880.08984375
2023-02-01 23:14:55,2023-02-01 23:14:56,1,17463.77734375
2023-02-01 23:15:07,2023-02-01 23:15:08,1,17982.96875
2023-02-01 23:15:18,2023-02-01 23:15:19,1,15094.8046875
2023-02-01 23:15:29,2023-02-01 23:15:31,2,16111.216796875
2023-02-01 23:15:41,2023-02-01 23:15:42,1,16073.3984375
2023-02-01 23:15:52,2023-02-01 23:15:53,1,15337.34375
2023-02-01 23:16:03,2023-02-01 23:16:04,1,14744.84375
2023-02-01 23:16:14,2023-02-01 23:16:15,1,14677.234375
2023-02-01 23:20:48,2023-02-01 23:20:49,1,14821.69140625
2023-02-01 23:20:59,2023-02-01 23:21:01,2,16204.23828125
2023-02-01 23:21:10,2023-02-01 23:21:12,2,16472.595703125
2023-02-01 23:21:21,2023-02-01 23:21:23,2,16288.62890625
2023-02-01 23:21:33,2023-02-01 23:21:34,1,17777.1171875
2023-02-01 23:21:44,2023-02-01 23:21:45,1,14304.984375
2023-02-01 23:23:52,2023-02-01 23:23:54,2,16482.859375
2023-02-01 23:24:04,2023-02-01 23:24:06,2,16816.84765625
2023-02-01 23:24:15,2023-02-01 23:24:17,2,17142.11328125
2023-02-01 23:24:26,2023-02-01 23:24:28,2,15593.275390625
2023-02-01 23:24:37,2023-02-01 23:24:39,2,16410.33203125
2023-02-01 23:24:49,2023-02-01 23:24:50,1,15345.80078125
2023-02-01 23:25:00,2023-02-01 23:25:01,1,15309.4453125
2023-02-01 23:25:22,2023-02-01 23:25:23,1,15948.00390625
2023-02-01 23:25:33,2023-02-01 23:25:34,1,16999.5703125
2023-02-01 23:25:44,2023-02-01 23:25:45,1,16444.52734375
2023-02-01 23:25:55,2023-02-01 23:25:56,1,16268.37109375
2023-02-01 23:26:06,2023-02-01 23:26:07,1,13981.12890625
2023-02-01 23:28:23,2023-02-01 23:28:24,1,15233.171875
2023-02-01 23:28:34,2023-02-01 23:28:36,2,17102.888671875
2023-02-01 23:28:46,2023-02-01 23:28:48,2,16300.994140625
2023-02-01 23:28:57,2023-02-01 23:28:59,2,16406.09375
2023-02-01 23:29:08,2023-02-01 23:29:10,2,15467.212890625
2023-02-01 23:29:20,2023-02-01 23:29:21,1,15518.70703125
2023-02-01 23:29:31,2023-02-01 23:29:32,1,14853.140625
2023-02-01 23:31:37,2023-02-01 23:31:39,2,16442.9453125
2023-02-01 23:31:48,2023-02-01 23:31:50,2,17978.697265625
2023-02-01 23:31:59,2023-02-01 23:32:01,2,16556.767578125
2023-02-01 23:32:11,2023-02-01 23:32:12,1,17044.66796875
2023-02-01 23:34:06,2023-02-01 23:34:07,1,14418.8359375
2023-02-01 23:34:17,2023-02-01 23:34:19,2,17815.3125
2023-02-01 23:34:29,2023-02-01 23:34:30,1,19102.921875
2023-02-01 23:34:40,2023-02-01 23:34:41,1,17296.8359375
2023-02-01 23:34:51,2023-02-01 23:34:53,2,15648.470703125
2023-02-01 23:35:03,2023-02-01 23:35:04,1,17332.69140625
2023-02-01 23:36:48,2023-02-01 23:36:49,1,14021.68359375
2023-02-01 23:36:58,2023-02-01 23:37:00,2,17087.494140625
2023-02-01 23:37:09,2023-02-01 23:37:11,2,16290.484375
2023-02-01 23:37:21,2023-02-01 23:37:23,2,17223.025390625
2023-02-01 23:37:32,2023-02-01 23:37:34,2,17799.728515625
2023-02-01 23:37:43,2023-02-01 23:37:45,2,17840.841796875
2023-02-01 23:37:54,2023-02-01 23:37:56,2,17263.5234375
2023-02-01 23:38:05,2023-02-01 23:38:07,2,16601.453125
2023-02-01 23:38:16,2023-02-01 23:38:18,2,14938.583984375
2023-02-01 23:38:27,2023-02-01 23:38:29,2,14584.98828125
2023-02-01 23:40:30,2023-02-01 23:40:31,1,13913.765625
2023-02-01 23:40:52,2023-02-01 23:40:54,2,14063.779296875
2023-02-01 23:41:03,2023-02-01 23:41:05,2,17119.73046875
2023-02-01 23:41:14,2023-02-01 23:41:16,2,16639.86328125
2023-02-01 23:41:26,2023-02-01 23:41:27,1,18685.60546875
2023-02-01 23:41:37,2023-02-01 23:41:39,2,17412.033203125
2023-02-01 23:41:48,2023-02-01 23:41:50,2,17619.259765625
2023-02-01 23:41:59,2023-02-01 23:42:01,2,17755.025390625
2023-02-01 23:42:10,2023-02-01 23:42:12,2,17238.34765625
2023-02-01 23:42:21,2023-02-01 23:42:23,2,18289.45703125
2023-02-01 23:42:32,2023-02-01 23:42:34,2,18231.4609375
2023-02-01 23:42:43,2023-02-01 23:42:45,2,18471.8828125
2023-02-01 23:42:54,2023-02-01 23:42:56,2,17521.61328125
2023-02-01 23:43:06,2023-02-01 23:43:07,1,20435.3359375
2023-02-01 23:43:17,2023-02-01 23:43:19,2,16872.26171875
2023-02-01 23:43:28,2023-02-01 23:43:30,2,17251.01953125
2023-02-01 23:43:39,2023-02-01 23:43:41,2,15728.376953125
2023-02-01 23:43:50,2023-02-01 23:43:52,2,14846.955078125
2023-02-01 23:44:02,2023-02-01 23:44:03,1,13996.79296875
2023-02-01 23:46:06,2023-02-01 23:46:08,2,15702.36328125
2023-02-01 23:46:18,2023-02-01 23:46:20,2,16630.185546875
2023-02-01 23:46:29,2023-02-01 23:46:31,2,17246.8984375
2023-02-01 23:46:40,2023-02-01 23:46:42,2,16851.208984375
2023-02-01 23:46:52,2023-02-01 23:46:53,1,20181.40625
2023-02-01 23:47:03,2023-02-01 23:47:05,2,15380.92578125
2023-02-01 23:47:15,2023-02-01 23:47:16,1,18181.81640625
2023-02-01 23:47:26,2023-02-01 23:47:27,1,15361.98828125
2023-02-01 23:49:32,2023-02-01 23:49:33,1,16492.109375
2023-02-01 23:49:43,2023-02-01 23:49:45,2,17751.810546875
2023-02-01 23:49:54,2023-02-01 23:49:56,2,17375.7265625
2023-02-01 23:50:06,2023-02-01 23:50:07,1,19862.953125
2023-02-01 23:50:17,2023-02-01 23:50:18,1,18829.37109375
2023-02-01 23:50:28,2023-02-01 23:50:30,2,15428.583984375
2023-02-01 23:50:40,2023-02-01 23:50:41,1,15198.62890625
2023-02-01 23:52:24,2023-02-01 23:52:25,1,15544.5234375
2023-02-01 23:52:36,2023-02-01 23:52:37,1,16265.21484375
2023-02-01 23:52:46,2023-02-01 23:52:48,2,16539.58203125
2023-02-01 23:52:58,2023-02-01 23:53:00,2,17402.111328125
2023-02-01 23:53:09,2023-02-01 23:53:11,2,17023.28515625
2023-02-01 23:53:21,2023-02-01 23:53:22,1,20332.00390625
2023-02-01 23:53:32,2023-02-01 23:53:34,2,17181.173828125
2023-02-01 23:53:43,2023-02-01 23:53:45,2,16837.07421875
2023-02-01 23:53:54,2023-02-01 23:53:56,2,17054.80078125
2023-02-01 23:54:06,2023-02-01 23:54:08,2,16974.64453125
2023-02-01 23:54:17,2023-02-01 23:54:19,2,17177.994140625
2023-02-01 23:54:28,2023-02-01 23:54:30,2,17928.78515625
2023-02-01 23:54:40,2023-02-01 23:54:41,1,20165.25390625
2023-02-01 23:54:51,2023-02-01 23:54:53,2,16948.072265625
2023-02-01 23:55:03,2023-02-01 23:55:04,1,18404.57421875
2023-02-01 23:55:14,2023-02-01 23:55:15,1,17527.09765625
2023-02-01 23:55:25,2023-02-01 23:55:26,1,14814.57421875
2023-02-01 23:56:34,2023-02-01 23:56:35,1,13874.6640625
2023-02-01 23:57:42,2023-02-01 23:57:44,2,14868.146484375
2023-02-01 23:57:53,2023-02-01 23:57:55,2,18943.95703125
2023-02-01 23:58:04,2023-02-01 23:58:06,2,17255.4609375
2023-02-01 23:58:16,2023-02-01 23:58:18,2,16807.169921875
2023-02-01 23:58:27,2023-02-01 23:58:29,2,17202.763671875
2023-02-01 23:58:38,2023-02-01 23:58:40,2,16272.271484375
2023-02-01 23:58:49,2023-02-01 23:58:51,2,15616.78515625
2023-02-01 23:59:01,2023-02-01 23:59:02,1,14775.015625
2023-02-02 00:00:55,2023-02-02 00:00:57,2,15933.490234375
2023-02-02 00:01:06,2023-02-02 00:01:08,2,16858.599609375
2023-02-02 00:01:18,2023-02-02 00:01:20,2,17556.390625
2023-02-02 00:01:29,2023-02-02 00:01:31,2,17775.369140625
2023-02-02 00:01:40,2023-02-02 00:01:42,2,17342.76953125
2023-02-02 00:01:52,2023-02-02 00:01:54,2,17047.068359375
2023-02-02 00:02:03,2023-02-02 00:02:05,2,16570.44921875
2023-02-02 00:02:15,2023-02-02 00:02:17,2,16884.037109375
2023-02-02 00:02:26,2023-02-02 00:02:28,2,16521.93359375
2023-02-02 00:02:37,2023-02-02 00:02:38,1,14412.2109375
2023-02-02 00:04:43,2023-02-02 00:04:44,1,18209.26171875
2023-02-02 00:04:54,2023-02-02 00:04:56,2,18773.642578125
2023-02-02 00:05:05,2023-02-02 00:05:07,2,16872.701171875
2023-02-02 00:05:17,2023-02-02 00:05:19,2,16628.619140625
2023-02-02 00:05:28,2023-02-02 00:05:30,2,16014.671875
2023-02-02 00:07:00,2023-02-02 00:07:02,2,17269.24609375
2023-02-02 00:07:12,2023-02-02 00:07:14,2,16556.80859375
2023-02-02 00:07:23,2023-02-02 00:07:25,2,16190.689453125
2023-02-02 00:07:34,2023-02-02 00:07:36,2,14678.759765625
2023-02-02 00:09:30,2023-02-02 00:09:31,1,15908.76171875
2023-02-02 00:09:41,2023-02-02 00:09:43,2,17289.2734375
2023-02-02 00:09:53,2023-02-02 00:09:55,2,17356.478515625
2023-02-02 00:10:04,2023-02-02 00:10:06,2,17176.3125
2023-02-02 00:10:16,2023-02-02 00:10:18,2,16777.396484375
2023-02-02 00:10:27,2023-02-02 00:10:29,2,15616.78515625
2023-02-02 00:10:39,2023-02-02 00:10:40,1,18526.71484375
2023-02-02 00:10:50,2023-02-02 00:10:52,2,15263.654296875
2023-02-02 00:12:45,2023-02-02 00:12:46,1,15155.26953125
2023-02-02 00:12:56,2023-02-02 00:12:58,2,17743.248046875
2023-02-02 00:13:07,2023-02-02 00:13:09,2,19223.71875
2023-02-02 00:13:18,2023-02-02 00:13:20,2,16482.537109375
2023-02-02 00:13:30,2023-02-02 00:13:32,2,17363.423828125
2023-02-02 00:13:41,2023-02-02 00:13:43,2,18900.8125
2023-02-02 00:13:52,2023-02-02 00:13:54,2,18574.2265625
2023-02-02 00:14:03,2023-02-02 00:14:05,2,17279.435546875
2023-02-02 00:14:15,2023-02-02 00:14:17,2,17683.361328125
2023-02-02 00:14:26,2023-02-02 00:14:28,2,17831.8046875
2023-02-02 00:14:37,2023-02-02 00:14:39,2,17381.990234375
2023-02-02 00:14:49,2023-02-02 00:14:51,2,18303.65625
2023-02-02 00:15:00,2023-02-02 00:15:02,2,17267.765625
2023-02-02 00:15:12,2023-02-02 00:15:13,1,19503.34375
2023-02-02 00:15:23,2023-02-02 00:15:25,2,18228.796875
2023-02-02 00:15:34,2023-02-02 00:15:36,2,17438.751953125
2023-02-02 00:20:01,2023-02-02 00:20:02,1,16233.30859375
2023-02-02 00:22:17,2023-02-02 00:22:18,1,18893.05859375
2023-02-02 00:22:29,2023-02-02 00:22:31,2,15194.986328125
2023-02-02 00:24:56,2023-02-02 00:24:57,1,15768.390625
2023-02-02 00:25:34,2023-02-02 00:25:35,1,14004.5390625
2023-02-02 00:25:47,2023-02-02 00:25:48,1,15545.65625
2023-02-02 00:25:59,2023-02-02 00:26:00,1,16277.1328125
2023-02-02 00:26:11,2023-02-02 00:26:13,2,14410.806640625
2023-02-02 00:26:22,2023-02-02 00:26:24,2,14967.951171875
2023-02-02 00:27:26,2023-02-02 00:27:27,1,14161.7578125
2023-02-02 00:27:37,2023-02-02 00:27:38,1,14883.125
2023-02-02 00:27:48,2023-02-02 00:27:49,1,16822.33984375
2023-02-02 00:27:59,2023-02-02 00:28:00,1,18080.14453125
2023-02-02 00:28:10,2023-02-02 00:28:12,2,19059.900390625
2023-02-02 00:28:21,2023-02-02 00:28:23,2,17108.052734375
2023-02-02 00:28:33,2023-02-02 00:28:35,2,16892.1953125
2023-02-02 00:28:44,2023-02-02 00:28:46,2,17965.927734375
2023-02-02 00:28:55,2023-02-02 00:28:57,2,17578.583984375
2023-02-02 00:29:07,2023-02-02 00:29:09,2,18088.580078125
2023-02-02 00:29:18,2023-02-02 00:29:20,2,18269.84765625
2023-02-02 00:29:30,2023-02-02 00:29:32,2,16707.39453125
2023-02-02 00:29:41,2023-02-02 00:29:43,2,17923.8203125
2023-02-02 00:29:53,2023-02-02 00:29:55,2,16950.955078125
2023-02-02 00:30:04,2023-02-02 00:30:06,2,17872.943359375
2023-02-02 00:30:15,2023-02-02 00:30:18,3,15371.643229166666
2023-02-02 00:30:27,2023-02-02 00:30:29,2,18484.87890625
2023-02-02 00:30:38,2023-02-02 00:30:40,2,17201.9765625
2023-02-02 00:30:50,2023-02-02 00:30:52,2,17459.166015625
2023-02-02 00:31:01,2023-02-02 00:31:03,2,17751.994140625
2023-02-02 00:31:13,2023-02-02 00:31:14,1,19758.78125
2023-02-02 00:31:24,2023-02-02 00:31:26,2,17381.771484375
2023-02-02 00:31:35,2023-02-02 00:31:37,2,18140.33984375
2023-02-02 00:31:47,2023-02-02 00:31:48,1,20300.24609375
2023-02-02 00:31:58,2023-02-02 00:32:00,2,17449.337890625
2023-02-02 00:32:09,2023-02-02 00:32:11,2,18078.080078125
2023-02-02 00:32:21,2023-02-02 00:32:22,1,18863.828125
2023-02-02 00:32:32,2023-02-02 00:32:34,2,18903.087890625
2023-02-02 00:32:43,2023-02-02 00:32:45,2,17600.9140625
2023-02-02 00:35:51,2023-02-02 00:35:52,1,15840.57421875
2023-02-02 00:36:27,2023-02-02 00:36:29,2,17136.357421875
2023-02-02 00:36:39,2023-02-02 00:36:40,1,21485.78125
2023-02-02 00:36:50,2023-02-02 00:36:52,2,17877.71484375
2023-02-02 00:37:02,2023-02-02 00:37:04,2,15721.83984375
2023-02-02 00:37:26,2023-02-02 00:37:28,2,15960.17578125
2023-02-02 00:37:37,2023-02-02 00:37:39,2,18192.142578125
2023-02-02 00:37:49,2023-02-02 00:37:50,1,14662.47265625
2023-02-02 00:38:03,2023-02-02 00:38:04,1,16611.046875
2023-02-02 00:38:14,2023-02-02 00:38:16,2,17641.822265625
2023-02-02 00:38:26,2023-02-02 00:38:28,2,15226.42578125
2023-02-02 00:38:39,2023-02-02 00:38:40,1,17257.7265625
2023-02-02 00:40:36,2023-02-02 00:40:37,1,15892.875
2023-02-02 00:40:48,2023-02-02 00:40:49,1,14580.1171875
2023-02-02 00:42:14,2023-02-02 00:42:15,1,16400.4296875
2023-02-02 00:42:25,2023-02-02 00:42:27,2,17387.349609375
2023-02-02 00:42:37,2023-02-02 00:42:39,2,16076.734375
2023-02-02 00:42:49,2023-02-02 00:42:50,1,16978.71875
2023-02-02 00:43:00,2023-02-02 00:43:02,2,15793.955078125
2023-02-02 00:43:12,2023-02-02 00:43:14,2,18514.73046875
2023-02-02 00:43:23,2023-02-02 00:43:25,2,17977.87890625
2023-02-02 00:43:34,2023-02-02 00:43:36,2,16282.470703125
2023-02-02 00:45:43,2023-02-02 00:45:44,1,14434.73828125
2023-02-02 00:45:54,2023-02-02 00:45:56,2,17686.708984375
2023-02-02 00:46:05,2023-02-02 00:46:07,2,18594.9296875
2023-02-02 00:46:17,2023-02-02 00:46:18,1,19230.921875
2023-02-02 00:46:28,2023-02-02 00:46:30,2,17285.568359375
2023-02-02 00:46:39,2023-02-02 00:46:41,2,16457.11328125
2023-02-02 00:46:51,2023-02-02 00:46:52,1,14077.484375
2023-02-02 00:48:47,2023-02-02 00:48:49,2,16627.08203125
2023-02-02 00:48:58,2023-02-02 00:49:01,3,15799.58984375
2023-02-02 00:49:10,2023-02-02 00:49:12,2,19439.06640625
2023-02-02 00:49:21,2023-02-02 00:49:23,2,17799.203125
2023-02-02 00:49:32,2023-02-02 00:49:34,2,18241.34375
2023-02-02 00:49:44,2023-02-02 00:49:46,2,16942.609375
2023-02-02 00:49:55,2023-02-02 00:49:57,2,17949.046875
2023-02-02 00:50:06,2023-02-02 00:50:08,2,17607.513671875
2023-02-02 00:50:17,2023-02-02 00:50:19,2,17214.421875
2023-02-02 00:50:29,2023-02-02 00:50:30,1,19745.203125
2023-02-02 00:50:40,2023-02-02 00:50:42,2,17516.62109375
2023-02-02 00:50:51,2023-02-02 00:50:53,2,16052.935546875
2023-02-02 00:51:03,2023-02-02 00:51:04,1,17239.65234375
2023-02-02 00:51:14,2023-02-02 00:51:16,2,15027.2421875
2023-02-02 00:51:25,2023-02-02 00:51:27,2,14142.369140625
2023-02-02 00:52:23,2023-02-02 00:52:24,1,14466.2734375
2023-02-02 00:52:57,2023-02-02 00:52:58,1,14077.35546875
2023-02-02 00:53:31,2023-02-02 00:53:32,1,14159.984375
2023-02-02 00:53:54,2023-02-02 00:53:55,1,14252.640625
2023-02-02 00:54:06,2023-02-02 00:54:08,2,14625.6484375
2023-02-02 00:54:17,2023-02-02 00:54:19,2,17480.80078125
2023-02-02 00:54:29,2023-02-02 00:54:31,2,18486.810546875
2023-02-02 00:54:41,2023-02-02 00:54:42,1,20472.05078125
2023-02-02 00:54:52,2023-02-02 00:54:54,2,16988.150390625
2023-02-02 00:55:03,2023-02-02 00:55:05,2,17715.125
2023-02-02 00:55:15,2023-02-02 00:55:16,1,18473.00390625
2023-02-02 00:55:26,2023-02-02 00:55:28,2,16225.998046875
2023-02-02 00:55:37,2023-02-02 00:55:39,2,15798.5390625
2023-02-02 00:55:49,2023-02-02 00:55:50,1,14971.77734375
2023-02-02 00:56:01,2023-02-02 00:56:02,1,13904.23046875
2023-02-02 00:56:12,2023-02-02 00:56:13,1,14250.7265625
2023-02-02 00:56:46,2023-02-02 00:56:47,1,14522.40625
2023-02-02 00:57:31,2023-02-02 00:57:32,1,14173.921875
2023-02-02 00:58:27,2023-02-02 00:58:29,2,16245.09765625
2023-02-02 00:58:38,2023-02-02 00:58:40,2,17521.7734375
2023-02-02 00:58:50,2023-02-02 00:58:52,2,17049.546875
2023-02-02 00:59:01,2023-02-02 00:59:03,2,17835.51171875
2023-02-02 00:59:13,2023-02-02 00:59:14,1,21850.2734375
2023-02-02 00:59:24,2023-02-02 00:59:25,1,20621.58984375
2023-02-02 00:59:35,2023-02-02 00:59:36,1,19689.26953125
2023-02-02 00:59:46,2023-02-02 00:59:48,2,16981.017578125
2023-02-02 00:59:57,2023-02-02 00:59:59,2,15581.873046875
2023-02-02 01:00:08,2023-02-02 01:00:10,2,16651.228515625
2023-02-02 01:00:19,2023-02-02 01:00:21,2,15026.84375
2023-02-02 01:00:30,2023-02-02 01:00:32,2,14639.14453125
2023-02-02 01:00:41,2023-02-02 01:00:42,1,13904.26953125
2023-02-02 01:01:05,2023-02-02 01:01:06,1,14252.22265625
2023-02-02 01:01:16,2023-02-02 01:01:17,1,13937.34765625
2023-02-02 01:01:50,2023-02-02 01:01:51,1,13968.6953125
2023-02-02 01:02:24,2023-02-02 01:02:25,1,13973.609375
2023-02-02 01:02:58,2023-02-02 01:02:59,1,14519.20703125
2023-02-02 01:03:10,2023-02-02 01:03:12,2,16436.080078125
2023-02-02 01:03:21,2023-02-02 01:03:23,2,18572.94140625
2023-02-02 01:03:33,2023-02-02 01:03:35,2,17474.837890625
2023-02-02 01:03:44,2023-02-02 01:03:46,2,18071.96875
2023-02-02 01:03:56,2023-02-02 01:03:57,1,20485.96484375
2023-02-02 01:04:07,2023-02-02 01:04:09,2,17548.88671875
2023-02-02 01:04:19,2023-02-02 01:04:20,1,20958.07421875
2023-02-02 01:04:30,2023-02-02 01:04:32,2,16942.98046875
2023-02-02 01:04:41,2023-02-02 01:04:43,2,18369.51171875
2023-02-02 01:04:53,2023-02-02 01:04:54,1,20220.765625
2023-02-02 01:05:29,2023-02-02 01:05:30,1,14300.3984375
2023-02-02 01:06:03,2023-02-02 01:06:04,1,14035.4609375
2023-02-02 01:06:59,2023-02-02 01:07:00,1,14296.6171875
2023-02-02 01:07:11,2023-02-02 01:07:13,2,15772.875
2023-02-02 01:07:22,2023-02-02 01:07:24,2,18162.2890625
2023-02-02 01:07:34,2023-02-02 01:07:35,1,18695.02734375
2023-02-02 01:07:45,2023-02-02 01:07:47,2,17324.10546875
2023-02-02 01:07:56,2023-02-02 01:07:58,2,17589.416015625
2023-02-02 01:08:08,2023-02-02 01:08:09,1,19237.515625
2023-02-02 01:08:19,2023-02-02 01:08:21,2,16738.0078125
2023-02-02 01:08:30,2023-02-02 01:08:32,2,16961.2109375
2023-02-02 01:08:42,2023-02-02 01:08:43,1,19934.484375
2023-02-02 01:08:53,2023-02-02 01:08:54,1,19561.09375
2023-02-02 01:09:04,2023-02-02 01:09:06,2,17041.908203125
2023-02-02 01:09:16,2023-02-02 01:09:17,1,20810.9921875
2023-02-02 01:09:27,2023-02-02 01:09:29,2,16605.869140625
2023-02-02 01:09:38,2023-02-02 01:09:40,2,17832.900390625
2023-02-02 01:09:49,2023-02-02 01:09:51,2,17656.490234375
2023-02-02 01:10:00,2023-02-02 01:10:02,2,17174.65234375
2023-02-02 01:10:12,2023-02-02 01:10:14,2,16495.71484375
2023-02-02 01:10:23,2023-02-02 01:10:25,2,16255.1953125
2023-02-02 01:10:35,2023-02-02 01:10:36,1,15564.4921875
2023-02-02 01:10:46,2023-02-02 01:10:47,1,13995.53125
2023-02-02 01:10:58,2023-02-02 01:10:59,1,14498.99609375
2023-02-02 01:11:32,2023-02-02 01:11:33,1,14200.171875
2023-02-02 01:12:06,2023-02-02 01:12:07,1,14076.0234375
2023-02-02 01:12:40,2023-02-02 01:12:42,2,15882.92578125
2023-02-02 01:12:52,2023-02-02 01:12:54,2,17045.77734375
2023-02-02 01:13:03,2023-02-02 01:13:05,2,17282.134765625
2023-02-02 01:13:15,2023-02-02 01:13:17,2,17329.59765625
2023-02-02 01:13:26,2023-02-02 01:13:28,2,18552.658203125
2023-02-02 01:13:38,2023-02-02 01:13:39,1,19534.015625
2023-02-02 01:13:49,2023-02-02 01:13:51,2,18214.22265625
2023-02-02 01:14:00,2023-02-02 01:14:02,2,17538.44921875
2023-02-02 01:14:12,2023-02-02 01:14:13,1,19450.8984375
2023-02-02 01:14:23,2023-02-02 01:14:25,2,18611.337890625
2023-02-02 01:14:34,2023-02-02 01:14:36,2,16972.57421875
2023-02-02 01:14:46,2023-02-02 01:14:48,2,18164.509765625
2023-02-02 01:14:57,2023-02-02 01:14:59,2,17076.78125
2023-02-02 01:15:09,2023-02-02 01:15:11,2,18582.244140625
2023-02-02 01:15:20,2023-02-02 01:15:22,2,17836.80859375
2023-02-02 01:15:32,2023-02-02 01:15:33,1,20309.3046875
2023-02-02 01:15:43,2023-02-02 01:15:45,2,17036.041015625
2023-02-02 01:15:54,2023-02-02 01:15:56,2,15409.048828125
2023-02-02 01:17:38,2023-02-02 01:17:39,1,13964.66796875
2023-02-02 01:17:49,2023-02-02 01:17:50,1,14387.7109375
2023-02-02 01:18:12,2023-02-02 01:18:14,2,16790.376953125
2023-02-02 01:18:23,2023-02-02 01:18:25,2,17561.73046875
2023-02-02 01:18:34,2023-02-02 01:18:36,2,17204.224609375
2023-02-02 01:18:46,2023-02-02 01:18:48,2,17959.59765625
2023-02-02 01:18:57,2023-02-02 01:18:59,2,18872.013671875
2023-02-02 01:19:08,2023-02-02 01:19:10,2,19032.314453125
2023-02-02 01:19:20,2023-02-02 01:19:22,2,17401.107421875
2023-02-02 01:19:31,2023-02-02 01:19:33,2,18701.126953125
2023-02-02 01:19:42,2023-02-02 01:19:44,2,16798.28125
2023-02-02 01:19:54,2023-02-02 01:19:56,2,18617.0546875
2023-02-02 01:20:05,2023-02-02 01:20:07,2,17568.236328125
2023-02-02 01:20:17,2023-02-02 01:20:19,2,17460.84375
2023-02-02 01:20:28,2023-02-02 01:20:30,2,17985.734375
2023-02-02 01:20:40,2023-02-02 01:20:41,1,18790.875
2023-02-02 01:20:51,2023-02-02 01:20:53,2,17682.619140625
2023-02-02 01:21:02,2023-02-02 01:21:04,2,17907.416015625
2023-02-02 01:21:14,2023-02-02 01:21:16,2,16945.44140625
2023-02-02 01:21:25,2023-02-02 01:21:27,2,17860.40234375
2023-02-02 01:21:36,2023-02-02 01:21:38,2,18833.099609375
2023-02-02 01:21:47,2023-02-02 01:21:49,2,17836.28515625
2023-02-02 01:21:59,2023-02-02 01:22:01,2,16860.732421875
2023-02-02 01:22:10,2023-02-02 01:22:12,2,18125.11328125
2023-02-02 01:22:21,2023-02-02 01:22:23,2,18783.09765625
2023-02-02 01:22:33,2023-02-02 01:22:35,2,17598.697265625
2023-02-02 01:22:44,2023-02-02 01:22:46,2,18357.21484375
2023-02-02 01:22:56,2023-02-02 01:22:57,1,20037.55859375
2023-02-02 01:23:07,2023-02-02 01:23:09,2,16853.6015625
2023-02-02 01:23:18,2023-02-02 01:23:20,2,17402.28125
2023-02-02 01:23:29,2023-02-02 01:23:31,2,17727.521484375
2023-02-02 01:23:41,2023-02-02 01:23:42,1,20968.30078125
2023-02-02 01:23:52,2023-02-02 01:23:54,2,16820.09765625
2023-02-02 01:24:03,2023-02-02 01:24:05,2,15409.525390625
2023-02-02 01:24:15,2023-02-02 01:24:16,1,15042.26171875
2023-02-02 01:24:26,2023-02-02 01:24:27,1,13900.4140625
2023-02-02 01:24:49,2023-02-02 01:24:50,1,14577.41796875
2023-02-02 01:25:23,2023-02-02 01:25:24,1,13991.5703125
2023-02-02 01:26:19,2023-02-02 01:26:20,1,14327.60546875
2023-02-02 01:27:17,2023-02-02 01:27:18,1,17436.02734375
2023-02-02 01:27:28,2023-02-02 01:27:30,2,18385.34375
2023-02-02 01:27:39,2023-02-02 01:27:41,2,18405.76953125
2023-02-02 01:27:51,2023-02-02 01:27:52,1,14243.390625
2023-02-02 01:28:59,2023-02-02 01:29:00,1,14133.13671875
2023-02-02 01:29:10,2023-02-02 01:29:11,1,14111.03515625
2023-02-02 01:29:55,2023-02-02 01:29:56,1,14404.37890625
2023-02-02 01:30:29,2023-02-02 01:30:30,1,14816.078125
2023-02-02 01:30:40,2023-02-02 01:30:41,1,14299.375
2023-02-03 13:16:27,2023-02-03 13:16:30,3,15109.497395833334
2023-02-03 13:16:31,2023-02-03 13:16:34,3,14441.029947916666
2023-02-03 13:16:35,2023-02-03 13:17:02,27,17235.242042824073
2023-02-03 13:17:08,2023-02-03 13:17:18,10,15796.716015625
2023-02-03 13:17:19,2023-02-03 13:17:40,21,17553.038132440477
2023-02-03 13:17:46,2023-02-03 13:17:50,4,15708.8896484375
2023-02-03 13:17:52,2023-02-03 13:18:17,25,17828.4284375
2023-02-03 13:18:23,2023-02-03 13:18:54,31,17126.556325604837
2023-02-03 13:19:00,2023-02-03 13:19:32,32,17082.039184570312
2023-02-03 13:19:38,2023-02-03 13:19:43,5,15545.184375
2023-02-03 13:19:44,2023-02-03 13:20:09,25,19214.409375
2023-02-03 13:20:16,2023-02-03 13:20:48,32,18898.828369140625
2023-02-03 13:20:54,2023-02-03 13:20:56,2,16689.890625
2023-02-03 13:20:59,2023-02-03 13:21:03,4,18455.990234375
2023-02-03 13:21:12,2023-02-03 13:21:16,4,17775.751953125
2023-02-03 13:21:28,2023-02-03 13:21:29,1,15694.4609375
2023-02-03 13:21:40,2023-02-03 13:21:44,4,17781.806640625
2023-02-03 13:21:53,2023-02-03 13:21:57,4,18191.7060546875
2023-02-03 13:22:08,2023-02-03 13:22:10,2,17739.330078125
2023-02-03 13:22:21,2023-02-03 13:22:24,3,15952.71875
2023-02-03 13:22:34,2023-02-03 13:22:38,4,17446.599609375
2023-02-03 13:22:49,2023-02-03 13:22:51,2,16610.447265625
2023-02-03 13:23:02,2023-02-03 13:23:04,2,20160.77734375
2023-02-03 13:23:29,2023-02-03 13:23:32,3,18165.985677083332
2023-02-03 13:23:42,2023-02-03 13:23:45,3,18233.282552083332
2023-02-03 13:23:57,2023-02-03 13:23:58,1,14076.1171875
2023-02-03 13:24:08,2023-02-03 13:24:12,4,17832.7900390625
2023-02-03 13:24:21,2023-02-03 13:24:25,4,17342.2255859375
2023-02-03 13:24:36,2023-02-03 13:24:37,1,15259.99609375
2023-02-03 13:24:48,2023-02-03 13:24:52,4,18702.841796875
2023-02-03 13:25:01,2023-02-03 13:25:05,4,18376.033203125
2023-02-03 13:25:16,2023-02-03 13:25:17,1,19206.94140625
2023-02-03 13:25:29,2023-02-03 13:25:31,2,15848.6953125
2023-02-03 13:25:41,2023-02-03 13:25:44,3,18957.303385416668
2023-02-03 13:25:56,2023-02-03 13:25:58,2,15687.232421875
2023-02-03 13:26:08,2023-02-03 13:26:11,3,17770.459635416668
2023-02-03 13:26:20,2023-02-03 13:26:22,2,15152.728515625
2023-02-03 13:26:35,2023-02-03 13:26:37,2,19615.244140625
2023-02-03 13:26:46,2023-02-03 13:26:50,4,16132.9736328125
2023-02-03 13:27:14,2023-02-03 13:27:17,3,19234.216145833332
2023-02-03 13:27:27,2023-02-03 13:27:30,3,17873.984375
2023-02-03 13:27:54,2023-02-03 13:27:57,3,19134.188802083332
2023-02-03 13:28:07,2023-02-03 13:28:11,4,17965.47265625
2023-02-03 13:28:22,2023-02-03 13:28:24,2,15898.2734375
2023-02-03 13:28:34,2023-02-03 13:28:37,3,18321.78515625
2023-02-03 13:28:46,2023-02-03 13:28:50,4,17304.9873046875
2023-02-03 13:29:01,2023-02-03 13:29:03,2,18956.291015625
2023-02-03 13:29:13,2023-02-03 13:29:16,3,16465.125
2023-02-03 13:29:26,2023-02-03 13:29:30,4,17781.05859375
2023-02-03 13:29:40,2023-02-03 13:29:43,3,15793.272135416666
2023-02-03 13:29:54,2023-02-03 13:29:56,2,17228.310546875
2023-02-03 13:30:05,2023-02-03 13:30:09,4,17642.03125
2023-02-03 13:30:19,2023-02-03 13:30:22,3,16122.53515625
2023-02-03 13:30:33,2023-02-03 13:30:35,2,18971.748046875
2023-02-03 13:30:45,2023-02-03 13:30:48,3,18964.393229166668
2023-02-03 13:30:58,2023-02-03 13:31:01,3,15671.954427083334
2023-02-03 13:31:12,2023-02-03 13:31:14,2,17497.861328125
2023-02-03 13:31:25,2023-02-03 13:31:27,2,16506.390625
2023-02-03 13:31:40,2023-02-03 13:31:42,2,16699.076171875
2023-02-03 13:31:52,2023-02-03 13:31:55,3,16331.486979166666
2023-02-03 13:32:05,2023-02-03 13:32:08,3,15526.278645833334
2023-02-03 13:32:21,2023-02-03 13:32:23,2,17124.9140625
2023-02-03 13:32:33,2023-02-03 13:32:36,3,16603.259114583332
2023-02-03 13:32:46,2023-02-03 13:32:48,2,15317.96484375
2023-02-03 13:33:02,2023-02-03 13:33:03,1,21870.55078125
2023-02-03 13:33:14,2023-02-03 13:33:17,3,16364.611979166666
2023-02-03 13:33:41,2023-02-03 13:33:44,3,18505.998697916668
2023-02-03 13:33:55,2023-02-03 13:33:58,3,17752.794270833332
2023-02-03 13:34:22,2023-02-03 13:34:26,4,17980.7998046875
2023-02-03 13:34:35,2023-02-03 13:34:39,4,18099.1650390625
2023-02-03 13:35:03,2023-02-03 13:35:06,3,16362.471354166666
2023-02-03 13:35:16,2023-02-03 13:35:20,4,17349.353515625
2023-02-03 13:35:31,2023-02-03 13:35:32,1,14090.24609375
2023-02-03 13:35:33,2023-02-03 13:35:34,1,16241.296875
2023-02-03 13:35:44,2023-02-03 13:35:47,3,15508.16015625
2023-02-03 13:35:58,2023-02-03 13:36:01,3,19267.630208333332
2023-02-03 13:36:12,2023-02-03 13:36:15,3,16160.184895833334
2023-02-03 13:36:26,2023-02-03 13:36:29,3,16169.48046875
2023-02-03 13:36:39,2023-02-03 13:36:42,3,18628.35546875
2023-02-03 13:36:54,2023-02-03 13:36:56,2,15648.96875
2023-02-03 13:37:07,2023-02-03 13:37:09,2,18990.462890625
2023-02-03 13:37:19,2023-02-03 13:37:22,3,16428.309895833332
2023-02-03 13:37:35,2023-02-03 13:37:37,2,16236.7890625
2023-02-03 13:37:47,2023-02-03 13:37:50,3,16169.475260416666
2023-02-03 13:37:59,2023-02-03 13:38:01,2,14493.302734375
2023-02-03 13:38:15,2023-02-03 13:38:17,2,18004.888671875
2023-02-03 13:38:27,2023-02-03 13:38:30,3,16268.736979166666
2023-02-03 13:38:55,2023-02-03 13:38:57,2,18381.974609375
2023-02-03 13:39:09,2023-02-03 13:39:11,2,17297.404296875
2023-02-03 13:39:22,2023-02-03 13:39:23,1,14202.3828125
2023-02-03 13:39:35,2023-02-03 13:39:37,2,18636.271484375
2023-02-03 13:39:47,2023-02-03 13:39:50,3,16657.463541666668
2023-02-03 13:39:59,2023-02-03 13:40:01,2,14310.5390625
2023-02-03 13:40:15,2023-02-03 13:40:16,1,20578.9296875
2023-02-03 13:40:27,2023-02-03 13:40:30,3,16159.861979166666
2023-02-03 13:40:39,2023-02-03 13:40:42,3,15588.705729166666
2023-02-03 13:40:53,2023-02-03 13:40:56,3,16430.912760416668
2023-02-03 13:41:07,2023-02-03 13:41:09,2,18315.796875
2023-02-03 13:41:19,2023-02-03 13:41:23,4,17600.5400390625
2023-02-03 13:41:34,2023-02-03 13:41:36,2,15339.869140625
2023-02-03 13:41:37,2023-02-03 13:41:38,1,14197.33203125
2023-02-03 13:41:49,2023-02-03 13:41:52,3,15504.55078125
2023-02-03 13:42:02,2023-02-03 13:42:04,2,18462.220703125
2023-02-03 13:42:17,2023-02-03 13:42:19,2,16717.259765625
2023-02-03 13:42:30,2023-02-03 13:42:33,3,16521.6796875
2023-02-03 13:42:43,2023-02-03 13:42:46,3,15707.252604166666
2023-02-03 13:42:59,2023-02-03 13:43:00,1,18484.62890625
2023-02-03 13:43:11,2023-02-03 13:43:14,3,17618.265625
2023-02-03 13:43:23,2023-02-03 13:43:27,4,17044.2451171875
2023-02-03 13:43:38,2023-02-03 13:43:40,2,17172.685546875
2023-02-03 13:43:51,2023-02-03 13:43:54,3,17299.98828125
2023-02-03 13:44:04,2023-02-03 13:44:07,3,18771.85546875
2023-02-03 13:44:18,2023-02-03 13:44:21,3,17120.201822916668
2023-02-03 13:44:32,2023-02-03 13:44:34,2,18158.876953125
2023-02-03 13:44:44,2023-02-03 13:44:47,3,19356.16015625
2023-02-03 13:44:58,2023-02-03 13:45:01,3,16569.8828125
2023-02-03 13:45:11,2023-02-03 13:45:14,3,15576.546875
2023-02-03 13:45:23,2023-02-03 13:45:27,4,18102.4033203125
2023-02-03 13:45:38,2023-02-03 13:45:40,2,17888.8828125
2023-02-03 13:45:51,2023-02-03 13:45:54,3,15253.055989583334
2023-02-03 13:46:04,2023-02-03 13:46:07,3,18403.059895833332
2023-02-03 13:46:18,2023-02-03 13:46:21,3,16484.90234375
2023-02-03 13:46:32,2023-02-03 13:46:35,3,15213.446614583334
2023-02-03 13:46:44,2023-02-03 13:46:48,4,17213.548828125
2023-02-03 13:46:59,2023-02-03 13:47:02,3,14829.790364583334
2023-02-03 13:47:12,2023-02-03 13:47:14,2,18026.935546875
2023-02-03 13:47:24,2023-02-03 13:47:27,3,15514.432291666666
2023-02-03 13:47:39,2023-02-03 13:47:42,3,16375.494791666666
2023-02-03 13:47:52,2023-02-03 13:47:54,2,17822.283203125
2023-02-03 13:48:04,2023-02-03 13:48:07,3,15056.51953125
2023-02-03 13:48:20,2023-02-03 13:48:22,2,19347.853515625
2023-02-03 13:48:32,2023-02-03 13:48:35,3,16353.095052083334
2023-02-03 13:48:59,2023-02-03 13:49:02,3,17667.782552083332
2023-02-03 13:49:12,2023-02-03 13:49:15,3,15585.8203125
2023-02-03 13:49:39,2023-02-03 13:49:43,4,17508.2568359375
2023-02-03 13:49:53,2023-02-03 13:49:56,3,17551.627604166668
2023-02-03 13:50:09,2023-02-03 13:50:10,1,13924.84375
2023-02-03 13:50:21,2023-02-03 13:50:24,3,18792.315104166668
2023-02-03 13:50:34,2023-02-03 13:50:38,4,17521.798828125
2023-02-03 13:50:49,2023-02-03 13:50:51,2,17085.0859375
2023-02-03 13:51:01,2023-02-03 13:51:04,3,17270.444010416668
2023-02-03 13:51:14,2023-02-03 13:51:18,4,17520.3759765625
2023-02-03 13:51:29,2023-02-03 13:51:30,1,15688.50390625
2023-02-03 13:51:31,2023-02-03 13:51:32,1,14338.703125
2023-02-03 13:51:42,2023-02-03 13:51:43,1,16598.19921875
2023-02-03 13:51:44,2023-02-03 13:51:45,1,16515.578125
2023-02-03 13:51:54,2023-02-03 13:51:56,2,16651.115234375
2023-02-03 13:52:07,2023-02-03 13:52:08,1,14719.703125
2023-02-03 13:52:10,2023-02-03 13:52:11,1,16731.73828125
2023-02-03 13:52:23,2023-02-03 13:52:24,1,14944.81640625
2023-02-03 13:52:30,2023-02-03 13:52:31,1,14332.57421875
2023-02-03 13:52:32,2023-02-03 13:52:33,1,15131.6328125
2023-02-03 13:52:44,2023-02-03 13:52:45,1,13914.3203125
2023-02-03 13:52:49,2023-02-03 13:52:51,2,15023.4921875
2023-02-03 13:53:07,2023-02-03 13:53:08,1,14493.17578125
2023-02-03 13:53:09,2023-02-03 13:53:10,1,14724.3125
2023-02-03 13:53:28,2023-02-03 13:53:29,1,17433.55078125
2023-02-03 13:53:33,2023-02-03 13:53:34,1,15029.16015625
2023-02-03 13:53:43,2023-02-03 13:53:46,3,15022.611979166666
2023-02-03 13:54:07,2023-02-03 13:54:11,4,18246.798828125
2023-02-03 13:54:21,2023-02-03 13:54:24,3,19689.513020833332
2023-02-03 13:54:36,2023-02-03 13:54:37,1,14824.078125
2023-02-03 13:54:48,2023-02-03 13:54:51,3,17933.723958333332
2023-02-03 13:55:01,2023-02-03 13:55:05,4,17642.166015625
2023-02-03 13:55:16,2023-02-03 13:55:18,2,16081.353515625
2023-02-03 13:55:28,2023-02-03 13:55:31,3,16809.654947916668
2023-02-03 13:55:41,2023-02-03 13:55:45,4,17294.87109375
2023-02-03 13:55:55,2023-02-03 13:55:58,3,16284.583333333334
2023-02-03 13:56:09,2023-02-03 13:56:11,2,16152.15234375
2023-02-03 13:56:21,2023-02-03 13:56:25,4,16939.248046875
2023-02-03 13:56:36,2023-02-03 13:56:38,2,15492.740234375
2023-02-03 13:56:48,2023-02-03 13:56:51,3,17485.555989583332
2023-02-03 13:57:00,2023-02-03 13:57:03,3,16302.208333333334
2023-02-03 13:57:15,2023-02-03 13:57:17,2,17279.259765625
2023-02-03 13:57:27,2023-02-03 13:57:30,3,17405.5
2023-02-03 13:57:40,2023-02-03 13:57:41,1,15691.01171875
2023-02-03 13:57:54,2023-02-03 13:57:57,3,16802.627604166668
2023-02-03 13:58:06,2023-02-03 13:58:09,3,17229.755208333332
2023-02-03 13:58:21,2023-02-03 13:58:22,1,14664.3125
2023-02-03 13:58:33,2023-02-03 13:58:36,3,18448.1796875
2023-02-03 13:58:46,2023-02-03 13:58:49,3,18263.677083333332
2023-02-03 13:59:13,2023-02-03 13:59:16,3,19655.873697916668
2023-02-03 13:59:25,2023-02-03 13:59:29,4,18106.7451171875
2023-02-03 13:59:40,2023-02-03 13:59:41,1,14931.69921875
2023-02-03 13:59:52,2023-02-03 13:59:56,4,18091.099609375
2023-02-03 14:00:05,2023-02-03 14:00:09,4,17526.4423828125
2023-02-03 14:00:20,2023-02-03 14:00:22,2,17680.76953125
2023-02-03 14:00:32,2023-02-03 14:00:35,3,16711.21484375
2023-02-03 14:00:45,2023-02-03 14:00:49,4,17793.5380859375
2023-02-03 14:00:59,2023-02-03 14:01:02,3,15829.83203125
2023-02-03 14:01:13,2023-02-03 14:01:16,3,16556.609375
2023-02-03 14:01:26,2023-02-03 14:01:28,2,17690.9921875
2023-02-03 14:01:42,2023-02-03 14:01:44,2,18455.9140625
2023-02-03 14:01:54,2023-02-03 14:01:57,3,17517.673177083332
2023-02-03 14:02:21,2023-02-03 14:02:24,3,18290.018229166668
2023-02-03 14:02:34,2023-02-03 14:02:37,3,16882.677083333332
2023-02-03 14:03:01,2023-02-03 14:03:04,3,17859.31640625
2023-02-03 14:03:14,2023-02-03 14:03:17,3,15968.901041666666
2023-02-03 14:03:41,2023-02-03 14:03:44,3,17677.223958333332
2023-02-03 14:03:54,2023-02-03 14:03:57,3,17344.783854166668
2023-02-03 14:04:09,2023-02-03 14:04:10,1,14594.82421875
2023-02-03 14:04:21,2023-02-03 14:04:24,3,18566.645833333332
2023-02-03 14:04:34,2023-02-03 14:04:37,3,18101.934895833332
2023-02-03 14:05:01,2023-02-03 14:05:04,3,18655.18359375
2023-02-03 14:05:14,2023-02-03 14:05:17,3,17863.141927083332
2023-02-03 14:05:40,2023-02-03 14:05:43,3,18733.467447916668
2023-02-03 14:05:54,2023-02-03 14:05:56,2,19989.34765625
2023-02-03 14:06:08,2023-02-03 14:06:09,1,15373.21875
2023-02-03 14:06:20,2023-02-03 14:06:23,3,18710.971354166668
2023-02-03 14:06:33,2023-02-03 14:06:36,3,18336.783854166668
2023-02-03 14:06:48,2023-02-03 14:06:49,1,15106.52734375
2023-02-03 14:07:00,2023-02-03 14:07:03,3,19386.11328125
2023-02-03 14:07:14,2023-02-03 14:07:17,3,17702.490885416668
2023-02-03 14:07:40,2023-02-03 14:07:44,4,17819.330078125
2023-02-03 14:07:53,2023-02-03 14:07:57,4,17685.9970703125
2023-02-03 14:08:08,2023-02-03 14:08:09,1,15906.9921875
2023-02-03 14:08:20,2023-02-03 14:08:23,3,17453.510416666668
2023-02-03 14:08:33,2023-02-03 14:08:37,4,17840.8828125
2023-02-03 14:08:48,2023-02-03 14:08:50,2,18590.568359375
2023-02-03 14:09:00,2023-02-03 14:09:03,3,17851.82421875
2023-02-03 14:09:13,2023-02-03 14:09:17,4,17724.876953125
2023-02-03 14:09:27,2023-02-03 14:09:29,2,18424.626953125
2023-02-03 14:09:41,2023-02-03 14:09:42,1,17580.484375
2023-02-03 14:09:52,2023-02-03 14:09:56,4,17285.06640625
2023-02-03 14:10:06,2023-02-03 14:10:09,3,16163.30078125
2023-02-03 14:10:20,2023-02-03 14:10:22,2,16856.990234375
2023-02-03 14:10:31,2023-02-03 14:10:35,4,17974.16015625
2023-02-03 14:10:45,2023-02-03 14:10:47,2,17538.46875
2023-02-03 14:10:58,2023-02-03 14:11:00,2,17288.080078125
2023-02-03 14:11:10,2023-02-03 14:11:14,4,17916.4169921875
2023-02-03 14:11:24,2023-02-03 14:11:26,2,18053.365234375
2023-02-03 14:11:36,2023-02-03 14:11:40,4,14904.2138671875
2023-02-03 14:11:49,2023-02-03 14:11:52,3,19257.04296875
2023-02-03 14:12:03,2023-02-03 14:12:05,2,17953.625
2023-02-03 14:12:15,2023-02-03 14:12:18,3,16946.856770833332
2023-02-03 14:12:28,2023-02-03 14:12:32,4,18202.4150390625
2023-02-03 14:12:43,2023-02-03 14:12:45,2,16492.07421875
2023-02-03 14:12:55,2023-02-03 14:12:58,3,18064.3046875
2023-02-03 14:13:08,2023-02-03 14:13:11,3,18900.522135416668
2023-02-03 14:13:23,2023-02-03 14:13:25,2,16732.62890625
2023-02-03 14:13:35,2023-02-03 14:13:38,3,16284.35546875
2023-02-03 14:13:48,2023-02-03 14:13:52,4,17611.61328125
2023-02-03 14:14:03,2023-02-03 14:14:05,2,17028.0625
2023-02-03 14:14:15,2023-02-03 14:14:18,3,16912.700520833332
2023-02-03 14:14:28,2023-02-03 14:14:32,4,18012.03125
2023-02-03 14:14:44,2023-02-03 14:14:45,1,20573.95703125
2023-02-03 14:14:55,2023-02-03 14:14:58,3,16700.7265625
2023-02-03 14:15:09,2023-02-03 14:15:12,3,19489.627604166668
2023-02-03 14:15:23,2023-02-03 14:15:25,2,17006.455078125
2023-02-03 14:15:35,2023-02-03 14:15:38,3,18025.182291666668
2023-02-03 14:15:48,2023-02-03 14:15:51,3,19498.87109375
2023-02-03 14:16:03,2023-02-03 14:16:04,1,15935.484375
2023-02-03 14:16:14,2023-02-03 14:16:17,3,17835.5078125
2023-02-03 14:16:27,2023-02-03 14:16:31,4,18484.13671875
2023-02-03 14:16:42,2023-02-03 14:16:44,2,17938.990234375
2023-02-03 14:16:53,2023-02-03 14:16:56,3,18328.401041666668
2023-02-03 14:17:06,2023-02-03 14:17:10,4,17943.3623046875
2023-02-03 14:17:21,2023-02-03 14:17:22,1,17283.2578125
2023-02-03 14:17:32,2023-02-03 14:17:36,4,16773.669921875
2023-02-03 14:17:45,2023-02-03 14:17:49,4,18378.4912109375
2023-02-03 14:18:01,2023-02-03 14:18:02,1,19111.21875
2023-02-03 14:18:13,2023-02-03 14:18:16,3,16292.69921875
2023-02-03 14:18:26,2023-02-03 14:18:30,4,17917.1748046875
2023-02-03 14:18:41,2023-02-03 14:18:43,2,18033.306640625
2023-02-03 14:18:53,2023-02-03 14:18:56,3,17254.548177083332
2023-02-03 14:19:06,2023-02-03 14:19:09,3,19260.665364583332
2023-02-03 14:19:19,2023-02-03 14:19:22,3,17179.473958333332
2023-02-03 14:19:33,2023-02-03 14:19:35,2,17499.83203125
2023-02-03 14:19:45,2023-02-03 14:19:48,3,19523.104166666668
2023-02-03 14:19:58,2023-02-03 14:20:01,3,15762.979166666666
2023-02-03 14:20:12,2023-02-03 14:20:14,2,17803.869140625
2023-02-03 14:20:24,2023-02-03 14:20:27,3,19672.98828125
2023-02-03 14:20:39,2023-02-03 14:20:40,1,19151.90234375
2023-02-03 14:20:51,2023-02-03 14:20:53,2,19007.83984375
2023-02-03 14:21:03,2023-02-03 14:21:06,3,17815.865885416668
2023-02-03 14:21:18,2023-02-03 14:21:19,1,19265.76171875
2023-02-03 14:21:30,2023-02-03 14:21:32,2,19630.95703125
2023-02-03 14:21:42,2023-02-03 14:21:43,1,15079.6953125
2023-02-03 14:21:44,2023-02-03 14:21:45,1,15857.18359375
2023-02-03 14:21:57,2023-02-03 14:21:59,2,18387.701171875
2023-02-03 14:22:09,2023-02-03 14:22:12,3,17131.565104166668
2023-02-03 14:22:24,2023-02-03 14:22:25,1,15756.390625
2023-02-03 14:22:36,2023-02-03 14:22:39,3,17454.08203125
2023-02-03 14:22:49,2023-02-03 14:22:52,3,17846.049479166668
2023-02-03 14:23:04,2023-02-03 14:23:05,1,17540.0859375
2023-02-03 14:23:16,2023-02-03 14:23:19,3,18167.203125
2023-02-03 14:23:29,2023-02-03 14:23:31,2,20225.42578125
2023-02-03 14:23:43,2023-02-03 14:23:44,1,17326.3359375
2023-02-03 14:23:54,2023-02-03 14:23:57,3,19350.403645833332
2023-02-03 14:24:07,2023-02-03 14:24:10,3,19853.274739583332
2023-02-03 14:24:21,2023-02-03 14:24:22,1,15932.015625
2023-02-03 14:24:33,2023-02-03 14:24:36,3,18966.403645833332
2023-02-03 14:24:45,2023-02-03 14:24:48,3,17638.313802083332
2023-02-03 14:24:59,2023-02-03 14:25:00,1,15904.11328125
2023-02-03 14:25:11,2023-02-03 14:25:14,3,18214.420572916668
2023-02-03 14:25:23,2023-02-03 14:25:26,3,17192.584635416668
2023-02-03 14:25:37,2023-02-03 14:25:38,1,17053.1328125
2023-02-03 14:25:49,2023-02-03 14:25:51,2,19734.56640625
2023-02-03 14:26:01,2023-02-03 14:26:03,2,20355.708984375
2023-02-03 14:26:12,2023-02-03 14:26:15,3,17745.217447916668
2023-02-03 14:26:25,2023-02-03 14:26:28,3,17049.626302083332
2023-02-03 14:26:37,2023-02-03 14:26:40,3,17377.5546875
2023-02-03 14:26:49,2023-02-03 14:26:53,4,18173.6513671875
2023-02-03 14:27:04,2023-02-03 14:27:06,2,17888.205078125
2023-02-03 14:27:16,2023-02-03 14:27:18,2,16935.291015625
2023-02-03 14:27:29,2023-02-03 14:27:32,3,18892.73828125
2023-02-03 14:27:44,2023-02-03 14:27:45,1,21606.7109375
2023-02-03 14:27:56,2023-02-03 14:27:57,1,16636.65234375
2023-02-03 14:28:09,2023-02-03 14:28:10,1,14397.52734375
2023-02-03 14:28:40,2023-02-03 14:28:41,1,15832.87109375
2023-02-03 14:28:52,2023-02-03 14:28:53,1,15785.0234375
2023-02-03 14:29:05,2023-02-03 14:29:06,1,16151.77734375
2023-02-03 14:29:16,2023-02-03 14:29:19,3,16245.4765625
2023-02-03 14:29:30,2023-02-03 14:29:33,3,19031.40625
2023-02-03 14:29:43,2023-02-03 14:29:46,3,16693.717447916668
2023-02-03 14:29:57,2023-02-03 14:29:59,2,16714.107421875
2023-02-03 14:30:09,2023-02-03 14:30:12,3,19818.5
2023-02-03 14:30:23,2023-02-03 14:30:25,2,18456.37109375
2023-02-03 14:30:35,2023-02-03 14:30:37,2,16854.66015625
2023-02-03 14:30:47,2023-02-03 14:30:50,3,18773.416666666668
2023-02-03 14:31:02,2023-02-03 14:31:03,1,19421.23046875
2023-02-03 14:31:14,2023-02-03 14:31:16,2,17154.87109375
2023-02-03 14:31:26,2023-02-03 14:31:30,4,18152.619140625
2023-02-03 14:31:41,2023-02-03 14:31:43,2,16024.404296875
2023-02-03 14:31:53,2023-02-03 14:31:56,3,17792.125
2023-02-03 14:32:06,2023-02-03 14:32:10,4,17730.5830078125
2023-02-03 14:32:21,2023-02-03 14:32:23,2,14632.935546875
2023-02-03 14:32:33,2023-02-03 14:32:36,3,16199.528645833334
2023-02-03 14:32:46,2023-02-03 14:32:50,4,17766.158203125
2023-02-03 14:33:02,2023-02-03 14:33:04,2,16298.73828125
2023-02-03 14:33:12,2023-02-03 14:33:15,3,16726.899739583332
2023-02-03 14:33:16,2023-02-03 14:33:18,2,16221.994140625
2023-02-03 14:33:19,2023-02-03 14:33:20,1,13986.6171875
2023-02-03 14:33:24,2023-02-03 14:33:32,8,19310.34130859375
2023-02-03 14:33:43,2023-02-03 14:33:45,2,14755.087890625
2023-02-03 14:33:48,2023-02-03 14:33:50,2,16084.306640625
2023-02-03 14:33:51,2023-02-03 14:33:57,6,16183.770182291666
2023-02-03 14:33:59,2023-02-03 14:34:07,8,16541.3388671875
2023-02-03 14:34:12,2023-02-03 14:34:15,3,15272.411458333334
2023-02-03 14:34:26,2023-02-03 14:34:32,6,15722.399088541666
2023-02-03 14:34:38,2023-02-03 14:34:54,16,17621.20068359375
2023-02-03 14:35:02,2023-02-03 14:35:03,1,16411.65625
2023-02-03 14:35:04,2023-02-03 14:35:05,1,14389.22265625
2023-02-03 14:35:09,2023-02-03 14:35:11,2,16798.779296875
2023-02-03 14:35:18,2023-02-03 14:35:19,1,14966.55078125
2023-02-03 14:35:22,2023-02-03 14:35:24,2,16790.916015625
2023-02-03 14:35:25,2023-02-03 14:35:26,1,16149.54296875
2023-02-03 14:35:28,2023-02-03 14:35:29,1,14349.3984375
2023-02-03 14:35:33,2023-02-03 14:35:36,3,15365.813802083334
2023-02-03 14:35:40,2023-02-03 14:35:44,4,15308.130859375
2023-02-03 14:35:45,2023-02-03 14:36:07,22,19901.436079545456
2023-02-03 14:36:17,2023-02-03 14:36:19,2,15161.16796875
2023-02-03 14:36:28,2023-02-03 14:36:32,4,16170.6474609375
2023-02-03 14:36:41,2023-02-03 14:36:50,9,17735.491319444445
2023-02-03 14:36:53,2023-02-03 14:37:09,16,18493.671630859375
2023-02-03 14:37:13,2023-02-03 14:37:16,3,18799.873697916668
2023-02-03 14:37:26,2023-02-03 14:37:27,1,14097.34765625
2023-02-03 14:37:28,2023-02-03 14:37:29,1,14653.23828125
2023-02-03 14:37:41,2023-02-03 14:37:43,2,17442.501953125
2023-02-03 14:37:51,2023-02-03 14:37:56,5,15195.49375
2023-02-03 14:37:57,2023-02-03 14:38:07,10,19534.18359375
2023-02-03 14:38:08,2023-02-03 14:38:10,2,15688.6953125
2023-02-03 14:38:13,2023-02-03 14:38:19,6,19853.150390625
2023-02-03 14:38:20,2023-02-03 14:38:25,5,17202.69375
2023-02-03 14:38:36,2023-02-03 14:38:37,1,15237.375
2023-02-03 14:38:43,2023-02-03 14:38:44,1,15835.8671875
2023-02-03 14:39:01,2023-02-03 14:39:02,1,17434.32421875
2023-02-03 14:39:05,2023-02-03 14:39:06,1,14082.6875
2023-02-03 14:39:10,2023-02-03 14:39:26,16,19477.536376953125
2023-02-03 14:39:30,2023-02-03 14:39:34,4,19340.642578125
2023-02-03 14:39:43,2023-02-03 14:39:46,3,18165.5546875
2023-02-03 14:39:56,2023-02-03 14:40:00,4,17590.9140625
2023-02-03 14:40:11,2023-02-03 14:40:13,2,17290.529296875
2023-02-03 14:40:21,2023-02-03 14:40:22,1,16097.59375
2023-02-03 14:40:23,2023-02-03 14:40:26,3,15263.493489583334
2023-02-03 14:40:28,2023-02-03 14:40:42,14,20057.63448660714
2023-02-03 14:40:44,2023-02-03 14:40:56,12,16808.513346354168
2023-02-03 14:41:01,2023-02-03 14:41:02,1,15541.08203125
2023-02-03 14:41:05,2023-02-03 14:41:06,1,13889.73828125
2023-02-03 14:41:07,2023-02-03 14:41:08,1,15643.7109375
2023-02-03 14:41:13,2023-02-03 14:41:14,1,13907.92578125
2023-02-03 14:41:20,2023-02-03 14:41:21,1,15438.59375
2023-02-03 14:41:33,2023-02-03 14:41:34,1,18415.46875
2023-02-03 14:41:40,2023-02-03 14:41:41,1,14033.51171875
2023-02-03 14:41:42,2023-02-03 14:41:59,17,18806.702205882353
2023-02-03 14:42:00,2023-02-03 14:42:05,5,18065.62890625
2023-02-03 14:42:11,2023-02-03 14:42:12,1,14147.71484375
2023-02-03 14:42:13,2023-02-03 14:42:14,1,17175.85546875
2023-02-03 14:42:16,2023-02-03 14:42:17,1,15269.35546875
2023-02-03 14:42:26,2023-02-03 14:42:30,4,15447.64453125
2023-02-03 14:42:39,2023-02-03 14:42:40,1,16208.97265625
2023-02-03 14:42:52,2023-02-03 14:43:18,26,17107.271484375
2023-02-03 14:43:20,2023-02-03 14:43:29,9,17238.523871527777
2023-02-03 14:43:41,2023-02-03 14:43:42,1,17829.25
2023-02-03 14:43:53,2023-02-03 14:43:55,2,14889.962890625
2023-02-03 14:44:05,2023-02-03 14:44:10,5,18389.359375
2023-02-03 14:44:11,2023-02-03 14:44:15,4,16957.2890625
2023-02-03 14:44:17,2023-02-03 14:44:18,1,14379.49609375
2023-02-03 14:44:22,2023-02-03 14:44:23,1,15089.71875
2023-02-03 14:44:24,2023-02-03 14:44:33,9,19663.90017361111
2023-02-03 14:44:34,2023-02-03 14:44:35,1,14485.80078125
2023-02-03 14:44:36,2023-02-03 14:44:40,4,17450.263671875
2023-02-03 14:44:52,2023-02-03 14:44:55,3,16792.63671875
2023-02-03 14:45:05,2023-02-03 14:45:08,3,17328.59375
2023-02-03 14:45:17,2023-02-03 14:45:19,2,14440.158203125
2023-02-03 14:45:20,2023-02-03 14:45:21,1,19817.98828125
2023-02-03 14:45:22,2023-02-03 14:45:33,11,18621.948863636364
2023-02-03 14:45:34,2023-02-03 14:45:45,11,18305.145951704544
2023-02-03 14:45:46,2023-02-03 14:45:52,6,16747.011067708332
2023-02-03 14:45:54,2023-02-03 14:45:55,1,15223.9609375
2023-02-03 14:46:02,2023-02-03 14:46:04,2,14447.55078125
2023-02-03 14:46:07,2023-02-03 14:46:08,1,16357.0546875
2023-02-03 14:46:15,2023-02-03 14:46:16,1,15536.7109375
2023-02-03 14:46:28,2023-02-03 14:46:29,1,14715.1484375
2023-02-03 14:46:34,2023-02-03 14:46:38,4,16495.5029296875
2023-02-03 14:46:39,2023-02-03 14:47:03,24,18371.734537760418
2023-02-03 14:47:08,2023-02-03 14:47:09,1,15135.48046875
2023-02-03 14:47:21,2023-02-03 14:47:22,1,18581.75
2023-02-03 14:47:23,2023-02-03 14:47:24,1,14379.0546875
2023-02-03 14:47:33,2023-02-03 14:47:34,1,13857.3125
2023-02-03 14:47:36,2023-02-03 14:47:37,1,14369.5234375
2023-02-03 14:47:48,2023-02-03 14:47:51,3,18699.217447916668
2023-02-03 14:47:54,2023-02-03 14:48:04,10,17219.9203125
2023-02-03 14:48:05,2023-02-03 14:48:15,10,18992.871875
2023-02-03 14:48:17,2023-02-03 14:48:21,4,17556.544921875
2023-02-03 14:48:32,2023-02-03 14:48:33,1,14222.69921875
2023-02-03 14:48:45,2023-02-03 14:48:46,1,16914.265625
2023-02-03 14:49:05,2023-02-03 14:49:08,3,18870.44921875
2023-02-03 14:49:09,2023-02-03 14:49:31,22,17738.949751420456
2023-02-03 14:49:34,2023-02-03 14:49:35,1,15815.10546875
2023-02-03 14:49:39,2023-02-03 14:49:42,3,19707.81640625
2023-02-03 14:49:53,2023-02-03 14:49:54,1,15556.953125
2023-02-03 14:50:05,2023-02-03 14:50:07,2,17106.185546875
2023-02-03 14:50:18,2023-02-03 14:50:45,27,17121.837962962964
2023-02-03 14:50:47,2023-02-03 14:50:51,4,18120.5576171875
2023-02-03 14:50:56,2023-02-03 14:50:58,2,15536.658203125
2023-02-03 14:51:13,2023-02-03 14:51:15,2,15526.443359375
2023-02-03 14:51:35,2023-02-03 14:51:36,1,14613.5703125
2023-02-03 14:51:39,2023-02-03 14:51:45,6,16577.914713541668
2023-02-03 14:51:47,2023-02-03 14:52:02,15,19000.77578125
2023-02-03 14:52:07,2023-02-03 14:52:15,8,16610.67431640625
2023-02-03 14:52:21,2023-02-03 14:52:22,1,18044.6875
2023-02-03 14:52:34,2023-02-03 14:52:37,3,15196.061197916666
2023-02-03 14:52:47,2023-02-03 14:52:48,1,14940.6484375
2023-02-03 14:52:54,2023-02-03 14:53:02,8,16613.54248046875
2023-02-03 14:53:04,2023-02-03 14:53:15,11,18980.14630681818
2023-02-03 14:53:16,2023-02-03 14:53:17,1,16049.46484375
2023-02-03 14:53:18,2023-02-03 14:53:20,2,18305.93359375
2023-02-03 14:53:23,2023-02-03 14:53:25,2,15338.458984375
2023-02-03 14:53:29,2023-02-03 14:53:30,1,14686.1640625
2023-02-03 14:53:32,2023-02-03 14:53:33,1,15739.97265625
2023-02-03 14:53:36,2023-02-03 14:53:37,1,14473.67578125
2023-02-03 14:53:45,2023-02-03 14:53:47,2,15573.642578125
2023-02-03 14:54:00,2023-02-03 14:54:01,1,14046.40625
2023-02-03 14:54:07,2023-02-03 14:54:10,3,15464.627604166666
2023-02-03 14:54:13,2023-02-03 14:54:20,7,18170.323660714286
2023-02-03 14:54:21,2023-02-03 14:54:32,11,18554.036221590908
2023-02-03 14:54:39,2023-02-03 14:54:40,1,15672.52734375
2023-02-03 14:54:42,2023-02-03 14:54:46,4,18366.6259765625
2023-02-03 14:54:50,2023-02-03 14:54:51,1,14247.73046875
2023-02-03 14:55:20,2023-02-03 14:55:22,2,14748.5546875
2023-02-03 14:55:25,2023-02-03 14:55:33,8,18731.9296875
2023-02-03 14:55:35,2023-02-03 14:55:45,10,17554.391015625
2023-02-03 14:55:53,2023-02-03 14:55:58,5,18189.95703125
2023-02-03 14:56:04,2023-02-03 14:56:05,1,14105.01171875
2023-02-03 14:56:09,2023-02-03 14:56:10,1,14010.2421875
2023-02-03 14:56:23,2023-02-03 14:56:24,1,14117.13671875
2023-02-03 14:56:29,2023-02-03 14:56:33,4,15501.0283203125
2023-02-03 14:56:37,2023-02-03 14:56:49,12,17957.167317708332
2023-02-03 14:56:52,2023-02-03 14:56:55,3,17121.029947916668
2023-02-03 14:57:03,2023-02-03 14:57:11,8,16325.5517578125
2023-02-03 14:57:17,2023-02-03 14:57:18,1,16228.45703125
2023-02-03 14:57:21,2023-02-03 14:57:22,1,14201.7578125
2023-02-03 14:57:30,2023-02-03 14:57:32,2,15164.283203125
2023-02-03 14:57:33,2023-02-03 14:57:35,2,14394.341796875
2023-02-03 14:57:37,2023-02-03 14:57:40,3,16362.057291666666
2023-02-03 14:57:41,2023-02-03 14:57:44,3,16012.325520833334
2023-02-03 14:57:52,2023-02-03 14:57:57,5,17785.89765625
2023-02-03 14:57:59,2023-02-03 14:58:02,3,15969.022135416666
2023-02-03 14:58:04,2023-02-03 14:58:05,1,14137.50390625
2023-02-03 14:58:07,2023-02-03 14:58:10,3,17171.434895833332
2023-02-03 14:58:14,2023-02-03 14:58:23,9,15629.525173611111
2023-02-03 14:58:34,2023-02-03 14:58:36,2,16822.947265625
2023-02-03 14:58:38,2023-02-03 14:58:39,1,14390.21875
2023-02-03 14:58:40,2023-02-03 14:58:41,1,15933.26953125
2023-02-03 14:58:42,2023-02-03 14:58:51,9,15668.710503472223
2023-02-03 14:58:53,2023-02-03 14:58:54,1,14004.12890625
2023-02-03 14:58:55,2023-02-03 14:58:57,2,15519.646484375
2023-02-03 14:58:59,2023-02-03 14:59:01,2,14547.62109375
2023-02-03 14:59:03,2023-02-03 14:59:06,3,15446.380208333334
2023-02-03 14:59:10,2023-02-03 14:59:16,6,15052.505859375
2023-02-03 14:59:17,2023-02-03 14:59:21,4,17488.7236328125
2023-02-03 14:59:25,2023-02-03 14:59:33,8,17379.71923828125
2023-02-03 14:59:39,2023-02-03 14:59:42,3,16667.204427083332
2023-02-03 14:59:46,2023-02-03 14:59:58,12,17115.1416015625
2023-02-03 15:00:02,2023-02-03 15:00:04,2,16560.220703125
2023-02-03 15:00:06,2023-02-03 15:00:07,1,13910.09375
2023-02-03 15:00:08,2023-02-03 15:00:09,1,15336.5625
2023-02-03 15:00:22,2023-02-03 15:00:24,2,14318.271484375
2023-02-03 15:00:26,2023-02-03 15:00:32,6,17305.224609375
2023-02-03 15:00:33,2023-02-03 15:00:35,2,13905.173828125
2023-02-03 15:00:38,2023-02-03 15:00:54,16,17510.190185546875
2023-02-03 15:01:03,2023-02-03 15:01:09,6,16551.8046875
2023-02-03 15:01:18,2023-02-03 15:01:20,2,18591.25
2023-02-03 15:01:26,2023-02-03 15:01:28,2,15075.16015625
2023-02-03 15:01:31,2023-02-03 15:01:34,3,15988.6484375
2023-02-03 15:01:42,2023-02-03 15:01:43,1,15436.625
2023-02-03 15:01:47,2023-02-03 15:01:55,8,18093.76953125
2023-02-03 15:01:57,2023-02-03 15:02:01,4,14623.837890625
2023-02-03 15:02:02,2023-02-03 15:02:13,11,18568.819602272728
2023-02-03 15:02:31,2023-02-03 15:02:34,3,18636.936197916668
2023-02-03 15:02:45,2023-02-03 15:02:54,9,18479.901041666668
2023-02-03 15:03:01,2023-02-03 15:03:14,13,19526.068810096152
2023-02-03 15:03:15,2023-02-03 15:03:21,6,17117.610677083332
2023-02-03 15:03:31,2023-02-03 15:03:34,3,17656.696614583332
2023-02-03 15:03:46,2023-02-03 15:03:47,1,15503.34765625
2023-02-03 15:04:00,2023-02-03 15:04:17,17,18836.265165441175
2023-02-03 15:04:20,2023-02-03 15:04:27,7,20043.616629464286
2023-02-03 15:04:35,2023-02-03 15:04:39,4,16839.2431640625
2023-02-03 15:04:49,2023-02-03 15:04:51,2,16017.55859375
2023-02-03 15:05:01,2023-02-03 15:05:02,1,16019.8046875
2023-02-03 15:05:08,2023-02-03 15:05:11,3,16429.548177083332
2023-02-03 15:05:12,2023-02-03 15:05:14,2,14447.5078125
2023-02-03 15:05:16,2023-02-03 15:05:35,19,19226.584087171053
2023-02-03 15:05:40,2023-02-03 15:05:43,3,16067.61328125
2023-02-03 15:05:46,2023-02-03 15:05:49,3,19833.744791666668
2023-02-03 15:06:00,2023-02-03 15:06:03,3,17543.345052083332
2023-02-03 15:06:14,2023-02-03 15:06:16,2,16440.3125
2023-02-03 15:06:28,2023-02-03 15:06:34,6,17342.241536458332
2023-02-03 15:06:36,2023-02-03 15:06:45,9,17427.92013888889
2023-02-03 15:06:47,2023-02-03 15:06:56,9,18159.16189236111
2023-02-03 15:06:59,2023-02-03 15:07:07,8,17210.525390625
2023-02-03 15:07:31,2023-02-03 15:07:32,1,20050.234375
2023-02-03 15:07:42,2023-02-03 15:07:46,4,16869.5634765625
2023-02-03 15:07:48,2023-02-03 15:07:53,5,17282.1
2023-02-03 15:07:58,2023-02-03 15:08:02,4,17058.8994140625
2023-02-03 15:08:04,2023-02-03 15:08:18,14,17888.033761160714
2023-02-03 15:08:22,2023-02-03 15:08:27,5,17875.84765625
2023-02-03 15:08:39,2023-02-03 15:08:40,1,15467.0
2023-02-03 15:08:49,2023-02-03 15:08:50,1,15248.59375
2023-02-03 15:09:01,2023-02-03 15:09:03,2,16016.001953125
2023-02-03 15:09:04,2023-02-03 15:09:12,8,15791.90625
2023-02-03 15:09:17,2023-02-03 15:09:30,13,19436.03425480769
2023-02-03 15:09:32,2023-02-03 15:09:37,5,17163.378125
2023-02-03 15:09:38,2023-02-03 15:09:44,6,15609.257161458334
2023-02-03 15:09:47,2023-02-03 15:09:50,3,17795.505208333332
2023-02-03 15:10:01,2023-02-03 15:10:03,2,17271.697265625
2023-02-03 15:10:13,2023-02-03 15:10:16,3,18111.389322916668
2023-02-03 15:10:22,2023-02-03 15:10:25,3,18016.6484375
2023-02-03 15:10:27,2023-02-03 15:10:43,16,17545.67822265625
2023-02-03 15:10:44,2023-02-03 15:10:50,6,17819.318359375
2023-02-03 15:10:51,2023-02-03 15:11:00,9,15543.173177083334
2023-02-03 15:11:01,2023-02-03 15:11:05,4,16180.8662109375
2023-02-03 15:11:16,2023-02-03 15:11:17,1,16891.8515625
2023-02-03 15:11:28,2023-02-03 15:11:31,3,15534.764322916666
2023-02-03 15:11:39,2023-02-03 15:11:40,1,15345.421875
2023-02-03 15:11:41,2023-02-03 15:11:45,4,17520.14453125
2023-02-03 15:11:46,2023-02-03 15:11:51,5,17959.32265625
2023-02-03 15:11:56,2023-02-03 15:12:00,4,17741.173828125
2023-02-03 15:12:01,2023-02-03 15:12:16,15,18837.3328125
2023-02-03 15:12:18,2023-02-03 15:12:20,2,15123.751953125
2023-02-03 15:12:27,2023-02-03 15:12:29,2,14860.9375
2023-02-03 15:12:41,2023-02-03 15:12:42,1,14622.37890625
2023-02-03 15:12:54,2023-02-03 15:12:56,2,15050.576171875
2023-02-03 15:12:59,2023-02-03 15:13:14,15,16725.14140625
2023-02-03 15:13:15,2023-02-03 15:13:27,12,18801.032552083332
2023-02-03 15:13:34,2023-02-03 15:13:35,1,13898.8515625
2023-02-03 15:13:38,2023-02-03 15:13:39,1,15790.7890625
2023-02-03 15:13:44,2023-02-03 15:13:45,1,14189.49609375
2023-02-03 15:13:51,2023-02-03 15:13:52,1,16873.3203125
2023-02-03 15:14:13,2023-02-03 15:14:15,2,16500.328125
2023-02-03 15:14:16,2023-02-03 15:14:17,1,16231.5625
2023-02-03 15:14:18,2023-02-03 15:14:28,10,17597.096484375
2023-02-03 15:14:29,2023-02-03 15:14:41,12,18785.199869791668
2023-02-03 15:14:47,2023-02-03 15:14:51,4,17922.390625
2023-02-03 15:15:00,2023-02-03 15:15:01,1,14389.703125
2023-02-03 15:15:03,2023-02-03 15:15:04,1,15485.18359375
2023-02-03 15:15:16,2023-02-03 15:15:17,1,14820.47265625
2023-02-03 15:15:29,2023-02-03 15:15:31,2,16366.8359375
2023-02-03 15:15:32,2023-02-03 15:15:33,1,13911.19921875
2023-02-03 15:15:34,2023-02-03 15:15:39,5,15337.940625
2023-02-03 15:15:40,2023-02-03 15:16:01,21,17703.221168154763
2023-02-03 15:16:04,2023-02-03 15:16:07,3,15206.286458333334
2023-02-03 15:16:10,2023-02-03 15:16:13,3,17615.912760416668
2023-02-03 15:16:25,2023-02-03 15:16:27,2,17627.369140625
2023-02-03 15:16:38,2023-02-03 15:16:40,2,14761.9296875
2023-02-03 15:16:47,2023-02-03 15:16:59,12,16871.1142578125
2023-02-03 15:17:04,2023-02-03 15:17:08,4,17417.990234375
2023-02-03 15:17:10,2023-02-03 15:17:16,6,20436.541666666668
2023-02-03 15:17:20,2023-02-03 15:17:22,2,15847.88671875
2023-02-03 15:17:25,2023-02-03 15:17:28,3,19284.352864583332
2023-02-03 15:17:40,2023-02-03 15:17:41,1,14890.78515625
2023-02-03 15:17:51,2023-02-03 15:17:54,3,16563.065104166668
2023-02-03 15:18:05,2023-02-03 15:18:08,3,16263.84375
2023-02-03 15:18:09,2023-02-03 15:18:16,7,19190.06082589286
2023-02-03 15:18:18,2023-02-03 15:18:37,19,18248.41529605263
2023-02-03 15:19:01,2023-02-03 15:19:02,1,15465.4921875
2023-02-03 15:19:14,2023-02-03 15:19:16,2,14650.85546875
2023-02-03 15:19:20,2023-02-03 15:19:34,14,17802.34402901786
2023-02-03 15:19:35,2023-02-03 15:19:47,12,18260.831705729168
2023-02-03 15:19:54,2023-02-03 15:19:55,1,15240.7109375
2023-02-03 15:20:08,2023-02-03 15:20:10,2,15667.544921875
2023-02-03 15:20:20,2023-02-03 15:20:21,1,17048.81640625
2023-02-03 15:20:32,2023-02-03 15:20:35,3,15088.444010416666
2023-02-03 15:20:36,2023-02-03 15:20:59,23,17933.22843070652
2023-02-03 15:21:03,2023-02-03 15:21:04,1,15341.54296875
2023-02-03 15:21:05,2023-02-03 15:21:06,1,15006.48828125
2023-02-03 15:21:07,2023-02-03 15:21:10,3,17300.638020833332
2023-02-03 15:21:21,2023-02-03 15:21:22,1,17671.45703125
2023-02-03 15:21:32,2023-02-03 15:21:35,3,17450.15234375
2023-02-03 15:21:46,2023-02-03 15:22:13,27,17302.886284722223
2023-02-03 15:22:14,2023-02-03 15:22:19,5,17494.04296875
2023-02-03 15:22:23,2023-02-03 15:22:26,3,15999.260416666666
2023-02-03 15:22:29,2023-02-03 15:22:30,1,15981.77734375
2023-02-03 15:22:42,2023-02-03 15:22:43,1,17036.94921875
2023-02-03 15:22:55,2023-02-03 15:22:56,1,14218.0703125
2023-02-03 15:23:01,2023-02-03 15:23:02,1,14374.18359375
2023-02-03 15:23:06,2023-02-03 15:23:11,5,17198.909375
2023-02-03 15:23:15,2023-02-03 15:23:31,16,17698.89697265625
2023-02-03 15:23:32,2023-02-03 15:23:35,3,15156.970052083334
2023-02-03 15:23:36,2023-02-03 15:23:42,6,18331.115885416668
2023-02-03 15:23:47,2023-02-03 15:23:49,2,14533.634765625
2023-02-03 15:24:04,2023-02-03 15:24:05,1,15571.16796875
2023-02-03 15:24:13,2023-02-03 15:24:14,1,14910.05859375
2023-02-03 15:24:17,2023-02-03 15:24:18,1,14685.44921875
2023-02-03 15:24:21,2023-02-03 15:24:42,21,17478.89136904762
2023-02-03 15:24:43,2023-02-03 15:24:48,5,16822.72890625
2023-02-03 15:24:51,2023-02-03 15:24:54,3,15625.459635416666
2023-02-03 15:24:56,2023-02-03 15:25:01,5,17153.4671875
2023-02-03 15:25:02,2023-02-03 15:25:03,1,14177.0859375
2023-02-03 15:25:26,2023-02-03 15:25:28,2,17794.29296875
2023-02-03 15:25:39,2023-02-03 15:25:44,5,18000.4609375
2023-02-03 15:25:45,2023-02-03 15:25:50,5,16750.02734375
2023-02-03 15:25:55,2023-02-03 15:25:57,2,19444.3984375
2023-02-03 15:25:58,2023-02-03 15:26:07,9,18783.671440972223
2023-02-03 15:26:09,2023-02-03 15:26:13,4,19022.1484375
2023-02-03 15:26:16,2023-02-03 15:26:19,3,15551.3125
2023-02-03 15:26:24,2023-02-03 15:26:25,1,16377.5390625
2023-02-03 15:26:37,2023-02-03 15:26:38,1,14582.77734375
2023-02-03 15:26:50,2023-02-03 15:26:51,1,13869.46875
2023-02-03 15:26:58,2023-02-03 15:27:07,9,16211.7421875
2023-02-03 15:27:09,2023-02-03 15:27:24,15,18983.377604166668
2023-02-03 15:27:28,2023-02-03 15:27:30,2,16208.32421875
2023-02-03 15:27:31,2023-02-03 15:27:36,5,17579.9140625
2023-02-03 15:27:42,2023-02-03 15:27:44,2,14235.70703125
2023-02-03 15:27:56,2023-02-03 15:27:57,1,15039.31640625
2023-02-03 15:28:12,2023-02-03 15:28:14,2,16188.927734375
2023-02-03 15:28:15,2023-02-03 15:28:19,4,16822.6044921875
2023-02-03 15:28:20,2023-02-03 15:28:23,3,16889.270833333332
2023-02-03 15:28:25,2023-02-03 15:28:38,13,17465.68780048077
2023-02-03 15:28:39,2023-02-03 15:28:42,3,18498.813802083332
2023-02-03 15:28:44,2023-02-03 15:28:46,2,15217.54296875
2023-02-03 15:28:50,2023-02-03 15:28:53,3,16485.2265625
2023-02-03 15:28:54,2023-02-03 15:28:56,2,18592.314453125
2023-02-03 15:29:07,2023-02-03 15:29:09,2,14990.78515625
2023-02-03 15:29:19,2023-02-03 15:29:21,2,15596.58203125
2023-02-03 15:29:30,2023-02-03 15:29:36,6,16653.948567708332
2023-02-03 15:29:37,2023-02-03 15:29:42,5,18196.65546875
2023-02-03 15:29:46,2023-02-03 15:29:50,4,17815.9306640625
2023-02-03 15:29:51,2023-02-03 15:29:59,8,19412.08056640625
2023-02-03 15:30:01,2023-02-03 15:30:05,4,18765.173828125
2023-02-03 15:30:09,2023-02-03 15:30:10,1,15782.94140625
2023-02-03 15:30:16,2023-02-03 15:30:17,1,15229.921875
2023-02-03 15:30:28,2023-02-03 15:30:30,2,14374.88671875
2023-02-03 15:30:41,2023-02-03 15:30:42,1,16439.61328125
2023-02-03 15:30:47,2023-02-03 15:31:15,28,17935.507393973214
2023-02-03 15:31:22,2023-02-03 15:31:26,4,16014.482421875
2023-02-03 15:31:32,2023-02-03 15:31:33,1,14302.0703125
2023-02-03 15:31:37,2023-02-03 15:31:38,1,14331.703125
2023-02-03 15:32:02,2023-02-03 15:32:17,15,17068.89765625
2023-02-03 15:32:18,2023-02-03 15:32:28,10,18816.111328125
2023-02-03 15:32:31,2023-02-03 15:32:33,2,14977.193359375
2023-02-03 15:32:35,2023-02-03 15:32:40,5,17227.41875
2023-02-03 15:32:50,2023-02-03 15:32:51,1,16780.09765625
2023-02-03 15:33:01,2023-02-03 15:33:04,3,16726.006510416668
2023-02-03 15:33:15,2023-02-03 15:33:19,4,15172.6494140625
2023-02-03 15:33:20,2023-02-03 15:33:27,7,16596.063058035714
2023-02-03 15:33:29,2023-02-03 15:33:42,13,17218.34765625
2023-02-03 15:33:43,2023-02-03 15:33:49,6,16383.037760416666
2023-02-03 15:33:55,2023-02-03 15:34:00,5,17724.82421875
2023-02-03 15:34:22,2023-02-03 15:34:23,1,17725.8203125
2023-02-03 15:34:33,2023-02-03 15:34:44,11,16344.944957386364
2023-02-03 15:34:48,2023-02-03 15:35:08,20,17180.235546875
2023-02-03 15:35:12,2023-02-03 15:35:18,6,16488.947916666668
2023-02-03 15:35:29,2023-02-03 15:35:31,2,16165.22265625
2023-02-03 15:35:39,2023-02-03 15:35:40,1,14899.98828125
2023-02-03 15:35:50,2023-02-03 15:35:51,1,14481.9296875
2023-02-03 15:35:52,2023-02-03 15:36:01,9,16769.432725694445
2023-02-03 15:36:04,2023-02-03 15:36:05,1,14627.0625
2023-02-03 15:36:06,2023-02-03 15:36:19,13,17852.99158653846
2023-02-03 15:36:22,2023-02-03 15:36:27,5,16829.753125
2023-02-03 15:36:28,2023-02-03 15:36:33,5,15629.484375
2023-02-03 15:36:38,2023-02-03 15:36:39,1,16460.2421875
2023-02-03 15:36:51,2023-02-03 15:36:52,1,15005.7734375
2023-02-03 15:36:55,2023-02-03 15:36:56,1,14194.80078125
2023-02-03 15:37:04,2023-02-03 15:37:05,1,16568.2578125
2023-02-03 15:37:12,2023-02-03 15:37:38,26,16800.54432091346
2023-02-03 15:37:41,2023-02-03 15:37:46,5,14912.78515625
2023-02-03 15:37:47,2023-02-03 15:37:51,4,17384.3564453125
2023-02-03 15:37:55,2023-02-03 15:37:56,1,15411.7265625
2023-02-03 15:38:03,2023-02-03 15:38:04,1,15101.1640625
2023-02-03 15:38:08,2023-02-03 15:38:09,1,14247.96875
2023-02-03 15:38:28,2023-02-03 15:38:31,3,17254.385416666668
2023-02-03 15:38:33,2023-02-03 15:38:54,21,17300.962797619046
2023-02-03 15:38:58,2023-02-03 15:39:01,3,19483.630208333332
2023-02-03 15:39:04,2023-02-03 15:39:06,2,14496.865234375
2023-02-03 15:39:09,2023-02-03 15:39:10,1,14326.75390625
2023-02-03 15:39:13,2023-02-03 15:39:14,1,16731.84765625
2023-02-03 15:39:24,2023-02-03 15:39:27,3,14286.015625
2023-02-03 15:39:48,2023-02-03 15:39:56,8,17970.1630859375
2023-02-03 15:39:57,2023-02-03 15:40:04,7,15209.32924107143
2023-02-03 15:40:05,2023-02-03 15:40:15,10,19080.941015625
2023-02-03 15:40:18,2023-02-03 15:40:20,2,16588.7265625
2023-02-03 15:40:22,2023-02-03 15:40:26,4,18179.95703125
2023-02-03 15:40:37,2023-02-03 15:40:38,1,15912.8359375
2023-02-03 15:40:49,2023-02-03 15:40:52,3,16536.483072916668
2023-02-03 15:41:04,2023-02-03 15:41:14,10,16782.623828125
2023-02-03 15:41:16,2023-02-03 15:41:36,20,17574.6833984375
2023-02-03 15:41:42,2023-02-03 15:41:44,2,16218.171875
2023-02-03 15:41:46,2023-02-03 15:41:47,1,14718.234375
2023-02-03 15:41:58,2023-02-03 15:42:00,2,15396.876953125
2023-02-03 15:42:22,2023-02-03 15:42:30,8,17393.20458984375
2023-02-03 15:42:32,2023-02-03 15:42:48,16,17630.177001953125
2023-02-03 15:42:51,2023-02-03 15:42:53,2,15552.76171875
2023-02-03 15:42:54,2023-02-03 15:42:55,1,14428.01171875
2023-02-03 15:42:56,2023-02-03 15:43:00,4,17806.869140625
2023-02-03 15:43:11,2023-02-03 15:43:12,1,15618.99609375
2023-02-03 15:43:23,2023-02-03 15:43:25,2,18204.861328125
2023-02-03 15:43:37,2023-02-03 15:43:48,11,16342.63174715909
2023-02-03 15:43:49,2023-02-03 15:44:09,20,17616.6859375
2023-02-03 15:44:15,2023-02-03 15:44:18,3,17061.678385416668
2023-02-03 15:44:19,2023-02-03 15:44:20,1,15653.22265625
2023-02-03 15:44:31,2023-02-03 15:44:32,1,17941.15625
2023-02-03 15:44:41,2023-02-03 15:44:42,1,14512.2109375
2023-02-03 15:44:52,2023-02-03 15:44:53,1,14502.65234375
2023-02-03 15:44:54,2023-02-03 15:44:58,4,16912.7509765625
2023-02-03 15:44:59,2023-02-03 15:45:03,4,15643.96484375
2023-02-03 15:45:06,2023-02-03 15:45:21,15,18709.298958333333
2023-02-03 15:45:24,2023-02-03 15:45:27,3,19565.861979166668
2023-02-03 15:45:29,2023-02-03 15:45:34,5,15910.03671875
2023-02-03 15:45:38,2023-02-03 15:45:41,3,17319.65625
2023-02-03 15:45:51,2023-02-03 15:45:53,2,15246.572265625
2023-02-03 15:46:04,2023-02-03 15:46:06,2,16555.59765625
2023-02-03 15:46:11,2023-02-03 15:46:24,13,16383.82421875
2023-02-03 15:46:25,2023-02-03 15:46:36,11,18407.19744318182
2023-02-03 15:46:42,2023-02-03 15:46:51,9,16875.359375
2023-02-03 15:46:56,2023-02-03 15:46:58,2,15519.078125
2023-02-03 15:47:09,2023-02-03 15:47:13,4,15130.640625
2023-02-03 15:47:22,2023-02-03 15:47:23,1,15853.703125
2023-02-03 15:47:26,2023-02-03 15:47:48,22,17523.059836647728
2023-02-03 15:47:54,2023-02-03 15:47:59,5,16620.9125
2023-02-03 15:48:02,2023-02-03 15:48:04,2,14758.322265625
2023-02-03 15:48:09,2023-02-03 15:48:11,2,19745.93359375
2023-02-03 15:48:22,2023-02-03 15:48:24,2,18129.90234375
2023-02-03 15:48:35,2023-02-03 15:48:39,4,15743.9462890625
2023-02-03 15:48:40,2023-02-03 15:48:53,13,16067.290865384615
2023-02-03 15:48:54,2023-02-03 15:49:02,8,16991.43994140625
2023-02-03 15:49:04,2023-02-03 15:49:08,4,17662.5185546875
2023-02-03 15:49:12,2023-02-03 15:49:14,2,15950.5
2023-02-03 15:49:16,2023-02-03 15:49:20,4,16897.1318359375
2023-02-03 15:49:26,2023-02-03 15:49:27,1,14214.65234375
2023-02-03 15:49:32,2023-02-03 15:49:33,1,14081.640625
2023-02-03 15:49:40,2023-02-03 15:49:41,1,13997.4140625
2023-02-03 15:49:44,2023-02-03 15:49:46,2,14561.103515625
2023-02-03 15:49:50,2023-02-03 15:49:55,5,15290.70859375
2023-02-03 15:49:58,2023-02-03 15:50:09,11,17950.377840909092
2023-02-03 15:50:11,2023-02-03 15:50:20,9,15965.168402777777
2023-02-03 15:50:22,2023-02-03 15:50:29,7,16839.098214285714
2023-02-03 15:50:35,2023-02-03 15:50:36,1,14016.4921875
2023-02-03 15:50:37,2023-02-03 15:50:41,4,15087.0439453125
2023-02-03 15:50:47,2023-02-03 15:50:49,2,14094.369140625
2023-02-03 15:50:50,2023-02-03 15:51:00,10,17554.22734375
2023-02-03 15:51:03,2023-02-03 15:51:05,2,14700.015625
2023-02-03 15:51:09,2023-02-03 15:51:13,4,17229.52734375
2023-02-03 15:51:18,2023-02-03 15:51:19,1,14090.92578125
2023-02-03 15:51:21,2023-02-03 15:51:25,4,16501.2509765625
2023-02-03 15:51:30,2023-02-03 15:51:31,1,13915.04296875
2023-02-03 15:51:32,2023-02-03 15:51:38,6,16628.657552083332
2023-02-03 15:51:49,2023-02-03 15:52:03,14,16727.709821428572
2023-02-03 15:52:09,2023-02-03 15:52:13,4,17806.85546875
2023-02-03 15:52:25,2023-02-03 15:52:27,2,14867.49609375
2023-02-03 15:52:28,2023-02-03 15:52:33,5,14994.8984375
2023-02-03 15:52:36,2023-02-03 15:52:41,5,17431.71328125
2023-02-03 15:52:42,2023-02-03 15:52:51,9,16980.749565972223
2023-02-03 15:52:57,2023-02-03 15:53:03,6,15338.103515625
2023-02-03 15:53:05,2023-02-03 15:53:10,5,16179.30390625
2023-02-03 15:53:11,2023-02-03 15:53:16,5,16920.75546875
2023-02-03 15:53:26,2023-02-03 15:53:30,4,17464.9296875
2023-02-03 15:53:42,2023-02-03 15:53:44,2,15577.64453125
2023-02-03 15:53:57,2023-02-03 15:53:58,1,17915.36328125
2023-02-03 15:54:42,2023-02-03 15:54:43,1,15393.73046875
2023-02-03 15:54:56,2023-02-03 15:54:57,1,16346.1328125
2023-02-03 15:55:02,2023-02-03 15:55:03,1,16589.765625
2023-02-03 15:55:05,2023-02-03 15:55:06,1,14137.30078125
2023-02-03 15:55:10,2023-02-03 15:55:11,1,14007.43359375
2023-02-03 15:55:15,2023-02-03 15:55:17,2,14468.39453125
2023-02-03 15:56:05,2023-02-03 15:56:08,3,14754.23046875
2023-02-03 15:56:11,2023-02-03 15:56:17,6,15264.090494791666
2023-02-03 15:56:38,2023-02-03 15:56:39,1,14101.17578125
2023-02-03 15:56:51,2023-02-03 15:56:52,1,14005.55078125
2023-02-03 15:57:05,2023-02-03 15:57:06,1,14353.16796875
2023-02-03 15:57:20,2023-02-03 15:57:28,8,15572.76806640625
2023-02-03 15:57:35,2023-02-03 15:57:36,1,16590.6328125
2023-02-03 15:58:17,2023-02-03 15:58:22,5,15900.6515625
2023-02-03 15:58:25,2023-02-03 15:58:29,4,15682.2216796875
2023-02-03 15:58:32,2023-02-03 15:58:35,3,17132.141927083332
2023-02-03 15:59:28,2023-02-03 15:59:40,12,15664.951822916666
2023-02-03 15:59:43,2023-02-03 15:59:45,2,17175.80078125
2023-02-03 15:59:58,2023-02-03 15:59:59,1,15238.54296875
2023-02-03 16:00:39,2023-02-03 16:00:50,11,15769.850852272728
2023-02-03 16:00:54,2023-02-03 16:00:56,2,16514.490234375
2023-02-03 16:01:08,2023-02-03 16:01:09,1,14074.53515625
2023-02-03 16:01:50,2023-02-03 16:01:55,5,16095.003125
2023-02-03 16:01:56,2023-02-03 16:02:01,5,14838.14375
2023-02-03 16:02:05,2023-02-03 16:02:07,2,16977.390625
2023-02-03 16:02:20,2023-02-03 16:02:21,1,15165.55078125
2023-02-03 16:02:33,2023-02-03 16:02:34,1,15104.9296875
2023-02-03 16:03:01,2023-02-03 16:03:06,5,15565.14921875
2023-02-03 16:03:09,2023-02-03 16:03:13,4,15174.83984375
2023-02-03 16:03:17,2023-02-03 16:03:18,1,17700.9765625
2023-02-03 16:04:13,2023-02-03 16:04:25,12,15544.209635416666
2023-02-03 16:04:28,2023-02-03 16:04:30,2,16541.6484375
2023-02-03 16:05:09,2023-02-03 16:05:10,1,13996.09375
2023-02-03 16:05:24,2023-02-03 16:05:36,12,15325.197265625
2023-02-03 16:05:39,2023-02-03 16:05:40,1,16001.60546875
2023-02-03 16:06:20,2023-02-03 16:06:21,1,15447.62890625
2023-02-03 16:06:36,2023-02-03 16:06:38,2,15585.736328125
2023-02-03 16:06:39,2023-02-03 16:06:42,3,14347.87109375
2023-02-03 16:06:45,2023-02-03 16:06:48,3,14663.75390625
2023-02-03 16:06:52,2023-02-03 16:06:54,2,17979.69921875
2023-02-03 16:07:06,2023-02-03 16:07:07,1,14407.39453125
2023-02-03 16:07:49,2023-02-03 16:07:54,5,15653.209375
2023-02-03 16:07:55,2023-02-03 16:07:56,1,13859.4609375
2023-02-03 16:07:57,2023-02-03 16:08:01,4,15202.9990234375
2023-02-03 16:08:04,2023-02-03 16:08:07,3,16732.73828125
2023-02-03 16:08:19,2023-02-03 16:08:20,1,15951.27734375
2023-02-03 16:09:00,2023-02-03 16:09:05,5,15414.703125
2023-02-03 16:09:08,2023-02-03 16:09:13,5,15067.45625
2023-02-03 16:09:15,2023-02-03 16:09:18,3,16107.234375
2023-02-03 16:09:30,2023-02-03 16:09:31,1,15793.390625
2023-02-03 16:10:14,2023-02-03 16:10:19,5,14531.58046875
2023-02-03 16:11:23,2023-02-03 16:11:25,2,15210.962890625
2023-02-03 16:11:27,2023-02-03 16:11:32,5,15305.403125
2023-02-03 16:12:36,2023-02-03 16:12:38,2,14813.564453125
2023-02-03 16:12:39,2023-02-03 16:12:45,6,14668.028645833334
2023-02-03 16:15:25,2023-02-03 16:15:27,2,14422.626953125
2023-02-03 16:16:35,2023-02-03 16:16:36,1,14854.1171875
2023-02-03 16:16:37,2023-02-03 16:16:38,1,14218.1640625
2023-02-03 16:17:39,2023-02-03 16:17:43,4,14191.6611328125
2023-02-03 16:18:39,2023-02-03 16:18:40,1,14260.5078125
2023-02-03 16:18:44,2023-02-03 16:18:48,4,14248.201171875
2023-02-03 16:19:44,2023-02-03 16:19:47,3,14496.428385416666
2023-02-03 16:19:51,2023-02-03 16:19:54,3,14772.615885416666
2023-02-03 16:20:49,2023-02-03 16:20:52,3,14320.49609375
2023-02-03 16:20:55,2023-02-03 16:20:56,1,14514.375
2023-02-03 16:20:57,2023-02-03 16:20:59,2,14717.529296875
2023-02-03 16:21:54,2023-02-03 16:21:55,1,14293.484375
2023-02-03 16:22:00,2023-02-03 16:22:04,4,14530.6845703125
2023-02-03 16:22:59,2023-02-03 16:23:01,2,14266.162109375
2023-02-03 16:23:04,2023-02-03 16:23:08,4,14315.7861328125
2023-02-03 16:24:10,2023-02-03 16:24:11,1,14244.7578125
2023-02-03 16:24:12,2023-02-03 16:24:13,1,14351.8203125
2023-02-03 16:25:15,2023-02-03 16:25:16,1,14056.6484375
2023-02-03 16:26:15,2023-02-03 16:26:16,1,13919.05859375
2023-02-03 16:26:21,2023-02-03 16:26:24,3,14548.748697916666
2023-02-03 16:27:21,2023-02-03 16:27:22,1,15001.17578125
2023-02-03 16:27:26,2023-02-03 16:27:30,4,15344.69921875
2023-02-03 16:28:26,2023-02-03 16:28:27,1,14179.99609375
2023-02-03 16:28:31,2023-02-03 16:28:35,4,15075.1142578125
2023-02-03 16:29:36,2023-02-03 16:29:38,2,14938.326171875
2023-02-03 16:29:39,2023-02-03 16:29:40,1,14779.16796875
2023-02-03 16:30:47,2023-02-03 16:30:49,2,15014.091796875
2023-02-03 16:31:46,2023-02-03 16:31:48,2,15270.0078125
2023-02-03 16:31:51,2023-02-03 16:31:56,5,14995.14765625
2023-02-03 16:32:50,2023-02-03 16:32:52,2,14743.033203125
2023-02-03 16:32:55,2023-02-03 16:33:00,5,15182.03203125
2023-02-03 16:33:55,2023-02-03 16:33:56,1,13886.8984375
2023-02-03 16:34:01,2023-02-03 16:34:05,4,15296.5966796875
2023-02-03 16:35:00,2023-02-03 16:35:01,1,14152.53515625
2023-02-03 16:35:05,2023-02-03 16:35:09,4,14756.2373046875
2023-02-03 16:36:05,2023-02-03 16:36:06,1,14490.015625
2023-02-03 16:36:11,2023-02-03 16:36:15,4,15462.326171875
2023-02-03 16:37:09,2023-02-03 16:37:11,2,14613.126953125
2023-02-03 16:37:15,2023-02-03 16:37:19,4,15905.0634765625
2023-02-03 16:38:13,2023-02-03 16:38:14,1,14023.92578125
2023-02-03 16:38:19,2023-02-03 16:38:22,3,14520.100260416666
2023-02-03 16:39:18,2023-02-03 16:39:19,1,14081.46875
2023-02-03 16:39:24,2023-02-03 16:39:27,3,14870.0859375
2023-02-03 16:40:23,2023-02-03 16:40:24,1,15298.328125
2023-02-03 16:40:28,2023-02-03 16:40:31,3,14448.479166666666
2023-02-03 16:41:27,2023-02-03 16:41:29,2,14696.052734375
2023-02-03 16:41:33,2023-02-03 16:41:37,4,14506.4765625
2023-02-03 16:42:33,2023-02-03 16:42:35,2,14688.216796875
2023-02-03 16:42:38,2023-02-03 16:42:43,5,14740.99765625
2023-02-03 16:43:37,2023-02-03 16:43:39,2,15157.06640625
2023-02-03 16:43:42,2023-02-03 16:43:47,5,14835.14765625
2023-02-03 16:44:42,2023-02-03 16:44:44,2,14137.990234375
2023-02-03 16:44:48,2023-02-03 16:44:52,4,15070.2294921875
2023-02-03 16:45:52,2023-02-03 16:45:55,3,14359.938802083334
2023-02-03 16:46:52,2023-02-03 16:46:53,1,14693.08203125
2023-02-03 16:46:57,2023-02-03 16:47:01,4,14837.8056640625
2023-02-03 16:48:01,2023-02-03 16:48:05,4,14544.443359375
2023-02-03 16:49:08,2023-02-03 16:49:10,2,14657.69921875
2023-02-03 16:50:13,2023-02-03 16:50:14,1,14403.65234375
2023-02-03 16:51:17,2023-02-03 16:51:18,1,14662.484375
2023-02-03 16:51:19,2023-02-03 16:51:20,1,14114.07421875
2023-02-03 16:52:16,2023-02-03 16:52:17,1,14034.2890625
2023-02-03 16:52:22,2023-02-03 16:52:25,3,14209.618489583334
2023-02-03 16:53:26,2023-02-03 16:53:27,1,14375.69140625
2023-02-03 16:54:26,2023-02-03 16:54:27,1,14216.1796875
2023-02-03 16:54:31,2023-02-03 16:54:33,2,14223.560546875
2023-02-03 16:55:36,2023-02-03 16:55:40,4,14412.083984375
2023-02-03 16:56:41,2023-02-03 16:56:45,4,14416.30078125
2023-02-03 16:57:47,2023-02-03 16:57:49,2,14223.48828125
2023-02-03 16:58:46,2023-02-03 16:58:47,1,14042.69140625
2023-02-03 16:58:53,2023-02-03 16:58:55,2,14369.052734375
2023-02-03 16:59:51,2023-02-03 16:59:52,1,14581.66796875
2023-02-03 16:59:57,2023-02-03 16:59:58,1,13882.43359375
2023-02-03 16:59:59,2023-02-03 17:00:01,2,14793.927734375
2023-02-03 17:00:55,2023-02-03 17:00:57,2,14997.619140625
2023-02-03 17:01:01,2023-02-03 17:01:05,4,14988.07421875
2023-02-03 17:02:00,2023-02-03 17:02:01,1,14302.43359375
2023-02-03 17:02:05,2023-02-03 17:02:09,4,14710.3046875
2023-02-03 17:03:03,2023-02-03 17:03:04,1,14300.2265625
2023-02-03 17:03:09,2023-02-03 17:03:13,4,14604.576171875
2023-02-03 17:05:13,2023-02-03 17:05:15,2,14198.568359375
2023-02-03 17:05:18,2023-02-03 17:05:22,4,14865.5888671875
2023-02-03 17:06:17,2023-02-03 17:06:18,1,14370.59765625
2023-02-03 17:06:22,2023-02-03 17:06:26,4,14353.294921875
2023-02-03 17:07:21,2023-02-03 17:07:22,1,14386.2890625
2023-02-03 17:07:29,2023-02-03 17:07:30,1,14290.62890625
2023-02-03 17:08:32,2023-02-03 17:08:33,1,14293.421875
2023-02-03 17:09:32,2023-02-03 17:09:34,2,14249.484375
2023-02-03 17:09:38,2023-02-03 17:09:42,4,14544.189453125
2023-02-03 17:10:37,2023-02-03 17:10:39,2,14528.37890625
2023-02-03 17:10:43,2023-02-03 17:10:46,3,14582.255208333334
2023-02-03 17:11:42,2023-02-03 17:11:43,1,13981.08203125
2023-02-03 17:11:49,2023-02-03 17:11:50,1,13871.9609375
2023-02-03 17:11:51,2023-02-03 17:11:52,1,14737.17578125
2023-02-03 17:12:47,2023-02-03 17:12:48,1,14289.6484375
2023-02-03 17:12:52,2023-02-03 17:12:56,4,14470.7529296875
2023-02-03 17:13:57,2023-02-03 17:14:02,5,15201.915625
2023-02-03 17:14:55,2023-02-03 17:14:57,2,14337.45703125
2023-02-03 17:15:01,2023-02-03 17:15:05,4,15124.4287109375
2023-02-03 17:16:00,2023-02-03 17:16:01,1,14654.33984375
2023-02-03 17:16:05,2023-02-03 17:16:09,4,15193.181640625
2023-02-03 17:17:09,2023-02-03 17:17:11,2,14554.794921875
2023-02-03 17:18:09,2023-02-03 17:18:10,1,13884.32421875
2023-02-03 17:18:15,2023-02-03 17:18:19,4,14307.0751953125
2023-02-03 17:19:16,2023-02-03 17:19:17,1,15182.80078125
2023-02-03 17:19:21,2023-02-03 17:19:26,5,14570.83203125
2023-02-03 17:20:19,2023-02-03 17:20:21,2,14459.23046875
2023-02-03 17:20:24,2023-02-03 17:20:28,4,14310.220703125
2023-02-03 17:21:23,2023-02-03 17:21:24,1,14190.29296875
2023-02-03 17:21:29,2023-02-03 17:21:30,1,14601.9375
2023-02-03 17:22:28,2023-02-03 17:22:29,1,14091.7421875
2023-02-03 17:22:34,2023-02-03 17:22:37,3,14085.123697916666
2023-02-03 17:23:34,2023-02-03 17:23:35,1,14149.0
2023-02-03 17:23:40,2023-02-03 17:23:43,3,14735.35546875
2023-02-03 17:24:40,2023-02-03 17:24:41,1,14342.94140625
2023-02-03 17:24:46,2023-02-03 17:24:49,3,14254.92578125
2023-02-03 17:25:51,2023-02-03 17:25:55,4,14455.857421875
2023-02-03 17:26:57,2023-02-03 17:26:58,1,14003.01953125
2023-02-03 17:28:02,2023-02-03 17:28:06,4,14156.001953125
2023-02-03 17:29:03,2023-02-03 17:29:04,1,14027.26171875
2023-02-03 17:29:09,2023-02-03 17:29:12,3,14432.49609375
2023-02-03 17:30:08,2023-02-03 17:30:09,1,13882.31640625
2023-02-03 17:30:15,2023-02-03 17:30:17,2,14596.810546875
2023-02-03 17:31:19,2023-02-03 17:31:22,3,14326.080729166666
2023-02-03 17:32:20,2023-02-03 17:32:21,1,14102.67578125
2023-02-03 17:32:26,2023-02-03 17:32:27,1,14842.75390625
2023-02-03 17:32:28,2023-02-03 17:32:29,1,14518.19140625
2023-02-03 17:33:25,2023-02-03 17:33:26,1,14044.54296875
2023-02-03 17:33:30,2023-02-03 17:33:33,3,15119.627604166666
2023-02-03 17:34:36,2023-02-03 17:34:38,2,15003.201171875
2023-02-03 17:35:35,2023-02-03 17:35:36,1,14758.53125
2023-02-03 17:35:40,2023-02-03 17:35:42,2,14143.6015625
2023-02-03 17:36:39,2023-02-03 17:36:41,2,14334.6953125
2023-02-03 17:36:46,2023-02-03 17:36:49,3,14838.084635416666
2023-02-03 17:37:50,2023-02-03 17:37:51,1,14516.09765625
2023-02-03 17:38:55,2023-02-03 17:38:58,3,14073.001302083334
2023-02-03 17:39:55,2023-02-03 17:39:56,1,14297.57421875
2023-02-03 17:40:01,2023-02-03 17:40:04,3,14198.619791666666
2023-02-03 17:41:05,2023-02-03 17:41:06,1,14261.3828125
2023-02-03 17:41:08,2023-02-03 17:41:09,1,13947.40625
2023-02-03 17:42:10,2023-02-03 17:42:13,3,14174.3359375
2023-02-03 17:43:12,2023-02-03 17:43:13,1,13922.859375
2023-02-03 17:43:14,2023-02-03 17:43:18,4,14568.5029296875
2023-02-03 17:44:15,2023-02-03 17:44:16,1,14596.21875
2023-02-03 17:44:20,2023-02-03 17:44:24,4,15022.0517578125
2023-02-03 17:45:25,2023-02-03 17:45:28,3,14838.983072916666
2023-02-03 17:46:25,2023-02-03 17:46:26,1,15038.79296875
2023-02-03 17:46:30,2023-02-03 17:46:32,2,14279.654296875
2023-02-03 17:46:33,2023-02-03 17:46:34,1,14879.44921875
2023-02-03 17:47:29,2023-02-03 17:47:31,2,14308.166015625
2023-02-03 17:47:35,2023-02-03 17:47:38,3,14253.82421875
2023-02-03 17:48:35,2023-02-03 17:48:36,1,14692.19921875
2023-02-03 17:48:40,2023-02-03 17:48:43,3,14735.809895833334
2023-02-03 17:49:39,2023-02-03 17:49:41,2,14368.7890625
2023-02-03 17:49:45,2023-02-03 17:49:49,4,14964.685546875
2023-02-03 17:50:43,2023-02-03 17:50:45,2,14397.609375
2023-02-03 17:50:49,2023-02-03 17:50:53,4,14567.0107421875
2023-02-03 17:51:54,2023-02-03 17:51:57,3,14899.326822916666
2023-02-03 17:52:59,2023-02-03 17:53:01,2,15009.9140625
2023-02-03 17:53:58,2023-02-03 17:53:59,1,14714.15234375
2023-02-03 17:54:04,2023-02-03 17:54:08,4,14944.7724609375
2023-02-03 17:55:02,2023-02-03 17:55:04,2,14473.9609375
2023-02-03 17:55:07,2023-02-03 17:55:11,4,14952.263671875
2023-02-03 17:56:06,2023-02-03 17:56:08,2,15302.484375
2023-02-03 17:56:12,2023-02-03 17:56:14,2,14514.1875
2023-02-03 17:56:15,2023-02-03 17:56:16,1,14897.44921875
2023-02-03 17:57:17,2023-02-03 17:57:19,2,14262.3203125
2023-02-03 17:58:22,2023-02-03 17:58:25,3,14460.868489583334
2023-02-03 17:59:22,2023-02-03 17:59:24,2,13909.541015625
2023-02-03 17:59:28,2023-02-03 17:59:30,2,14437.046875
2023-02-03 18:00:27,2023-02-03 18:00:29,2,14087.99609375
2023-02-03 18:00:33,2023-02-03 18:00:36,3,14348.25
2023-02-03 18:01:32,2023-02-03 18:01:34,2,13974.185546875
2023-02-03 18:01:38,2023-02-03 18:01:41,3,14688.213541666666
2023-02-03 18:02:38,2023-02-03 18:02:40,2,14807.802734375
2023-02-03 18:02:43,2023-02-03 18:02:45,2,14012.400390625
2023-02-03 18:02:46,2023-02-03 18:02:47,1,14862.28515625
2023-02-03 18:03:43,2023-02-03 18:03:45,2,14470.919921875
2023-02-03 18:03:48,2023-02-03 18:03:52,4,14844.837890625
2023-02-03 18:04:48,2023-02-03 18:04:49,1,14467.80078125
2023-02-03 18:04:53,2023-02-03 18:04:57,4,14804.1904296875
2023-02-03 18:05:52,2023-02-03 18:05:54,2,14309.33984375
2023-02-03 18:05:58,2023-02-03 18:06:01,3,14418.6953125
2023-02-03 18:06:57,2023-02-03 18:06:59,2,14562.208984375
2023-02-03 18:07:03,2023-02-03 18:07:07,4,15540.265625
2023-02-03 18:08:02,2023-02-03 18:08:03,1,14693.04296875
2023-02-03 18:08:07,2023-02-03 18:08:11,4,14733.0458984375
2023-02-03 18:09:05,2023-02-03 18:09:07,2,13945.43359375
2023-02-03 18:09:11,2023-02-03 18:09:15,4,14968.619140625
2023-02-03 18:10:10,2023-02-03 18:10:11,1,14419.5390625
2023-02-03 18:10:15,2023-02-03 18:10:19,4,14834.96484375
2023-02-03 18:11:14,2023-02-03 18:11:16,2,14502.83984375
2023-02-03 18:11:20,2023-02-03 18:11:21,1,14801.39453125
2023-02-03 18:11:22,2023-02-03 18:11:24,2,15418.80078125
2023-02-03 18:12:18,2023-02-03 18:12:20,2,14670.17578125
2023-02-03 18:12:24,2023-02-03 18:12:29,5,15382.71484375
2023-02-03 18:13:22,2023-02-03 18:13:24,2,15199.537109375
2023-02-03 18:13:28,2023-02-03 18:13:32,4,14945.1357421875
2023-02-03 18:14:26,2023-02-03 18:14:28,2,14569.5859375
2023-02-03 18:14:30,2023-02-03 18:14:36,6,15030.098958333334
2023-02-03 18:15:31,2023-02-03 18:15:32,1,14151.3359375
2023-02-03 18:15:36,2023-02-03 18:15:37,1,14240.234375
2023-02-03 18:15:38,2023-02-03 18:15:39,1,14783.12109375
2023-02-03 18:16:35,2023-02-03 18:16:36,1,14192.9140625
2023-02-03 18:16:40,2023-02-03 18:16:44,4,14391.71875
2023-02-03 18:17:39,2023-02-03 18:17:41,2,14161.056640625
2023-02-03 18:17:44,2023-02-03 18:17:48,4,14720.07421875
2023-02-03 18:18:45,2023-02-03 18:18:46,1,14826.69140625
2023-02-03 18:18:50,2023-02-03 18:18:54,4,14990.986328125
2023-02-03 18:19:49,2023-02-03 18:19:51,2,14488.173828125
2023-02-03 18:19:55,2023-02-03 18:19:58,3,14881.580729166666
2023-02-03 18:20:54,2023-02-03 18:20:55,1,14383.6171875
2023-02-03 18:20:59,2023-02-03 18:21:03,4,14406.01953125
2023-02-03 18:21:58,2023-02-03 18:21:59,1,14027.8125
2023-02-03 18:22:05,2023-02-03 18:22:07,2,15435.017578125
2023-02-03 18:23:03,2023-02-03 18:23:04,1,14800.56640625
2023-02-03 18:23:08,2023-02-03 18:23:11,3,14688.221354166666
2023-02-03 18:24:09,2023-02-03 18:24:10,1,14848.69140625
2023-02-03 18:24:14,2023-02-03 18:24:19,5,14701.10859375
2023-02-03 18:25:13,2023-02-03 18:25:14,1,14906.484375
2023-02-03 18:25:19,2023-02-03 18:25:22,3,14294.958333333334
2023-02-03 18:26:16,2023-02-03 18:26:18,2,14910.73828125
2023-02-03 18:26:21,2023-02-03 18:26:26,5,15431.75625
2023-02-03 18:27:20,2023-02-03 18:27:23,3,14324.850260416666
2023-02-03 18:27:26,2023-02-03 18:27:29,3,14664.08203125
2023-02-03 18:28:26,2023-02-03 18:28:27,1,14015.7265625
2023-02-03 18:28:32,2023-02-03 18:28:33,1,13964.234375
2023-02-03 18:29:31,2023-02-03 18:29:33,2,14883.92578125
2023-02-03 18:29:37,2023-02-03 18:29:41,4,15222.625
2023-02-03 18:30:36,2023-02-03 18:30:37,1,15384.5390625
2023-02-03 18:30:41,2023-02-03 18:30:45,4,14900.78515625
2023-02-03 18:31:39,2023-02-03 18:31:41,2,15379.623046875
2023-02-03 18:31:44,2023-02-03 18:31:49,5,15331.73359375
2023-02-03 18:32:44,2023-02-03 18:32:46,2,15025.87109375
2023-02-03 18:32:49,2023-02-03 18:32:54,5,15491.1328125
2023-02-03 18:33:48,2023-02-03 18:33:50,2,14554.65625
2023-02-03 18:33:54,2023-02-03 18:33:58,4,15512.947265625
2023-02-03 18:34:52,2023-02-03 18:34:55,3,14536.856770833334
2023-02-03 18:34:58,2023-02-03 18:34:59,1,14251.5078125
2023-02-03 18:35:00,2023-02-03 18:35:02,2,14353.068359375
2023-02-03 18:35:56,2023-02-03 18:35:58,2,14042.56640625
2023-02-03 18:36:02,2023-02-03 18:36:06,4,14668.9853515625
2023-02-03 18:37:01,2023-02-03 18:37:03,2,14725.474609375
2023-02-03 18:37:06,2023-02-03 18:37:11,5,14941.59453125
2023-02-03 18:38:05,2023-02-03 18:38:07,2,14273.4921875
2023-02-03 18:38:11,2023-02-03 18:38:15,4,14756.8662109375
2023-02-03 18:39:08,2023-02-03 18:39:11,3,14288.309895833334
2023-02-03 18:39:14,2023-02-03 18:39:19,5,15104.05703125
2023-02-03 18:40:13,2023-02-03 18:40:15,2,14458.9140625
2023-02-03 18:40:18,2023-02-03 18:40:22,4,15540.09375
2023-02-03 18:41:17,2023-02-03 18:41:19,2,14580.21875
2023-02-03 18:41:22,2023-02-03 18:41:27,5,14528.98984375
2023-02-03 18:42:22,2023-02-03 18:42:23,1,13869.44140625
2023-02-03 18:42:27,2023-02-03 18:42:31,4,14936.6884765625
2023-02-03 18:43:26,2023-02-03 18:43:27,1,14828.171875
2023-02-03 18:43:31,2023-02-03 18:43:35,4,15239.8466796875
2023-02-03 18:44:29,2023-02-03 18:44:31,2,14514.298828125
2023-02-03 18:44:34,2023-02-03 18:44:37,3,14783.522135416666
2023-02-03 18:45:39,2023-02-03 18:45:43,4,15054.9296875
2023-02-03 18:46:38,2023-02-03 18:46:39,1,14472.17578125
2023-02-03 18:46:43,2023-02-03 18:46:47,4,14903.822265625
2023-02-03 18:47:42,2023-02-03 18:47:45,3,14408.756510416666
2023-02-03 18:47:47,2023-02-03 18:47:51,4,14815.2333984375
2023-02-03 18:48:46,2023-02-03 18:48:47,1,14255.84765625
2023-02-03 18:48:48,2023-02-03 18:48:49,1,13987.11328125
2023-02-03 18:48:52,2023-02-03 18:48:55,3,15733.201822916666
2023-02-03 18:49:50,2023-02-03 18:49:51,1,14581.53125
2023-02-03 18:49:55,2023-02-03 18:49:59,4,14927.58984375
2023-02-03 18:50:55,2023-02-03 18:50:58,3,14548.657552083334
2023-02-03 18:51:02,2023-02-03 18:51:04,2,15248.37890625
2023-02-03 18:52:01,2023-02-03 18:52:03,2,14586.564453125
2023-02-03 18:52:07,2023-02-03 18:52:11,4,15288.9560546875
2023-02-03 18:53:04,2023-02-03 18:53:06,2,14474.3515625
2023-02-03 18:53:10,2023-02-03 18:53:13,3,14835.77734375
2023-02-03 18:54:10,2023-02-03 18:54:12,2,14688.3046875
2023-02-03 18:54:15,2023-02-03 18:54:19,4,15035.314453125
2023-02-03 18:55:14,2023-02-03 18:55:17,3,14786.484375
2023-02-03 18:55:20,2023-02-03 18:55:24,4,15208.318359375
2023-02-03 18:56:18,2023-02-03 18:56:20,2,14819.3671875
2023-02-03 18:56:24,2023-02-03 18:56:28,4,15430.73828125
2023-02-03 18:57:22,2023-02-03 18:57:24,2,14505.607421875
2023-02-03 18:57:28,2023-02-03 18:57:31,3,14814.885416666666
2023-02-03 18:58:26,2023-02-03 18:58:28,2,14859.791015625
2023-02-03 18:58:32,2023-02-03 18:58:36,4,16283.7470703125
2023-02-03 18:59:30,2023-02-03 18:59:32,2,13963.5859375
2023-02-03 18:59:36,2023-02-03 18:59:39,3,14799.078125
2023-02-03 19:00:35,2023-02-03 19:00:37,2,14662.521484375
2023-02-03 19:00:40,2023-02-03 19:00:44,4,15222.908203125
2023-02-03 19:01:38,2023-02-03 19:01:40,2,14302.275390625
2023-02-03 19:01:44,2023-02-03 19:01:48,4,14770.2314453125
2023-02-03 19:02:42,2023-02-03 19:02:44,2,14324.533203125
2023-02-03 19:02:48,2023-02-03 19:02:52,4,14498.8408203125
2023-02-03 19:03:48,2023-02-03 19:03:49,1,13921.64453125
2023-02-03 19:03:53,2023-02-03 19:03:56,3,14945.602864583334
2023-02-03 19:04:52,2023-02-03 19:04:55,3,14608.188802083334
2023-02-03 19:04:58,2023-02-03 19:04:59,1,14308.734375
2023-02-03 19:05:00,2023-02-03 19:05:03,3,14905.32421875
2023-02-03 19:05:57,2023-02-03 19:05:59,2,14672.880859375
2023-02-03 19:06:02,2023-02-03 19:06:06,4,15146.0537109375
2023-02-03 19:07:01,2023-02-03 19:07:02,1,14551.67578125
2023-02-03 19:07:06,2023-02-03 19:07:10,4,15382.509765625
2023-02-03 19:08:04,2023-02-03 19:08:06,2,14087.65234375
2023-02-03 19:08:10,2023-02-03 19:08:13,3,14830.53515625
2023-02-03 19:09:08,2023-02-03 19:09:11,3,14630.484375
2023-02-03 19:09:14,2023-02-03 19:09:18,4,15076.083984375
2023-02-03 19:10:13,2023-02-03 19:10:16,3,14915.477864583334
2023-02-03 19:10:19,2023-02-03 19:10:23,4,15359.7041015625
2023-02-03 19:11:17,2023-02-03 19:11:19,2,14462.66015625
2023-02-03 19:11:23,2023-02-03 19:11:25,2,14971.478515625
2023-02-06 16:37:24,2023-02-06 16:37:25,1,14153.55078125
2023-02-06 16:37:54,2023-02-06 16:37:56,2,17177.564453125
2023-02-06 16:38:08,2023-02-06 16:38:10,2,16708.72265625
2023-02-06 16:38:22,2023-02-06 16:38:24,2,14396.990234375
2023-02-06 16:38:36,2023-02-06 16:38:37,1,14672.69921875
2023-02-06 16:38:50,2023-02-06 16:38:51,1,14027.73046875
2023-02-06 16:38:52,2023-02-06 16:38:53,1,13885.19140625
2023-02-06 16:42:34,2023-02-06 16:42:35,1,16754.87890625
2023-02-06 16:42:48,2023-02-06 16:42:50,2,18918.169921875
2023-02-06 16:43:02,2023-02-06 16:43:04,2,24025.65625
2023-02-06 16:43:16,2023-02-06 16:43:18,2,16088.7890625
2023-02-06 16:43:31,2023-02-06 16:43:33,2,17227.078125
2023-02-06 16:43:45,2023-02-06 16:43:46,1,15601.875
2023-02-06 16:44:15,2023-02-06 16:44:17,2,17199.9375
2023-02-06 16:44:28,2023-02-06 16:44:30,2,15550.234375
2023-02-06 16:45:13,2023-02-06 16:45:15,2,17637.724609375
2023-02-06 16:45:36,2023-02-06 16:45:37,1,14639.2890625
2023-02-06 16:45:50,2023-02-06 16:45:51,1,14310.60546875
2023-02-06 16:45:58,2023-02-06 16:45:59,1,14599.515625
2023-02-06 16:46:02,2023-02-06 16:46:03,1,16429.24609375
2023-02-06 16:46:25,2023-02-06 16:46:26,1,16046.2734375
2023-02-06 16:46:54,2023-02-06 16:46:55,1,14340.51953125
2023-02-06 16:47:08,2023-02-06 16:47:09,1,23010.828125
2023-02-06 16:47:21,2023-02-06 16:47:24,3,19375.239583333332
2023-02-06 16:47:35,2023-02-06 16:47:38,3,18610.006510416668
2023-02-06 16:47:49,2023-02-06 16:47:52,3,15502.907552083334
2023-02-06 16:48:04,2023-02-06 16:48:06,2,17995.779296875
2023-02-06 16:48:18,2023-02-06 16:48:21,3,14781.002604166666
2023-02-06 16:48:34,2023-02-06 16:48:35,1,15257.84765625
2023-02-06 16:48:47,2023-02-06 16:48:49,2,17250.908203125
2023-02-06 16:48:58,2023-02-06 16:48:59,1,17398.51171875
2023-02-06 16:49:11,2023-02-06 16:49:12,1,16559.87890625
2023-02-06 16:49:23,2023-02-06 16:49:24,1,14379.40234375
2023-02-06 16:50:11,2023-02-06 16:50:12,1,14209.9375
2023-02-06 16:50:25,2023-02-06 16:50:28,3,17700.591145833332
2023-02-06 16:50:40,2023-02-06 16:50:41,1,14476.08984375
2023-02-06 16:50:55,2023-02-06 16:50:56,1,14257.24609375
2023-02-06 16:51:08,2023-02-06 16:51:10,2,20081.72265625
2023-02-06 16:51:20,2023-02-06 16:51:24,4,15724.48828125
2023-02-06 16:51:37,2023-02-06 16:51:38,1,14109.29296875
2023-02-06 16:51:50,2023-02-06 16:51:52,2,15629.375
2023-02-06 16:52:04,2023-02-06 16:52:05,1,20139.359375
2023-02-06 16:52:18,2023-02-06 16:52:19,1,17293.3828125
2023-02-06 16:52:32,2023-02-06 16:52:35,3,16168.282552083334
2023-02-06 16:52:46,2023-02-06 16:52:49,3,17904.029947916668
2023-02-06 16:53:00,2023-02-06 16:53:01,1,14501.7265625
2023-02-06 16:53:02,2023-02-06 16:53:03,1,14626.57421875
2023-02-06 16:53:30,2023-02-06 16:53:31,1,15266.89453125
2023-02-06 16:53:42,2023-02-06 16:53:45,3,16885.119791666668
2023-02-06 16:53:56,2023-02-06 16:53:58,2,15165.462890625
2023-02-06 16:54:10,2023-02-06 16:54:11,1,19009.92578125
2023-02-06 16:54:24,2023-02-06 16:54:25,1,17033.34375
2023-02-06 16:54:39,2023-02-06 16:54:41,2,17861.27734375
2023-02-06 16:54:51,2023-02-06 16:54:54,3,18715.350260416668
2023-02-06 16:55:04,2023-02-06 16:55:06,2,24967.15234375
2023-02-06 16:55:17,2023-02-06 16:55:20,3,19865.369791666668
2023-02-06 16:55:30,2023-02-06 16:55:33,3,16621.576822916668
2023-02-06 16:55:44,2023-02-06 16:55:46,2,17657.478515625
2023-02-06 16:55:57,2023-02-06 16:55:59,2,16210.708984375
2023-02-06 16:56:10,2023-02-06 16:56:12,2,16136.1953125
2023-02-06 16:56:22,2023-02-06 16:56:23,1,14619.12109375
2023-02-06 16:56:38,2023-02-06 16:56:39,1,18031.0859375
2023-02-06 16:56:49,2023-02-06 16:56:52,3,17002.325520833332
2023-02-06 16:57:02,2023-02-06 16:57:04,2,22896.34375
2023-02-06 16:57:15,2023-02-06 16:57:17,2,25557.943359375
2023-02-06 16:57:27,2023-02-06 16:57:30,3,22136.8125
2023-02-06 16:57:40,2023-02-06 16:57:42,2,27412.244140625
2023-02-06 16:57:52,2023-02-06 16:57:55,3,21511.173177083332
2023-02-06 16:58:05,2023-02-06 16:58:08,3,19487.634114583332
2023-02-06 16:58:18,2023-02-06 16:58:20,2,20697.244140625
2023-02-06 16:58:31,2023-02-06 16:58:33,2,20662.830078125
2023-02-06 16:58:43,2023-02-06 16:58:46,3,19818.712239583332
2023-02-06 16:58:56,2023-02-06 16:58:58,2,25237.275390625
2023-02-06 16:59:08,2023-02-06 16:59:11,3,18740.106770833332
2023-02-06 16:59:22,2023-02-06 16:59:24,2,20875.451171875
2023-02-06 16:59:35,2023-02-06 16:59:37,2,20953.4140625
2023-02-06 16:59:47,2023-02-06 16:59:51,4,17479.33984375
2023-02-06 17:00:00,2023-02-06 17:00:03,3,21442.748697916668
2023-02-06 17:00:13,2023-02-06 17:00:15,2,26095.80859375
2023-02-06 17:00:25,2023-02-06 17:00:28,3,21394.21875
2023-02-06 17:00:38,2023-02-06 17:00:40,2,24833.693359375
2023-02-06 17:00:51,2023-02-06 17:00:53,2,21988.119140625
2023-02-06 17:01:04,2023-02-06 17:01:06,2,22375.060546875
2023-02-06 17:01:16,2023-02-06 17:01:18,2,24138.328125
2023-02-06 17:01:29,2023-02-06 17:01:31,2,21950.73046875
2023-02-06 17:01:42,2023-02-06 17:01:44,2,20874.26171875
2023-02-06 17:01:54,2023-02-06 17:01:57,3,20489.796875
2023-02-06 17:02:07,2023-02-06 17:02:10,3,23161.74609375
2023-02-06 17:02:20,2023-02-06 17:02:22,2,26575.662109375
2023-02-06 17:02:32,2023-02-06 17:02:35,3,19043.627604166668
2023-02-06 17:02:45,2023-02-06 17:02:47,2,21664.4453125
2023-02-06 17:02:58,2023-02-06 17:03:00,2,22214.30859375
2023-02-06 17:03:11,2023-02-06 17:03:13,2,21227.447265625
2023-02-06 17:03:23,2023-02-06 17:03:26,3,20381.213541666668
2023-02-06 17:03:36,2023-02-06 17:03:38,2,20157.552734375
2023-02-06 17:03:49,2023-02-06 17:03:51,2,21031.619140625
2023-02-06 17:04:01,2023-02-06 17:04:03,2,22259.658203125
2023-02-06 17:04:14,2023-02-06 17:04:17,3,19656.412760416668
2023-02-06 17:04:26,2023-02-06 17:04:29,3,22702.010416666668
2023-02-06 17:04:38,2023-02-06 17:04:41,3,22287.76171875
2023-02-06 17:04:51,2023-02-06 17:04:53,2,25658.048828125
2023-02-06 17:05:03,2023-02-06 17:05:06,3,20760.920572916668
2023-02-06 17:05:16,2023-02-06 17:05:18,2,22787.134765625
2023-02-06 17:05:28,2023-02-06 17:05:30,2,21714.1796875
2023-02-06 17:05:40,2023-02-06 17:05:44,4,17052.099609375
2023-02-06 17:05:53,2023-02-06 17:05:55,2,19235.64453125
2023-02-06 17:06:05,2023-02-06 17:06:07,2,19841.244140625
2023-02-06 17:06:17,2023-02-06 17:06:20,3,19076.231770833332
2023-02-06 17:06:29,2023-02-06 17:06:32,3,20352.561197916668
2023-02-06 17:06:42,2023-02-06 17:06:44,2,21680.044921875
2023-02-06 17:06:54,2023-02-06 17:06:57,3,17577.236979166668
2023-02-06 17:07:06,2023-02-06 17:07:09,3,17723.17578125
2023-02-06 17:07:18,2023-02-06 17:07:21,3,16875.536458333332
2023-02-06 17:07:30,2023-02-06 17:07:33,3,17269.7578125
2023-02-06 17:07:43,2023-02-06 17:07:46,3,18125.059895833332
2023-02-06 17:07:55,2023-02-06 17:07:58,3,18874.5390625
2023-02-06 17:08:07,2023-02-06 17:08:10,3,18944.315104166668
2023-02-06 17:08:20,2023-02-06 17:08:22,2,23156.255859375
2023-02-06 17:08:32,2023-02-06 17:08:34,2,23677.880859375
2023-02-06 17:08:44,2023-02-06 17:08:46,2,25815.759765625
2023-02-06 17:08:56,2023-02-06 17:08:58,2,25254.62890625
2023-02-06 17:09:08,2023-02-06 17:09:11,3,20570.2421875
2023-02-06 17:09:21,2023-02-06 17:09:23,2,21699.826171875
2023-02-06 17:09:33,2023-02-06 17:09:35,2,24679.48828125
2023-02-06 17:09:45,2023-02-06 17:09:47,2,25964.9140625
2023-02-06 17:09:57,2023-02-06 17:09:59,2,22928.220703125
2023-02-06 17:10:10,2023-02-06 17:10:13,3,21384.52734375
2023-02-06 17:10:22,2023-02-06 17:10:25,3,19227.48828125
2023-02-06 17:10:35,2023-02-06 17:10:39,4,19536.775390625
2023-02-06 17:10:48,2023-02-06 17:10:51,3,20858.212239583332
2023-02-06 17:11:00,2023-02-06 17:11:03,3,21626.16796875
2023-02-06 17:11:12,2023-02-06 17:11:14,2,25395.875
2023-02-06 17:11:24,2023-02-06 17:11:26,2,26343.74609375
2023-02-06 17:11:27,2023-02-06 17:11:28,1,15456.8515625
2023-02-06 17:11:36,2023-02-06 17:11:38,2,26348.845703125
2023-02-06 17:11:39,2023-02-06 17:11:40,1,15358.53515625
2023-02-06 17:11:48,2023-02-06 17:11:52,4,19791.91796875
2023-02-06 17:12:01,2023-02-06 17:12:04,3,22643.96875
2023-02-06 17:12:13,2023-02-06 17:12:17,4,20251.080078125
2023-02-06 17:12:25,2023-02-06 17:12:29,4,20263.9384765625
2023-02-06 17:12:38,2023-02-06 17:12:41,3,21997.10546875
2023-02-06 17:12:50,2023-02-06 17:12:53,3,22373.583333333332
2023-02-06 17:13:02,2023-02-06 17:13:06,4,20354.39453125
2023-02-06 17:13:15,2023-02-06 17:13:18,3,21799.30078125
2023-02-06 17:13:27,2023-02-06 17:13:30,3,22209.65234375
2023-02-06 17:13:39,2023-02-06 17:13:42,3,21876.552083333332
2023-02-06 17:13:51,2023-02-06 17:13:55,4,19483.537109375
2023-02-06 17:14:04,2023-02-06 17:14:07,3,22379.28515625
2023-02-06 17:14:16,2023-02-06 17:14:19,3,22097.091145833332
2023-02-06 17:14:28,2023-02-06 17:14:31,3,21679.908854166668
2023-02-06 17:14:40,2023-02-06 17:14:43,3,21357.786458333332
2023-02-06 17:14:52,2023-02-06 17:14:54,2,25899.408203125
2023-02-06 17:15:04,2023-02-06 17:15:06,2,26129.328125
2023-02-06 17:15:16,2023-02-06 17:15:18,2,24984.44921875
2023-02-06 17:15:19,2023-02-06 17:15:20,1,14921.76171875
2023-02-06 17:15:28,2023-02-06 17:15:32,4,19679.0400390625
2023-02-06 17:15:41,2023-02-06 17:15:44,3,21716.99609375
2023-02-06 17:15:53,2023-02-06 17:15:56,3,21928.756510416668
2023-02-06 17:16:05,2023-02-06 17:16:09,4,20376.7880859375
2023-02-06 17:16:17,2023-02-06 17:16:21,4,20060.01171875
2023-02-06 17:16:30,2023-02-06 17:16:33,3,22262.944010416668
2023-02-06 17:16:42,2023-02-06 17:16:45,3,22363.55078125
2023-02-06 17:16:54,2023-02-06 17:16:57,3,22091.279947916668
2023-02-06 17:17:06,2023-02-06 17:17:09,3,22342.850260416668
2023-02-06 17:17:18,2023-02-06 17:17:22,4,20104.71484375
2023-02-06 17:17:30,2023-02-06 17:17:33,3,21906.2890625
2023-02-06 17:17:43,2023-02-06 17:17:46,3,22699.84375
2023-02-06 17:17:55,2023-02-06 17:17:59,4,20204.0341796875
2023-02-06 17:18:08,2023-02-06 17:18:11,3,22584.861979166668
2023-02-06 17:18:20,2023-02-06 17:18:22,2,25105.3203125
2023-02-06 17:18:32,2023-02-06 17:18:35,3,22018.671875
2023-02-06 17:18:44,2023-02-06 17:18:48,4,19441.5244140625
2023-02-06 17:18:56,2023-02-06 17:19:00,4,19470.72265625
2023-02-06 17:19:09,2023-02-06 17:19:12,3,21299.903645833332
2023-02-06 17:19:21,2023-02-06 17:19:25,4,19943.02734375
2023-02-06 17:19:34,2023-02-06 17:19:37,3,20881.32421875
2023-02-06 17:19:46,2023-02-06 17:19:49,3,21470.13671875
2023-02-06 17:19:58,2023-02-06 17:20:01,3,20452.135416666668
2023-02-06 17:20:10,2023-02-06 17:20:13,3,20857.028645833332
2023-02-06 17:20:22,2023-02-06 17:20:25,3,20147.614583333332
2023-02-06 17:20:34,2023-02-06 17:20:37,3,19724.936197916668
2023-02-06 17:20:46,2023-02-06 17:20:49,3,19123.630208333332
2023-02-06 17:20:58,2023-02-06 17:21:01,3,18605.078125
2023-02-06 17:21:10,2023-02-06 17:21:13,3,18828.1328125
2023-02-06 17:21:22,2023-02-06 17:21:25,3,19584.1875
2023-02-06 17:21:34,2023-02-06 17:21:37,3,19670.329427083332
2023-02-06 17:21:46,2023-02-06 17:21:49,3,19778.744791666668
2023-02-06 17:21:58,2023-02-06 17:22:01,3,20414.740885416668
2023-02-06 17:22:10,2023-02-06 17:22:13,3,20663.01953125
2023-02-06 17:22:22,2023-02-06 17:22:25,3,20376.065104166668
2023-02-06 17:22:34,2023-02-06 17:22:37,3,20403.59375
2023-02-06 17:22:46,2023-02-06 17:22:49,3,20200.77734375
2023-02-06 17:22:59,2023-02-06 17:23:01,2,24864.1484375
2023-02-06 17:23:11,2023-02-06 17:23:13,2,25662.267578125
2023-02-06 17:23:23,2023-02-06 17:23:25,2,26534.892578125
2023-02-06 17:23:26,2023-02-06 17:23:27,1,13991.14453125
2023-02-06 17:23:35,2023-02-06 17:23:37,2,25812.703125
2023-02-06 17:23:38,2023-02-06 17:23:39,1,15269.5
2023-02-06 17:23:47,2023-02-06 17:23:51,4,20040.6865234375
2023-02-06 17:23:59,2023-02-06 17:24:03,4,20445.73046875
2023-02-06 17:24:12,2023-02-06 17:24:15,3,22763.731770833332
2023-02-06 17:24:24,2023-02-06 17:24:28,4,19776.9169921875
2023-02-06 17:24:37,2023-02-06 17:24:40,3,22583.705729166668
2023-02-06 17:24:49,2023-02-06 17:24:52,3,22370.984375
2023-02-06 17:25:02,2023-02-06 17:25:04,2,27058.958984375
2023-02-06 17:25:14,2023-02-06 17:25:16,2,26128.876953125
2023-02-06 17:25:26,2023-02-06 17:25:29,3,20382.203125
2023-02-06 17:25:39,2023-02-06 17:25:41,2,24098.177734375
2023-02-06 17:25:51,2023-02-06 17:25:53,2,25174.6328125
2023-02-06 17:26:03,2023-02-06 17:26:05,2,25452.46484375
2023-02-06 17:26:15,2023-02-06 17:26:17,2,25880.447265625
2023-02-06 17:26:27,2023-02-06 17:26:29,2,24746.044921875
2023-02-06 17:26:40,2023-02-06 17:26:42,2,23792.4921875
2023-02-06 17:26:52,2023-02-06 17:26:54,2,25773.732421875
2023-02-06 17:27:04,2023-02-06 17:27:06,2,25653.255859375
2023-02-06 17:27:16,2023-02-06 17:27:18,2,26370.10546875
2023-02-06 17:27:28,2023-02-06 17:27:30,2,25064.291015625
2023-02-06 17:27:40,2023-02-06 17:27:44,4,19757.6220703125
2023-02-06 17:27:53,2023-02-06 17:27:57,4,21502.4267578125
2023-02-06 17:28:05,2023-02-06 17:28:09,4,19978.5595703125
2023-02-06 17:28:18,2023-02-06 17:28:21,3,23614.341145833332
2023-02-06 17:28:30,2023-02-06 17:28:33,3,23353.93359375
2023-02-06 17:28:42,2023-02-06 17:28:45,3,21372.272135416668
2023-02-06 17:28:54,2023-02-06 17:28:57,3,20467.947916666668
2023-02-06 17:29:07,2023-02-06 17:29:09,2,25086.30859375
2023-02-06 17:29:19,2023-02-06 17:29:21,2,26035.38671875
2023-02-06 17:29:31,2023-02-06 17:29:33,2,25432.421875
2023-02-06 17:29:43,2023-02-06 17:29:46,3,20536.84765625
2023-02-06 17:29:56,2023-02-06 17:29:58,2,22979.703125
2023-02-06 17:30:08,2023-02-06 17:30:10,2,23613.765625
2023-02-06 17:30:20,2023-02-06 17:30:22,2,23052.3515625
2023-02-06 17:30:32,2023-02-06 17:30:34,2,22950.38671875
2023-02-06 17:30:44,2023-02-06 17:30:46,2,24757.98046875
2023-02-06 17:30:56,2023-02-06 17:30:58,2,25028.173828125
2023-02-06 17:31:08,2023-02-06 17:31:10,2,24255.818359375
2023-02-06 17:31:11,2023-02-06 17:31:12,1,14268.11328125
2023-02-06 17:31:20,2023-02-06 17:31:24,4,19770.603515625
2023-02-06 17:31:33,2023-02-06 17:31:35,2,25607.8046875
2023-02-06 17:31:45,2023-02-06 17:31:47,2,25770.45703125
2023-02-06 17:31:57,2023-02-06 17:31:59,2,24731.548828125
2023-02-06 17:32:09,2023-02-06 17:32:11,2,24718.263671875
2023-02-06 17:32:21,2023-02-06 17:32:23,2,23746.939453125
2023-02-06 17:32:33,2023-02-06 17:32:35,2,22105.609375
2023-02-06 17:32:46,2023-02-06 17:32:48,2,23772.439453125
2023-02-06 17:32:58,2023-02-06 17:33:00,2,25324.078125
2023-02-06 17:33:10,2023-02-06 17:33:12,2,25582.365234375
2023-02-06 17:33:22,2023-02-06 17:33:24,2,24567.1015625
2023-02-06 17:33:34,2023-02-06 17:33:37,3,19716.002604166668
2023-02-06 17:33:47,2023-02-06 17:33:49,2,24065.375
2023-02-06 17:33:59,2023-02-06 17:34:02,3,21034.59375
2023-02-06 17:34:11,2023-02-06 17:34:14,3,21723.19921875
2023-02-06 17:34:23,2023-02-06 17:34:25,2,27538.544921875
2023-02-06 17:34:35,2023-02-06 17:34:38,3,22282.803385416668
2023-02-06 17:34:48,2023-02-06 17:34:50,2,24089.39453125
2023-02-06 17:35:00,2023-02-06 17:35:02,2,23634.443359375
2023-02-06 17:35:12,2023-02-06 17:35:15,3,19553.799479166668
2023-02-06 17:35:24,2023-02-06 17:35:27,3,19603.993489583332
2023-02-06 17:35:36,2023-02-06 17:35:39,3,19446.75
2023-02-06 17:35:48,2023-02-06 17:35:51,3,18726.296875
2023-02-06 17:36:01,2023-02-06 17:36:03,2,23195.21484375
2023-02-06 17:36:13,2023-02-06 17:36:15,2,21373.173828125
2023-02-06 17:36:25,2023-02-06 17:36:27,2,21794.0078125
2023-02-06 17:36:37,2023-02-06 17:36:40,3,19331.444010416668
2023-02-06 17:36:50,2023-02-06 17:36:53,3,20752.60546875
2023-02-06 17:37:02,2023-02-06 17:37:05,3,21586.05078125
2023-02-06 17:37:14,2023-02-06 17:37:17,3,21355.984375
2023-02-06 17:37:27,2023-02-06 17:37:29,2,24925.341796875
2023-02-06 17:37:39,2023-02-06 17:37:41,2,27502.66015625
2023-02-06 17:37:52,2023-02-06 17:37:55,3,21600.059895833332
2023-02-06 17:38:05,2023-02-06 17:38:07,2,25627.16015625
2023-02-06 17:38:17,2023-02-06 17:38:19,2,23364.921875
2023-02-06 17:38:30,2023-02-06 17:38:32,2,23781.4296875
2023-02-06 17:38:42,2023-02-06 17:38:44,2,25132.771484375
2023-02-06 17:38:54,2023-02-06 17:38:56,2,24940.00390625
2023-02-06 17:39:06,2023-02-06 17:39:08,2,25127.662109375
2023-02-06 17:39:18,2023-02-06 17:39:20,2,24154.400390625
2023-02-06 17:39:30,2023-02-06 17:39:32,2,21327.8046875
2023-02-06 17:39:43,2023-02-06 17:39:45,2,21672.53515625
2023-02-06 17:39:55,2023-02-06 17:39:57,2,23626.498046875
2023-02-06 17:40:07,2023-02-06 17:40:09,2,21914.943359375
2023-02-06 17:40:20,2023-02-06 17:40:22,2,22220.849609375
2023-02-06 17:40:32,2023-02-06 17:40:34,2,22107.236328125
2023-02-06 17:40:44,2023-02-06 17:40:46,2,21660.365234375
2023-02-06 17:40:56,2023-02-06 17:40:59,3,18799.27734375
2023-02-06 17:41:08,2023-02-06 17:41:11,3,18742.82421875
2023-02-06 17:41:20,2023-02-06 17:41:23,3,18622.036458333332
2023-02-06 17:41:33,2023-02-06 17:41:35,2,21275.982421875
2023-02-06 17:41:45,2023-02-06 17:41:47,2,21286.234375
2023-02-06 17:41:57,2023-02-06 17:42:00,3,19785.569010416668
2023-02-06 17:42:09,2023-02-06 17:42:12,3,20135.153645833332
2023-02-06 17:42:21,2023-02-06 17:42:24,3,20440.962239583332
2023-02-06 17:42:34,2023-02-06 17:42:37,3,22192.916666666668
2023-02-06 17:42:46,2023-02-06 17:42:49,3,22664.359375
2023-02-06 17:42:58,2023-02-06 17:43:01,3,22352.795572916668
2023-02-06 17:43:11,2023-02-06 17:43:13,2,26305.619140625
2023-02-06 17:43:23,2023-02-06 17:43:25,2,27767.29296875
2023-02-06 17:43:35,2023-02-06 17:43:37,2,25540.12109375
2023-02-06 17:43:47,2023-02-06 17:43:50,3,19473.778645833332
2023-02-06 17:44:00,2023-02-06 17:44:02,2,24126.91015625
2023-02-06 17:44:12,2023-02-06 17:44:14,2,24587.98828125
2023-02-06 17:44:24,2023-02-06 17:44:26,2,24252.57421875
2023-02-06 17:44:36,2023-02-06 17:44:38,2,24245.630859375
2023-02-06 17:44:48,2023-02-06 17:44:50,2,24768.560546875
2023-02-06 17:45:00,2023-02-06 17:45:02,2,24076.66796875
2023-02-06 17:45:13,2023-02-06 17:45:15,2,22308.701171875
2023-02-06 17:45:25,2023-02-06 17:45:27,2,23811.28125
2023-02-06 17:45:37,2023-02-06 17:45:39,2,24347.5
2023-02-06 17:45:49,2023-02-06 17:45:51,2,22615.10546875
2023-02-06 17:46:01,2023-02-06 17:46:04,3,19088.326822916668
2023-02-06 17:46:14,2023-02-06 17:46:16,2,20945.708984375
2023-02-06 17:46:17,2023-02-06 17:46:18,1,14247.78515625
2023-02-06 17:46:27,2023-02-06 17:46:30,3,20475.436197916668
2023-02-06 17:46:39,2023-02-06 17:46:43,4,19400.9970703125
2023-02-06 17:46:52,2023-02-06 17:46:55,3,21025.154947916668
2023-02-06 17:47:04,2023-02-06 17:47:06,2,24124.146484375
2023-02-06 17:47:07,2023-02-06 17:47:08,1,15220.88671875
2023-02-06 17:47:17,2023-02-06 17:47:20,3,20316.184895833332
2023-02-06 17:47:29,2023-02-06 17:47:31,2,25123.28125
2023-02-06 17:47:32,2023-02-06 17:47:33,1,16142.2265625
2023-02-06 17:47:42,2023-02-06 17:47:45,3,20228.125
2023-02-06 17:47:54,2023-02-06 17:47:58,4,18886.2412109375
2023-02-06 17:48:07,2023-02-06 17:48:09,2,24887.345703125
2023-02-06 17:48:19,2023-02-06 17:48:23,4,18958.23828125
2023-02-06 17:48:32,2023-02-06 17:48:34,2,24627.1015625
2023-02-06 17:48:44,2023-02-06 17:48:46,2,24510.6796875
2023-02-06 17:48:57,2023-02-06 17:49:00,3,21333.27734375
2023-02-06 17:49:09,2023-02-06 17:49:11,2,25453.658203125
2023-02-06 17:49:12,2023-02-06 17:49:13,1,15057.70703125
2023-02-06 17:49:22,2023-02-06 17:49:25,3,20911.71875
2023-02-06 17:49:34,2023-02-06 17:49:36,2,24215.337890625
2023-02-06 17:49:37,2023-02-06 17:49:38,1,15232.95703125
2023-02-06 17:49:47,2023-02-06 17:49:50,3,20993.110677083332
2023-02-06 17:49:59,2023-02-06 17:50:01,2,25062.71875
2023-02-06 17:50:02,2023-02-06 17:50:03,1,15842.1015625
2023-02-06 17:50:12,2023-02-06 17:50:15,3,21377.595052083332
2023-02-06 17:50:24,2023-02-06 17:50:28,4,20208.794921875
2023-02-06 17:50:37,2023-02-06 17:50:39,2,24987.06640625
2023-02-06 17:50:49,2023-02-06 17:50:53,4,19608.6240234375
2023-02-06 17:51:02,2023-02-06 17:51:05,3,21500.50390625
2023-02-06 17:51:15,2023-02-06 17:51:18,3,21698.618489583332
2023-02-06 17:51:27,2023-02-06 17:51:31,4,20335.490234375
2023-02-06 17:51:40,2023-02-06 17:51:43,3,22299.8671875
2023-02-06 17:51:52,2023-02-06 17:51:56,4,20873.8623046875
2023-02-06 17:52:04,2023-02-06 17:52:08,4,19676.4404296875
2023-02-06 17:52:17,2023-02-06 17:52:21,4,19849.865234375
2023-02-06 17:52:29,2023-02-06 17:52:33,4,20037.7470703125
2023-02-06 17:52:42,2023-02-06 17:52:45,3,22083.088541666668
2023-02-06 17:52:54,2023-02-06 17:52:58,4,20251.3583984375
2023-02-06 17:53:07,2023-02-06 17:53:10,3,21308.690104166668
2023-02-06 17:53:19,2023-02-06 17:53:23,4,19992.7236328125
2023-02-06 17:53:31,2023-02-06 17:53:35,4,20287.6533203125
2023-02-06 17:53:44,2023-02-06 17:53:48,4,20248.462890625
2023-02-06 17:53:56,2023-02-06 17:54:00,4,19527.7744140625
2023-02-06 17:54:09,2023-02-06 17:54:11,2,26307.400390625
2023-02-06 17:54:12,2023-02-06 17:54:13,1,15868.15234375
2023-02-06 17:54:21,2023-02-06 17:54:25,4,20236.51171875
2023-02-06 17:54:34,2023-02-06 17:54:36,2,25344.1953125
2023-02-06 17:54:37,2023-02-06 17:54:38,1,15709.30859375
2023-02-06 17:54:46,2023-02-06 17:54:50,4,19476.75
2023-02-06 17:54:59,2023-02-06 17:55:01,2,25481.478515625
2023-02-06 17:55:02,2023-02-06 17:55:03,1,16600.58984375
2023-02-06 17:55:12,2023-02-06 17:55:15,3,21466.791666666668
2023-02-06 17:55:24,2023-02-06 17:55:26,2,25650.98046875
2023-02-06 17:55:27,2023-02-06 17:55:28,1,17507.9140625
2023-02-06 17:55:37,2023-02-06 17:55:40,3,21414.66015625
2023-02-06 17:55:49,2023-02-06 17:55:51,2,25504.181640625
2023-02-06 17:55:52,2023-02-06 17:55:53,1,18373.6953125
2023-02-06 17:56:01,2023-02-06 17:56:05,4,19830.853515625
2023-02-06 17:56:14,2023-02-06 17:56:16,2,26200.66796875
2023-02-06 17:56:17,2023-02-06 17:56:18,1,16853.64453125
2023-02-06 17:56:26,2023-02-06 17:56:30,4,19466.921875
2023-02-06 17:56:39,2023-02-06 17:56:41,2,26483.765625
2023-02-06 17:56:42,2023-02-06 17:56:43,1,15406.55859375
2023-02-06 17:56:51,2023-02-06 17:56:55,4,20167.962890625
2023-02-06 17:57:04,2023-02-06 17:57:06,2,25479.79296875
2023-02-06 17:57:16,2023-02-06 17:57:18,2,25134.728515625
2023-02-06 17:57:19,2023-02-06 17:57:20,1,16747.9140625
2023-02-06 17:57:29,2023-02-06 17:57:32,3,21330.33203125
2023-02-06 17:57:41,2023-02-06 17:57:43,2,25926.228515625
2023-02-06 17:57:44,2023-02-06 17:57:45,1,17475.37109375
2023-02-06 17:57:54,2023-02-06 17:57:57,3,22433.638020833332
2023-02-06 17:58:06,2023-02-06 17:58:09,3,22937.850260416668
2023-02-06 17:58:18,2023-02-06 17:58:22,4,20608.2294921875
2023-02-06 17:58:31,2023-02-06 17:58:34,3,21760.28125
2023-02-06 17:58:43,2023-02-06 17:58:46,3,21558.497395833332
2023-02-06 17:58:55,2023-02-06 17:58:59,4,19304.65234375
2023-02-06 17:59:08,2023-02-06 17:59:11,3,21960.2265625
2023-02-06 17:59:20,2023-02-06 17:59:22,2,25226.244140625
2023-02-06 17:59:23,2023-02-06 17:59:24,1,14930.91796875
2023-02-06 17:59:32,2023-02-06 17:59:36,4,19671.8330078125
2023-02-06 17:59:45,2023-02-06 17:59:47,2,25900.591796875
2023-02-06 17:59:48,2023-02-06 17:59:49,1,14204.81640625
2023-02-06 17:59:57,2023-02-06 18:00:01,4,19426.4345703125
2023-02-06 18:00:10,2023-02-06 18:00:12,2,25392.06640625
2023-02-06 18:00:13,2023-02-06 18:00:14,1,15170.38671875
2023-02-06 18:00:22,2023-02-06 18:00:26,4,19384.021484375
2023-02-06 18:00:35,2023-02-06 18:00:37,2,25419.470703125
2023-02-06 18:00:38,2023-02-06 18:00:39,1,14784.05078125
2023-02-06 18:00:47,2023-02-06 18:00:51,4,19903.04296875
2023-02-06 18:01:00,2023-02-06 18:01:02,2,24472.173828125
2023-02-06 18:01:12,2023-02-06 18:01:16,4,19786.0791015625
2023-02-06 18:01:25,2023-02-06 18:01:28,3,21819.826822916668
2023-02-06 18:01:37,2023-02-06 18:01:40,3,20391.921875
2023-02-06 18:01:51,2023-02-06 18:01:54,3,21247.46484375
2023-02-06 18:02:03,2023-02-06 18:02:07,4,19737.443359375
2023-02-06 18:02:16,2023-02-06 18:02:18,2,23714.984375
2023-02-06 18:02:29,2023-02-06 18:02:31,2,25003.84375
2023-02-06 18:02:41,2023-02-06 18:02:43,2,24410.728515625
2023-02-06 18:02:44,2023-02-06 18:02:45,1,17490.74609375
2023-02-06 18:02:54,2023-02-06 18:02:57,3,21375.057291666668
2023-02-06 18:03:06,2023-02-06 18:03:10,4,19827.75
2023-02-06 18:03:18,2023-02-06 18:03:22,4,19347.357421875
2023-02-06 18:03:31,2023-02-06 18:03:34,3,21839.483072916668
2023-02-06 18:03:43,2023-02-06 18:03:46,3,20156.541666666668
2023-02-06 18:03:55,2023-02-06 18:03:58,3,19965.377604166668
2023-02-06 18:04:08,2023-02-06 18:04:11,3,17729.197916666668
2023-02-06 18:04:20,2023-02-06 18:04:23,3,17376.88671875
2023-02-06 18:04:33,2023-02-06 18:04:35,2,20179.265625
2023-02-06 18:04:45,2023-02-06 18:04:48,3,17838.43359375
2023-02-06 18:04:57,2023-02-06 18:05:00,3,18782.350260416668
2023-02-06 18:05:10,2023-02-06 18:05:13,3,18641.6328125
2023-02-06 18:05:22,2023-02-06 18:05:25,3,19574.76171875
2023-02-06 18:05:34,2023-02-06 18:05:37,3,19211.05859375
2023-02-06 18:05:47,2023-02-06 18:05:50,3,19285.192708333332
2023-02-06 18:05:59,2023-02-06 18:06:03,4,18211.3603515625
2023-02-06 18:06:12,2023-02-06 18:06:15,3,20203.6640625
2023-02-06 18:06:24,2023-02-06 18:06:27,3,19932.30078125
2023-02-06 18:06:36,2023-02-06 18:06:39,3,19682.908854166668
2023-02-06 18:06:49,2023-02-06 18:06:52,3,20480.360677083332
2023-02-06 18:07:01,2023-02-06 18:07:05,4,18565.6376953125
2023-02-06 18:07:14,2023-02-06 18:07:16,2,24403.6953125
2023-02-06 18:07:26,2023-02-06 18:07:29,3,20729.359375
2023-02-06 18:07:38,2023-02-06 18:07:41,3,20340.302083333332
2023-02-06 18:07:51,2023-02-06 18:07:54,3,20515.524739583332
2023-02-06 18:08:03,2023-02-06 18:08:06,3,20334.119791666668
2023-02-06 18:08:16,2023-02-06 18:08:19,3,20100.365885416668
2023-02-06 18:08:28,2023-02-06 18:08:31,3,20375.184895833332
2023-02-06 18:08:41,2023-02-06 18:08:43,2,22703.88671875
2023-02-06 18:08:53,2023-02-06 18:08:55,2,23667.298828125
2023-02-06 18:09:06,2023-02-06 18:09:09,3,20204.729166666668
2023-02-06 18:09:18,2023-02-06 18:09:20,2,23386.166015625
2023-02-06 18:09:21,2023-02-06 18:09:22,1,15975.64453125
2023-02-06 18:09:31,2023-02-06 18:09:34,3,20356.061197916668
2023-02-06 18:09:43,2023-02-06 18:09:47,4,19637.84765625
2023-02-06 18:09:56,2023-02-06 18:09:59,3,21697.23828125
2023-02-06 18:10:08,2023-02-06 18:10:12,4,19981.216796875
2023-02-06 18:10:21,2023-02-06 18:10:24,3,21763.888020833332
2023-02-06 18:10:33,2023-02-06 18:10:37,4,20140.58984375
2023-02-06 18:10:45,2023-02-06 18:10:49,4,19333.51171875
2023-02-06 18:10:58,2023-02-06 18:11:01,3,21046.162760416668
2023-02-06 18:11:11,2023-02-06 18:11:14,3,19555.78125
2023-02-06 18:11:23,2023-02-06 18:11:27,4,17519.0380859375
2023-02-06 18:11:35,2023-02-06 18:11:39,4,16874.181640625
2023-02-06 18:11:48,2023-02-06 18:11:51,3,17036.53125
2023-02-06 18:12:00,2023-02-06 18:12:03,3,18613.13671875
2023-02-06 18:12:12,2023-02-06 18:12:15,3,19193.33984375
2023-02-06 18:12:24,2023-02-06 18:12:27,3,18419.82421875
2023-02-06 18:12:37,2023-02-06 18:12:40,3,17921.532552083332
2023-02-06 18:12:49,2023-02-06 18:12:52,3,17833.303385416668
2023-02-06 18:13:01,2023-02-06 18:13:04,3,18889.723958333332
2023-02-06 18:13:13,2023-02-06 18:13:16,3,18809.15234375
2023-02-06 18:13:25,2023-02-06 18:13:29,4,16653.9677734375
2023-02-06 18:13:38,2023-02-06 18:13:41,3,17970.4375
2023-02-06 18:13:50,2023-02-06 18:13:53,3,18492.350260416668
2023-02-06 18:14:02,2023-02-06 18:14:05,3,18607.513020833332
2023-02-06 18:14:14,2023-02-06 18:14:17,3,17226.036458333332
2023-02-06 18:14:26,2023-02-06 18:14:27,1,16951.546875
2023-02-06 18:14:28,2023-02-06 18:14:29,1,24241.41015625
2023-02-06 18:14:38,2023-02-06 18:14:39,1,17727.6953125
2023-02-06 18:14:40,2023-02-06 18:14:41,1,25162.3828125
2023-02-06 18:14:50,2023-02-06 18:14:54,4,17861.1044921875
2023-02-06 18:15:03,2023-02-06 18:15:06,3,19425.768229166668
2023-02-06 18:15:15,2023-02-06 18:15:18,3,19266.736979166668
2023-02-06 18:15:27,2023-02-06 18:15:30,3,19721.76171875
2023-02-06 18:15:39,2023-02-06 18:15:40,1,16450.27734375
2023-02-06 18:15:41,2023-02-06 18:15:42,1,24993.9921875
2023-02-06 18:15:51,2023-02-06 18:15:52,1,17974.91796875
2023-02-06 18:15:53,2023-02-06 18:15:55,2,18650.294921875
2023-02-06 18:16:03,2023-02-06 18:16:04,1,17657.05859375
2023-02-06 18:16:05,2023-02-06 18:16:07,2,18548.77734375
2023-02-06 18:16:15,2023-02-06 18:16:16,1,18144.80078125
2023-02-06 18:16:17,2023-02-06 18:16:19,2,17461.87890625
2023-02-06 18:16:27,2023-02-06 18:16:28,1,15489.8828125
2023-02-06 18:16:29,2023-02-06 18:16:31,2,16956.23828125
2023-02-06 18:16:39,2023-02-06 18:16:40,1,15220.13671875
2023-02-06 18:16:41,2023-02-06 18:16:43,2,15755.162109375
2023-02-06 18:16:51,2023-02-06 18:16:52,1,15034.3984375
2023-02-06 18:16:54,2023-02-06 18:16:55,1,16987.9765625
2023-02-06 18:17:02,2023-02-06 18:17:03,1,15521.86328125
2023-02-06 18:17:06,2023-02-06 18:17:07,1,16712.01171875
2023-02-06 18:17:14,2023-02-06 18:17:15,1,16210.90234375
2023-02-06 18:17:18,2023-02-06 18:17:19,1,16331.63671875
2023-02-06 18:17:26,2023-02-06 18:17:27,1,13974.68359375
2023-02-06 18:17:30,2023-02-06 18:17:31,1,17011.875
2023-02-06 18:17:37,2023-02-06 18:17:38,1,14669.8046875
2023-02-06 18:17:42,2023-02-06 18:17:43,1,16713.91796875
2023-02-06 18:17:49,2023-02-06 18:17:50,1,16687.85546875
2023-02-06 18:17:54,2023-02-06 18:17:55,1,17000.3828125
2023-02-06 18:18:01,2023-02-06 18:18:02,1,13891.23046875
2023-02-06 18:18:06,2023-02-06 18:18:07,1,15935.90234375
2023-02-06 18:18:12,2023-02-06 18:18:13,1,14638.21484375
2023-02-06 18:18:18,2023-02-06 18:18:19,1,16925.1484375
2023-02-06 18:18:24,2023-02-06 18:18:25,1,16524.47265625
2023-02-06 18:18:30,2023-02-06 18:18:31,1,16787.93359375
2023-02-06 18:18:36,2023-02-06 18:18:37,1,16202.99609375
2023-02-06 18:18:41,2023-02-06 18:18:42,1,13892.89453125
2023-02-06 18:18:53,2023-02-06 18:18:54,1,15905.87109375
2023-02-06 18:18:59,2023-02-06 18:19:00,1,14980.50390625
2023-02-06 18:19:05,2023-02-06 18:19:06,1,15978.81640625
2023-02-06 18:19:11,2023-02-06 18:19:12,1,14721.44921875
2023-02-06 18:19:23,2023-02-06 18:19:24,1,16585.80078125
2023-02-06 18:19:28,2023-02-06 18:19:29,1,14006.828125
2023-02-06 18:19:35,2023-02-06 18:19:36,1,16157.2265625
2023-02-06 18:19:40,2023-02-06 18:19:41,1,15056.65234375
2023-02-06 18:19:47,2023-02-06 18:19:48,1,14725.00390625
2023-02-06 18:19:52,2023-02-06 18:19:53,1,15165.69140625
2023-02-06 18:19:58,2023-02-06 18:19:59,1,15207.30859375
2023-02-06 18:20:04,2023-02-06 18:20:05,1,14668.90625
2023-02-06 18:20:16,2023-02-06 18:20:17,1,14191.98828125
2023-02-06 18:20:21,2023-02-06 18:20:22,1,16757.87109375
2023-02-06 18:20:33,2023-02-06 18:20:34,1,17054.9375
2023-02-06 18:20:44,2023-02-06 18:20:46,2,15782.6640625
2023-02-06 18:20:51,2023-02-06 18:20:52,1,15267.1875
2023-02-06 18:20:56,2023-02-06 18:20:57,1,17067.6015625
2023-02-06 18:21:03,2023-02-06 18:21:04,1,14255.5
2023-02-06 18:21:08,2023-02-06 18:21:09,1,17750.9609375
2023-02-06 18:21:15,2023-02-06 18:21:16,1,13939.5
2023-02-06 18:21:19,2023-02-06 18:21:20,1,14796.0390625
2023-02-06 18:21:38,2023-02-06 18:21:39,1,15226.5390625
2023-02-06 18:21:42,2023-02-06 18:21:43,1,14070.74609375
2023-02-06 18:21:50,2023-02-06 18:21:51,1,16021.83203125
2023-02-06 18:22:02,2023-02-06 18:22:03,1,15835.41796875
2023-02-06 18:22:04,2023-02-06 18:22:05,1,13889.515625
2023-02-06 18:22:14,2023-02-06 18:22:17,3,15573.0859375
2023-02-06 18:22:27,2023-02-06 18:22:29,2,16576.546875
2023-02-06 18:22:39,2023-02-06 18:22:42,3,15497.686197916666
2023-02-06 18:22:52,2023-02-06 18:22:54,2,17100.7421875
2023-02-06 18:23:05,2023-02-06 18:23:07,2,19090.787109375
2023-02-06 18:23:17,2023-02-06 18:23:19,2,21487.31640625
2023-02-06 18:23:29,2023-02-06 18:23:31,2,23763.875
2023-02-06 18:23:41,2023-02-06 18:23:44,3,19170.565104166668
2023-02-06 18:23:54,2023-02-06 18:23:57,3,20349.7890625
2023-02-06 18:24:06,2023-02-06 18:24:08,2,22867.80859375
2023-02-06 18:24:18,2023-02-06 18:24:21,3,19030.5078125
2023-02-06 18:24:31,2023-02-06 18:24:34,3,19451.088541666668
2023-02-06 18:24:43,2023-02-06 18:24:46,3,19290.994791666668
2023-02-06 18:24:56,2023-02-06 18:24:59,3,18918.427083333332
2023-02-06 18:25:09,2023-02-06 18:25:12,3,18414.623697916668
2023-02-06 18:25:21,2023-02-06 18:25:24,3,17048.748697916668
2023-02-06 18:25:33,2023-02-06 18:25:36,3,16274.046875
2023-02-06 18:25:46,2023-02-06 18:25:48,2,16517.625
2023-02-06 18:25:56,2023-02-06 18:25:57,1,15402.84375
2023-02-06 18:25:58,2023-02-06 18:25:59,1,14696.2265625
2023-02-06 18:26:08,2023-02-06 18:26:09,1,17550.61328125
2023-02-06 18:26:11,2023-02-06 18:26:12,1,15897.05859375
2023-02-06 18:26:20,2023-02-06 18:26:21,1,17642.75
2023-02-06 18:26:23,2023-02-06 18:26:24,1,15091.56640625
2023-02-06 18:26:32,2023-02-06 18:26:33,1,18306.32421875
2023-02-06 18:26:34,2023-02-06 18:26:36,2,15000.775390625
2023-02-06 18:26:44,2023-02-06 18:26:45,1,17321.45703125
2023-02-06 18:26:46,2023-02-06 18:26:48,2,17086.384765625
2023-02-06 18:26:56,2023-02-06 18:26:57,1,16700.40234375
2023-02-06 18:26:58,2023-02-06 18:27:00,2,17173.498046875
2023-02-06 18:27:08,2023-02-06 18:27:09,1,14678.078125
2023-02-06 18:27:10,2023-02-06 18:27:11,1,20727.19140625
2023-02-06 18:27:21,2023-02-06 18:27:23,2,16410.603515625
2023-02-06 18:27:33,2023-02-06 18:27:35,2,16522.2109375
2023-02-06 18:27:43,2023-02-06 18:27:44,1,16565.82421875
2023-02-06 18:27:45,2023-02-06 18:27:46,1,18278.41796875
2023-02-06 18:27:55,2023-02-06 18:27:56,1,16624.51171875
2023-02-06 18:27:57,2023-02-06 18:27:59,2,15769.986328125
2023-02-06 18:28:07,2023-02-06 18:28:08,1,15738.890625
2023-02-06 18:28:09,2023-02-06 18:28:10,1,17210.58984375
2023-02-06 18:28:18,2023-02-06 18:28:19,1,14208.16015625
2023-02-06 18:28:21,2023-02-06 18:28:22,1,15526.99609375
2023-02-06 18:28:30,2023-02-06 18:28:31,1,14587.07421875
2023-02-06 18:28:33,2023-02-06 18:28:34,1,17233.10546875
2023-02-06 18:28:42,2023-02-06 18:28:43,1,17785.4921875
2023-02-06 18:28:45,2023-02-06 18:28:46,1,15642.5625
2023-02-06 18:28:54,2023-02-06 18:28:55,1,17559.21875
2023-02-06 18:28:57,2023-02-06 18:28:58,1,16040.28515625
2023-02-06 18:29:06,2023-02-06 18:29:07,1,16768.234375
2023-02-06 18:29:09,2023-02-06 18:29:10,1,16254.09765625
2023-02-06 18:29:19,2023-02-06 18:29:22,3,16786.990885416668
2023-02-06 18:29:31,2023-02-06 18:29:34,3,18450.661458333332
2023-02-06 18:29:43,2023-02-06 18:29:46,3,20411.10546875
2023-02-06 18:29:55,2023-02-06 18:29:58,3,20458.38671875
2023-02-06 18:30:08,2023-02-06 18:30:11,3,21392.69921875
2023-02-06 18:30:20,2023-02-06 18:30:23,3,21068.454427083332
2023-02-06 18:30:32,2023-02-06 18:30:35,3,21632.040364583332
2023-02-06 18:30:44,2023-02-06 18:30:47,3,20686.921875
2023-02-06 18:30:56,2023-02-06 18:30:59,3,20464.658854166668
2023-02-06 18:31:08,2023-02-06 18:31:12,4,18312.314453125
2023-02-06 18:31:21,2023-02-06 18:31:24,3,19910.321614583332
2023-02-06 18:31:33,2023-02-06 18:31:35,2,23827.015625
2023-02-06 18:31:45,2023-02-06 18:31:47,2,23901.71484375
2023-02-06 18:31:57,2023-02-06 18:32:01,4,18563.8623046875
2023-02-06 18:32:10,2023-02-06 18:32:13,3,20584.729166666668
2023-02-06 18:32:22,2023-02-06 18:32:24,2,24692.453125
2023-02-06 18:32:34,2023-02-06 18:32:36,2,23433.630859375
2023-02-06 18:32:37,2023-02-06 18:32:38,1,16745.2890625
2023-02-06 18:32:47,2023-02-06 18:32:50,3,20512.486979166668
2023-02-06 18:32:59,2023-02-06 18:33:01,2,23975.056640625
2023-02-06 18:33:11,2023-02-06 18:33:13,2,23504.818359375
2023-02-06 18:33:14,2023-02-06 18:33:15,1,16273.1640625
2023-02-06 18:33:23,2023-02-06 18:33:27,4,18759.2958984375
2023-02-06 18:33:36,2023-02-06 18:33:39,3,21511.341145833332
2023-02-06 18:33:48,2023-02-06 18:33:50,2,24721.52734375
2023-02-06 18:34:00,2023-02-06 18:34:02,2,24915.41796875
2023-02-06 18:34:03,2023-02-06 18:34:04,1,14873.25390625
2023-02-06 18:34:12,2023-02-06 18:34:16,4,19583.18359375
2023-02-06 18:34:24,2023-02-06 18:34:28,4,19741.9013671875
2023-02-06 18:34:37,2023-02-06 18:34:40,3,20946.497395833332
2023-02-06 18:34:49,2023-02-06 18:34:52,3,20414.014322916668
2023-02-06 18:35:02,2023-02-06 18:35:05,3,20620.869791666668
2023-02-06 18:35:14,2023-02-06 18:35:17,3,21154.778645833332
2023-02-06 18:35:26,2023-02-06 18:35:29,3,18980.0703125
2023-02-06 18:35:38,2023-02-06 18:35:41,3,17734.677083333332
2023-02-06 18:35:49,2023-02-06 18:35:50,1,14786.48046875
2023-02-06 18:35:51,2023-02-06 18:35:53,2,17534.29296875
2023-02-06 18:36:01,2023-02-06 18:36:02,1,15318.26171875
2023-02-06 18:36:04,2023-02-06 18:36:05,1,18312.8515625
2023-02-06 18:36:13,2023-02-06 18:36:14,1,14603.5078125
2023-02-06 18:36:24,2023-02-06 18:36:25,1,15104.16015625
2023-02-06 18:36:36,2023-02-06 18:36:37,1,15516.59375
2023-02-06 18:36:41,2023-02-06 18:36:42,1,16795.00390625
2023-02-06 18:36:53,2023-02-06 18:36:54,1,14622.94921875
2023-02-06 18:36:59,2023-02-06 18:37:00,1,16201.6015625
2023-02-06 18:37:04,2023-02-06 18:37:05,1,14152.18359375
2023-02-06 18:37:11,2023-02-06 18:37:12,1,16920.37890625
2023-02-06 18:37:22,2023-02-06 18:37:23,1,16403.90234375
2023-02-06 18:37:34,2023-02-06 18:37:35,1,16687.51171875
2023-02-06 18:37:46,2023-02-06 18:37:47,1,15662.08203125
2023-02-06 18:37:52,2023-02-06 18:37:53,1,14042.28515625
2023-02-06 18:37:58,2023-02-06 18:37:59,1,13916.16015625
2023-02-06 18:38:04,2023-02-06 18:38:05,1,16998.22265625
2023-02-06 18:38:16,2023-02-06 18:38:17,1,15842.765625
2023-02-06 18:38:21,2023-02-06 18:38:22,1,14054.046875
2023-02-06 18:38:28,2023-02-06 18:38:29,1,15214.2265625
2023-02-06 18:38:40,2023-02-06 18:38:41,1,14910.96875
2023-02-06 18:38:52,2023-02-06 18:38:53,1,16631.6953125
2023-02-06 18:38:56,2023-02-06 18:38:57,1,15940.66015625
2023-02-06 18:39:04,2023-02-06 18:39:05,1,15926.41796875
2023-02-06 18:39:07,2023-02-06 18:39:08,1,15371.90625
2023-02-06 18:39:19,2023-02-06 18:39:20,1,18013.87890625
2023-02-06 18:39:27,2023-02-06 18:39:28,1,16128.83203125
2023-02-06 18:39:30,2023-02-06 18:39:32,2,15751.76953125
2023-02-06 18:39:39,2023-02-06 18:39:40,1,17046.88671875
2023-02-06 18:39:42,2023-02-06 18:39:43,1,20655.2265625
2023-02-06 18:39:51,2023-02-06 18:39:52,1,16349.421875
2023-02-06 18:39:53,2023-02-06 18:39:55,2,18481.57421875
2023-02-06 18:40:03,2023-02-06 18:40:06,3,17773.3828125
2023-02-06 18:40:15,2023-02-06 18:40:18,3,19994.908854166668
2023-02-06 18:40:27,2023-02-06 18:40:30,3,21375.979166666668
2023-02-06 18:40:39,2023-02-06 18:40:43,4,19537.099609375
2023-02-06 18:40:51,2023-02-06 18:40:55,4,18996.4501953125
2023-02-06 18:41:04,2023-02-06 18:41:07,3,20710.647135416668
2023-02-06 18:41:16,2023-02-06 18:41:19,3,20214.563802083332
2023-02-06 18:41:28,2023-02-06 18:41:30,2,23900.845703125
2023-02-06 18:41:40,2023-02-06 18:41:43,3,20108.389322916668
2023-02-06 18:41:52,2023-02-06 18:41:56,4,18177.193359375
2023-02-06 18:42:05,2023-02-06 18:42:07,2,24256.388671875
2023-02-06 18:42:17,2023-02-06 18:42:19,2,23322.671875
2023-02-06 18:42:29,2023-02-06 18:42:32,3,19822.299479166668
2023-02-06 18:42:42,2023-02-06 18:42:45,3,20738.0078125
2023-02-06 18:42:54,2023-02-06 18:42:56,2,24224.755859375
2023-02-06 18:43:06,2023-02-06 18:43:10,4,18640.841796875
2023-02-06 18:43:19,2023-02-06 18:43:22,3,20650.104166666668
2023-02-06 18:43:31,2023-02-06 18:43:34,3,21616.178385416668
2023-02-06 18:43:43,2023-02-06 18:43:45,2,24156.4765625
2023-02-06 18:43:46,2023-02-06 18:43:47,1,16469.07421875
2023-02-06 18:43:56,2023-02-06 18:43:59,3,20656.52734375
2023-02-06 18:44:08,2023-02-06 18:44:11,3,21846.006510416668
2023-02-06 18:44:20,2023-02-06 18:44:22,2,25539.6953125
2023-02-06 18:44:32,2023-02-06 18:44:34,2,25605.619140625
2023-02-06 18:44:35,2023-02-06 18:44:36,1,16684.7421875
2023-02-06 18:44:44,2023-02-06 18:44:48,4,19482.7763671875
2023-02-06 18:44:57,2023-02-06 18:45:00,3,21115.71875
2023-02-06 18:45:09,2023-02-06 18:45:12,3,21240.15625
2023-02-06 18:45:21,2023-02-06 18:45:23,2,24777.0
2023-02-06 18:45:24,2023-02-06 18:45:25,1,14904.62109375
2023-02-06 18:45:34,2023-02-06 18:45:37,3,19284.169270833332
2023-02-06 18:45:46,2023-02-06 18:45:49,3,21059.06640625
2023-02-06 18:45:58,2023-02-06 18:46:00,2,24889.265625
2023-02-06 18:46:10,2023-02-06 18:46:12,2,23572.400390625
2023-02-06 18:46:13,2023-02-06 18:46:14,1,15187.90625
2023-02-06 18:46:22,2023-02-06 18:46:26,4,20274.294921875
2023-02-06 18:46:34,2023-02-06 18:46:38,4,18771.416015625
2023-02-06 18:46:47,2023-02-06 18:46:50,3,20405.01953125
2023-02-06 18:46:59,2023-02-06 18:47:02,3,21632.373697916668
2023-02-06 18:47:11,2023-02-06 18:47:14,3,21090.688802083332
2023-02-06 18:47:23,2023-02-06 18:47:26,3,21038.53125
2023-02-06 18:47:35,2023-02-06 18:47:37,2,23686.77734375
2023-02-06 18:47:38,2023-02-06 18:47:39,1,17244.328125
2023-02-06 18:47:47,2023-02-06 18:47:51,4,18501.9130859375
2023-02-06 18:48:00,2023-02-06 18:48:04,4,19676.521484375
2023-02-06 18:48:13,2023-02-06 18:48:16,3,21001.2890625
2023-02-06 18:48:25,2023-02-06 18:48:29,4,19920.7763671875
2023-02-06 18:48:37,2023-02-06 18:48:41,4,19668.498046875
2023-02-06 18:48:50,2023-02-06 18:48:53,3,22561.540364583332
2023-02-06 18:49:02,2023-02-06 18:49:05,3,21366.05859375
2023-02-06 18:49:14,2023-02-06 18:49:18,4,20235.0615234375
2023-02-06 18:49:27,2023-02-06 18:49:30,3,21616.408854166668
2023-02-06 18:49:39,2023-02-06 18:49:42,3,21636.80078125
2023-02-06 18:49:51,2023-02-06 18:49:55,4,19661.427734375
2023-02-06 18:50:04,2023-02-06 18:50:07,3,21976.561197916668
2023-02-06 18:50:16,2023-02-06 18:50:18,2,25020.189453125
2023-02-06 18:50:28,2023-02-06 18:50:30,2,25397.6171875
2023-02-06 18:50:31,2023-02-06 18:50:32,1,14398.87109375
2023-02-06 18:50:40,2023-02-06 18:50:44,4,20240.0029296875
2023-02-06 18:50:52,2023-02-06 18:50:56,4,19817.994140625
2023-02-06 18:51:05,2023-02-06 18:51:08,3,21138.16015625
2023-02-06 18:51:17,2023-02-06 18:51:20,3,22096.895833333332
2023-02-06 18:51:29,2023-02-06 18:51:32,3,22561.865885416668
2023-02-06 18:51:41,2023-02-06 18:51:45,4,20176.421875
2023-02-06 18:51:53,2023-02-06 18:51:57,4,20211.576171875
2023-02-06 18:52:06,2023-02-06 18:52:09,3,22193.540364583332
2023-02-06 18:52:18,2023-02-06 18:52:20,2,25615.408203125
2023-02-06 18:52:21,2023-02-06 18:52:22,1,14484.96484375
2023-02-06 18:52:30,2023-02-06 18:52:34,4,19721.9892578125
2023-02-06 18:52:43,2023-02-06 18:52:46,3,21810.953125
2023-02-06 18:52:55,2023-02-06 18:52:57,2,25292.31640625
2023-02-06 18:53:07,2023-02-06 18:53:11,4,19583.0400390625
2023-02-06 18:53:19,2023-02-06 18:53:23,4,20046.173828125
2023-02-06 18:53:32,2023-02-06 18:53:35,3,21875.37890625
2023-02-06 18:53:44,2023-02-06 18:53:47,3,21710.029947916668
2023-02-06 18:53:56,2023-02-06 18:54:00,4,19798.5595703125
2023-02-06 18:54:08,2023-02-06 18:54:12,4,19678.3017578125
2023-02-06 18:54:21,2023-02-06 18:54:24,3,22237.954427083332
2023-02-06 18:54:33,2023-02-06 18:54:36,3,22176.51953125
2023-02-06 18:54:45,2023-02-06 18:54:48,3,21902.203125
2023-02-06 18:54:57,2023-02-06 18:55:01,4,19884.30078125
2023-02-06 18:55:09,2023-02-06 18:55:13,4,18978.9130859375
2023-02-06 18:55:22,2023-02-06 18:55:25,3,19674.81640625
2023-02-06 18:55:34,2023-02-06 18:55:37,3,19757.669270833332
2023-02-06 18:55:46,2023-02-06 18:55:49,3,19801.765625
2023-02-06 18:55:58,2023-02-06 18:56:01,3,20264.28125
2023-02-06 18:56:10,2023-02-06 18:56:13,3,20491.411458333332
2023-02-06 18:56:22,2023-02-06 18:56:26,4,18851.2578125
2023-02-06 18:56:34,2023-02-06 18:56:38,4,18366.466796875
2023-02-06 18:56:46,2023-02-06 18:56:50,4,17875.587890625
2023-02-06 18:56:58,2023-02-06 18:57:01,3,17937.651041666668
2023-02-06 18:57:10,2023-02-06 18:57:14,4,16164.7880859375
2023-02-06 18:57:22,2023-02-06 18:57:23,1,14266.5390625
2023-02-06 18:57:24,2023-02-06 18:57:26,2,17885.0078125
2023-02-06 18:57:34,2023-02-06 18:57:35,1,14636.68359375
2023-02-06 18:57:36,2023-02-06 18:57:38,2,17294.16796875
2023-02-06 18:57:46,2023-02-06 18:57:47,1,14881.30859375
2023-02-06 18:57:48,2023-02-06 18:57:49,1,20675.32421875
2023-02-06 18:57:58,2023-02-06 18:57:59,1,15182.34375
2023-02-06 18:58:00,2023-02-06 18:58:02,2,17966.4765625
2023-02-06 18:58:10,2023-02-06 18:58:11,1,14906.8671875
2023-02-06 18:58:12,2023-02-06 18:58:14,2,17786.2734375
2023-02-06 18:58:22,2023-02-06 18:58:23,1,14346.4453125
2023-02-06 18:58:24,2023-02-06 18:58:26,2,16854.7421875
2023-02-06 18:58:34,2023-02-06 18:58:35,1,15250.91015625
2023-02-06 18:58:36,2023-02-06 18:58:38,2,14960.849609375
2023-02-06 18:58:46,2023-02-06 18:58:47,1,14957.33203125
2023-02-06 18:58:49,2023-02-06 18:58:50,1,14061.57421875
2023-02-06 18:58:58,2023-02-06 18:58:59,1,15388.66015625
2023-02-06 18:59:01,2023-02-06 18:59:02,1,14029.56640625
2023-02-06 18:59:10,2023-02-06 18:59:11,1,13989.30859375
2023-02-06 18:59:13,2023-02-06 18:59:15,2,14679.294921875
2023-02-06 18:59:22,2023-02-06 18:59:23,1,16702.67578125
2023-02-06 18:59:26,2023-02-06 18:59:27,1,14676.38671875
2023-02-06 18:59:34,2023-02-06 18:59:35,1,14028.296875
2023-02-06 18:59:37,2023-02-06 18:59:38,1,14881.92578125
2023-02-06 18:59:46,2023-02-06 18:59:47,1,14748.2265625
2023-02-06 18:59:49,2023-02-06 18:59:50,1,15193.29296875
2023-02-06 18:59:58,2023-02-06 18:59:59,1,14042.77734375
2023-02-06 19:00:01,2023-02-06 19:00:03,2,16170.09765625
2023-02-06 19:00:13,2023-02-06 19:00:15,2,15140.544921875
2023-02-06 19:00:25,2023-02-06 19:00:27,2,15840.802734375
2023-02-06 19:00:35,2023-02-06 19:00:36,1,14726.91796875
2023-02-06 19:00:37,2023-02-06 19:00:39,2,16444.9140625
2023-02-06 19:00:49,2023-02-06 19:00:51,2,17512.603515625
2023-02-06 19:01:00,2023-02-06 19:01:01,1,14677.74609375
2023-02-06 19:01:02,2023-02-06 19:01:03,1,21537.7890625
2023-02-06 19:01:13,2023-02-06 19:01:16,3,17257.3125
2023-02-06 19:01:25,2023-02-06 19:01:28,3,19396.826822916668
2023-02-06 19:01:38,2023-02-06 19:01:40,2,22457.693359375
2023-02-06 19:01:50,2023-02-06 19:01:53,3,20444.235677083332
2023-02-06 19:02:02,2023-02-06 19:02:05,3,20353.77734375
2023-02-06 19:02:14,2023-02-06 19:02:17,3,21164.645833333332
2023-02-06 19:02:26,2023-02-06 19:02:29,3,20796.477864583332
2023-02-06 19:02:38,2023-02-06 19:02:41,3,20037.125
2023-02-06 19:02:50,2023-02-06 19:02:54,4,18757.8857421875
2023-02-06 19:03:03,2023-02-06 19:03:06,3,20563.247395833332
2023-02-06 19:03:15,2023-02-06 19:03:18,3,20935.313802083332
2023-02-06 19:03:27,2023-02-06 19:03:30,3,21355.498697916668
2023-02-06 19:03:39,2023-02-06 19:03:42,3,21663.709635416668
2023-02-06 19:03:51,2023-02-06 19:03:54,3,21853.921875
2023-02-06 19:04:03,2023-02-06 19:04:07,4,19671.7734375
2023-02-06 19:04:16,2023-02-06 19:04:19,3,21618.084635416668
2023-02-06 19:04:28,2023-02-06 19:04:32,4,20507.490234375
2023-02-06 19:04:40,2023-02-06 19:04:44,4,19939.875
2023-02-06 19:04:52,2023-02-06 19:04:56,4,19278.8671875
2023-02-06 19:05:05,2023-02-06 19:05:08,3,20326.391927083332
2023-02-06 19:05:17,2023-02-06 19:05:20,3,21468.1953125
2023-02-06 19:05:29,2023-02-06 19:05:32,3,21489.848958333332
2023-02-06 19:05:41,2023-02-06 19:05:44,3,21035.200520833332
2023-02-06 19:05:53,2023-02-06 19:05:56,3,20608.904947916668
2023-02-06 19:06:05,2023-02-06 19:06:08,3,21332.674479166668
2023-02-06 19:06:17,2023-02-06 19:06:21,4,19141.8583984375
2023-02-06 19:06:29,2023-02-06 19:06:33,4,19259.072265625
2023-02-06 19:06:41,2023-02-06 19:06:45,4,19553.251953125
2023-02-06 19:06:54,2023-02-06 19:06:57,3,20984.87109375
2023-02-06 19:07:06,2023-02-06 19:07:09,3,21148.97265625
2023-02-06 19:07:18,2023-02-06 19:07:21,3,20924.311197916668
2023-02-06 19:07:30,2023-02-06 19:07:34,4,18937.171875
2023-02-06 19:07:42,2023-02-06 19:07:46,4,19060.3623046875
2023-02-06 19:07:55,2023-02-06 19:07:58,3,21343.2421875
2023-02-06 19:08:07,2023-02-06 19:08:11,4,20625.701171875
2023-02-06 19:08:19,2023-02-06 19:08:23,4,19950.4609375
2023-02-06 19:08:31,2023-02-06 19:08:35,4,19925.6142578125
2023-02-06 19:08:43,2023-02-06 19:08:47,4,19250.5458984375
2023-02-06 19:08:56,2023-02-06 19:08:58,2,24405.994140625
2023-02-06 19:09:07,2023-02-06 19:09:11,4,19100.455078125
2023-02-06 19:09:19,2023-02-06 19:09:23,4,19943.3466796875
2023-02-06 19:09:32,2023-02-06 19:09:35,3,22152.5234375
2023-02-06 19:09:43,2023-02-06 19:09:47,4,19382.376953125
2023-02-06 19:09:55,2023-02-06 19:09:58,3,22129.946614583332
2023-02-06 19:10:07,2023-02-06 19:10:10,3,22758.576822916668
2023-02-06 19:10:19,2023-02-06 19:10:22,3,22802.848958333332
2023-02-06 19:10:31,2023-02-06 19:10:34,3,22136.634114583332
2023-02-06 19:10:43,2023-02-06 19:10:46,3,22755.958333333332
2023-02-06 19:10:55,2023-02-06 19:10:58,3,23662.166666666668
2023-02-06 19:11:06,2023-02-06 19:11:10,4,20126.001953125
2023-02-06 19:11:19,2023-02-06 19:11:20,1,17674.04296875
2023-02-06 19:11:31,2023-02-06 19:11:32,1,15030.87109375
2023-02-06 23:03:49,2023-02-06 23:06:31,162,19243.100356867282
2023-02-06 23:15:27,2023-02-06 23:15:28,1,13866.95703125
2023-02-06 23:16:39,2023-02-06 23:16:40,1,14026.14453125
2023-02-06 23:17:15,2023-02-06 23:17:16,1,13861.88671875
2023-02-06 23:22:43,2023-02-06 23:22:44,1,14000.046875
2023-02-06 23:22:55,2023-02-06 23:22:56,1,13922.921875
2023-02-06 23:24:12,2023-02-06 23:24:13,1,14207.98828125
2023-02-06 23:24:48,2023-02-06 23:24:49,1,14148.19921875
2023-02-06 23:26:00,2023-02-06 23:26:01,1,13865.19921875
2023-02-06 23:27:26,2023-02-06 23:27:27,1,14137.859375
2023-02-06 23:27:52,2023-02-06 23:27:53,1,13990.87109375
2023-02-06 23:33:12,2023-02-06 23:33:13,1,14037.17578125
2023-02-06 23:34:27,2023-02-06 23:34:28,1,14403.43359375
2023-02-06 23:38:08,2023-02-06 23:38:09,1,13871.17578125
2023-02-06 23:38:20,2023-02-06 23:38:21,1,14452.8203125
2023-02-06 23:38:32,2023-02-06 23:38:33,1,14565.171875
2023-02-06 23:41:48,2023-02-06 23:41:49,1,13977.03125
2023-02-06 23:42:35,2023-02-06 23:42:36,1,13889.71484375
2023-02-06 23:48:36,2023-02-06 23:48:37,1,13855.328125
2023-02-06 23:48:59,2023-02-06 23:49:00,1,13873.2578125
2023-02-06 23:49:11,2023-02-06 23:49:12,1,14243.171875
2023-02-06 23:49:23,2023-02-06 23:49:24,1,14369.3203125
2023-02-06 23:51:22,2023-02-06 23:51:23,1,14181.265625
2023-02-06 23:51:46,2023-02-06 23:51:47,1,14231.75
2023-02-06 23:52:47,2023-02-06 23:52:48,1,13931.6640625
2023-02-06 23:53:11,2023-02-06 23:53:12,1,13967.25
2023-02-06 23:55:50,2023-02-06 23:55:51,1,14099.12109375
2023-02-06 23:56:14,2023-02-06 23:56:15,1,14197.3984375
2023-02-06 23:57:02,2023-02-06 23:57:04,2,17796.5625
2023-02-06 23:57:15,2023-02-06 23:57:16,1,14313.76953125
2023-02-07 00:01:30,2023-02-07 00:01:31,1,14225.890625
2023-02-07 00:01:42,2023-02-07 00:01:43,1,14286.67578125
2023-02-07 00:01:54,2023-02-07 00:01:55,1,14247.75
2023-02-07 00:02:06,2023-02-07 00:02:07,1,14046.76953125
2023-02-07 00:04:32,2023-02-07 00:04:33,1,14337.4609375
2023-02-07 00:07:21,2023-02-07 00:07:22,1,14171.234375
2023-02-07 00:07:33,2023-02-07 00:07:34,1,14369.32421875
2023-02-07 00:09:34,2023-02-07 00:09:35,1,13926.9921875
2023-02-07 00:09:59,2023-02-07 00:10:00,1,14400.21484375
2023-02-07 00:10:37,2023-02-07 00:10:38,1,14521.85546875
2023-02-07 00:11:38,2023-02-07 00:11:39,1,14171.57421875
2023-02-07 00:11:50,2023-02-07 00:11:51,1,13919.76953125
2023-02-07 00:12:14,2023-02-07 00:12:15,1,14052.5703125
2023-02-07 00:12:26,2023-02-07 00:12:27,1,14190.60546875
2023-02-07 00:15:41,2023-02-07 00:15:42,1,13963.3359375
2023-02-07 00:18:43,2023-02-07 00:18:44,1,14545.234375
2023-02-07 00:18:56,2023-02-07 00:18:57,1,14366.46875
2023-02-07 00:19:57,2023-02-07 00:19:58,1,14115.29296875
2023-02-07 00:20:09,2023-02-07 00:20:10,1,14204.109375
2023-02-07 00:20:21,2023-02-07 00:20:22,1,14121.69140625
2023-02-07 00:21:10,2023-02-07 00:21:11,1,13859.76953125
2023-02-07 00:22:47,2023-02-07 00:22:48,1,13914.4453125
2023-02-07 00:22:59,2023-02-07 00:23:00,1,13937.26953125
2023-02-07 00:23:23,2023-02-07 00:23:24,1,14424.04296875
2023-02-07 00:24:25,2023-02-07 00:24:26,1,13887.22265625
2023-02-07 00:27:26,2023-02-07 00:27:27,1,14234.42578125
2023-02-07 00:27:38,2023-02-07 00:27:39,1,14511.19140625
2023-02-07 00:27:50,2023-02-07 00:27:51,1,14520.91796875
2023-02-07 00:28:26,2023-02-07 00:28:27,1,14496.328125
2023-02-07 00:28:38,2023-02-07 00:28:39,1,14065.8828125
2023-02-07 00:28:50,2023-02-07 00:28:51,1,13892.1171875
2023-02-07 00:29:02,2023-02-07 00:29:03,1,13962.90625
2023-02-07 00:29:14,2023-02-07 00:29:15,1,14050.44921875
2023-02-07 00:33:18,2023-02-07 00:33:19,1,13871.50390625
2023-02-07 00:37:22,2023-02-07 00:37:23,1,13989.7734375
2023-02-07 00:40:10,2023-02-07 00:40:11,1,14002.57421875
2023-02-07 00:40:22,2023-02-07 00:40:23,1,14373.9296875
2023-02-07 00:40:34,2023-02-07 00:40:35,1,13990.8515625
2023-02-07 00:42:00,2023-02-07 00:42:01,1,14059.9296875
2023-02-07 00:42:12,2023-02-07 00:42:13,1,13964.04296875
2023-02-07 00:43:00,2023-02-07 00:43:01,1,13930.31640625
2023-02-07 00:52:09,2023-02-07 00:52:10,1,13943.53125
2023-02-07 00:53:10,2023-02-07 00:53:11,1,14191.5234375
2023-02-07 00:57:52,2023-02-07 00:57:53,1,14294.75390625
2023-02-07 00:58:54,2023-02-07 00:58:55,1,13881.2421875
2023-02-07 00:59:19,2023-02-07 00:59:20,1,13992.80859375
2023-02-07 01:01:50,2023-02-07 01:01:51,1,13939.890625
2023-02-07 01:02:51,2023-02-07 01:02:52,1,14014.8125
2023-02-07 01:03:03,2023-02-07 01:03:04,1,14148.65234375
2023-02-07 01:03:28,2023-02-07 01:03:29,1,13967.6640625
2023-02-07 01:05:10,2023-02-07 01:05:11,1,14558.19140625
2023-02-07 01:05:35,2023-02-07 01:05:36,1,14540.66015625
2023-02-07 01:06:00,2023-02-07 01:06:01,1,14426.625
2023-02-07 01:06:12,2023-02-07 01:06:13,1,14195.8125
2023-02-07 01:08:02,2023-02-07 01:08:03,1,13905.234375
2023-02-07 01:13:12,2023-02-07 01:13:13,1,14049.58984375
2023-02-07 01:14:01,2023-02-07 01:14:02,1,14019.1953125
2023-02-07 01:17:01,2023-02-07 01:17:02,1,14451.38671875
2023-02-07 01:17:13,2023-02-07 01:17:14,1,13899.3828125
2023-02-07 01:18:27,2023-02-07 01:18:28,1,13975.2265625
2023-02-07 01:20:28,2023-02-07 01:20:29,1,14461.44140625
2023-02-07 01:20:40,2023-02-07 01:20:41,1,13880.59765625
2023-02-07 01:21:04,2023-02-07 01:21:05,1,14334.9609375
2023-02-07 01:21:16,2023-02-07 01:21:17,1,14056.5078125
2023-02-07 01:21:28,2023-02-07 01:21:29,1,13864.9375
2023-02-07 01:23:31,2023-02-07 01:23:32,1,13964.23828125
2023-02-07 01:28:45,2023-02-07 01:28:46,1,14207.6328125
2023-02-07 01:29:10,2023-02-07 01:29:11,1,14251.7890625
2023-02-07 01:29:57,2023-02-07 01:29:58,1,13973.01171875
2023-02-07 01:30:45,2023-02-07 01:30:46,1,14141.5546875
2023-02-07 01:31:22,2023-02-07 01:31:23,1,14048.15625
2023-02-07 01:38:23,2023-02-07 01:38:24,1,14016.90234375
2023-02-07 01:42:46,2023-02-07 01:42:47,1,14230.34765625
2023-02-07 01:42:58,2023-02-07 01:42:59,1,14377.26171875
2023-02-07 01:43:59,2023-02-07 01:44:00,1,14367.01171875
2023-02-07 01:44:11,2023-02-07 01:44:12,1,14364.9375
2023-02-07 01:44:23,2023-02-07 01:44:24,1,14392.26171875
2023-02-07 01:44:58,2023-02-07 01:44:59,1,13908.9140625
2023-02-07 01:45:34,2023-02-07 01:45:35,1,14003.48046875
2023-02-18 23:48:14,2023-02-18 23:48:15,1,25420.09765625
2023-02-18 23:48:16,2023-02-18 23:48:19,3,18611.033854166668
2023-02-19 10:58:05,2023-02-19 10:58:07,2,15646.765625
2023-02-19 10:58:10,2023-02-19 10:58:11,1,15706.71484375
2023-02-19 10:58:12,2023-02-19 10:58:14,2,15442.822265625
2023-02-19 10:58:16,2023-02-19 10:58:20,4,16218.6064453125
2023-02-19 11:20:29,2023-02-19 11:20:30,1,14162.5390625
2023-02-19 11:20:34,2023-02-19 11:20:35,1,14075.35546875
2023-02-19 11:21:31,2023-02-19 11:21:32,1,15545.01171875
2023-02-24 15:59:06,2023-02-24 15:59:07,1,14995.5859375
2023-02-24 15:59:08,2023-02-24 15:59:10,2,15690.107421875
2023-02-24 16:00:55,2023-02-24 16:00:59,4,14351.251953125
2023-02-24 16:01:11,2023-02-24 16:01:17,6,15489.704427083334
2023-02-27 10:16:34,2023-02-27 10:27:17,643,24783.645800933125
2023-02-27 10:27:18,2023-02-27 10:27:20,2,13920.474609375
2023-02-27 10:30:33,2023-02-27 10:30:34,1,14264.65234375
2023-03-01 11:18:29,2023-03-01 11:18:33,4,14161.5283203125
2023-03-01 11:18:34,2023-03-01 11:18:37,3,14006.643229166666
2023-03-01 11:18:38,2023-03-01 11:18:40,2,13966.80859375
2023-03-01 11:18:44,2023-03-01 11:18:55,11,14096.303977272728
2023-03-01 11:18:56,2023-03-01 11:18:57,1,13977.65625
2023-03-01 11:18:58,2023-03-01 11:19:09,11,14014.387073863636
2023-03-01 11:19:11,2023-03-01 11:19:13,2,13901.482421875
2023-03-01 11:19:14,2023-03-01 11:19:15,1,13871.69140625
2023-03-01 11:19:16,2023-03-01 11:19:27,11,14027.756036931818
2023-03-01 11:19:32,2023-03-01 11:19:33,1,13865.21484375
2023-03-01 11:19:35,2023-03-01 11:19:36,1,13923.5078125
2023-03-01 11:19:38,2023-03-01 11:19:44,6,13952.842447916666
2023-03-06 13:40:36,2023-03-06 13:40:37,1,13951.390625
2023-03-06 13:41:37,2023-03-06 13:41:39,2,14222.458984375
2023-03-06 13:43:07,2023-03-06 13:43:09,2,16318.04296875
2023-03-06 13:43:11,2023-03-06 13:43:12,1,14567.7109375
2023-03-06 13:43:43,2023-03-06 13:43:50,7,15913.96372767857
2023-03-06 13:44:26,2023-03-06 13:44:28,2,16041.693359375
2023-03-06 13:44:29,2023-03-06 13:44:31,2,14587.525390625
2023-03-06 13:44:32,2023-03-06 13:44:34,2,14471.392578125
2023-03-06 13:44:35,2023-03-06 13:44:36,1,16534.234375
2023-03-06 13:45:13,2023-03-06 13:45:15,2,15295.4609375
2023-03-06 13:46:01,2023-03-06 13:46:02,1,14010.38671875
2023-03-06 13:46:48,2023-03-06 13:46:50,2,16304.28515625
2023-03-06 13:46:52,2023-03-06 13:46:58,6,14685.158854166666
2023-03-06 13:47:35,2023-03-06 13:47:37,2,16134.095703125
2023-03-06 13:47:39,2023-03-06 13:47:46,7,14634.585379464286
2023-03-06 13:48:22,2023-03-06 13:48:24,2,15675.85546875
2023-03-06 13:48:25,2023-03-06 13:48:26,1,14102.921875
2023-03-06 13:48:29,2023-03-06 13:48:32,3,14464.786458333334
2023-03-06 13:49:08,2023-03-06 13:49:12,4,14691.7705078125
2023-03-06 13:49:15,2023-03-06 13:49:17,2,14430.755859375
2023-03-06 13:49:54,2023-03-06 13:49:58,4,14815.6904296875
2023-03-06 13:50:03,2023-03-06 13:50:04,1,14551.91796875
2023-03-06 13:50:42,2023-03-06 13:50:44,2,15815.966796875
2023-03-06 13:50:47,2023-03-06 13:50:49,2,14217.046875
2023-03-06 13:51:27,2023-03-06 13:51:31,4,14911.2216796875
2023-03-06 13:51:34,2023-03-06 13:51:37,3,14411.23828125
2023-03-06 13:52:15,2023-03-06 13:52:17,2,15758.31640625
2023-03-06 13:52:19,2023-03-06 13:52:21,2,14128.3203125
2023-03-06 14:12:34,2023-03-06 14:12:39,5,18169.6484375
2023-03-06 14:13:24,2023-03-06 14:13:25,1,14296.84765625
2023-03-06 14:13:26,2023-03-06 14:13:30,4,15299.1015625
2023-03-06 14:14:18,2023-03-06 14:14:24,6,16284.4609375
2023-03-06 14:15:13,2023-03-06 14:15:18,5,17431.9015625
2023-03-06 14:16:07,2023-03-06 14:16:14,7,16783.848772321428
2023-03-06 14:16:58,2023-03-06 14:17:04,6,18201.865885416668
2023-03-06 14:17:45,2023-03-06 14:17:51,6,18843.338541666668
2023-03-06 14:18:32,2023-03-06 14:18:38,6,18692.385416666668
2023-03-06 14:19:18,2023-03-06 14:19:25,7,17396.520089285714
2023-03-06 14:20:11,2023-03-06 14:20:17,6,17874.335286458332
2023-03-06 14:20:56,2023-03-06 14:21:02,6,18603.395182291668
2023-03-06 14:21:42,2023-03-06 14:21:48,6,18813.143880208332
2023-03-06 14:22:26,2023-03-06 14:22:33,7,17994.11495535714
2023-03-06 14:23:13,2023-03-06 14:23:19,6,18830.123046875
2023-03-06 14:24:00,2023-03-06 14:24:06,6,18792.473958333332
2023-03-06 14:24:49,2023-03-06 14:24:55,6,18809.699869791668
2023-03-06 14:25:33,2023-03-06 14:25:40,7,18036.587053571428
2023-03-06 14:26:19,2023-03-06 14:26:25,6,18527.53515625
2023-03-06 14:27:08,2023-03-06 14:27:14,6,17782.630859375
2023-03-06 14:27:58,2023-03-06 14:28:03,5,18959.19375
2023-03-06 14:28:49,2023-03-06 14:28:50,1,16570.8671875
2023-03-06 14:28:52,2023-03-06 14:28:55,3,14861.015625
2023-03-06 14:29:44,2023-03-06 14:29:50,6,16064.286458333334
2023-03-06 14:30:46,2023-03-06 14:30:51,5,16961.40625
2023-03-06 14:31:37,2023-03-06 14:31:43,6,18784.710286458332
2023-03-06 14:32:21,2023-03-06 14:32:27,6,18845.185546875
2023-03-06 14:33:09,2023-03-06 14:33:15,6,18265.177083333332
2023-03-06 14:33:53,2023-03-06 14:34:00,7,17553.643415178572
2023-03-06 14:34:39,2023-03-06 14:34:45,6,18582.651041666668
2023-03-06 14:35:24,2023-03-06 14:35:30,6,18234.100260416668
2023-03-06 14:36:09,2023-03-06 14:36:15,6,18330.866536458332
2023-03-06 14:36:56,2023-03-06 14:37:02,6,18563.169921875
2023-03-06 14:37:46,2023-03-06 14:37:51,5,15589.60703125
2023-03-06 14:38:35,2023-03-06 14:38:39,4,17114.9638671875
2023-03-06 14:39:34,2023-03-06 14:39:35,1,14786.4921875
2023-03-06 14:39:36,2023-03-06 14:39:37,1,14034.3515625
2023-03-06 14:39:39,2023-03-06 14:39:40,1,14081.59375
2023-03-06 14:40:34,2023-03-06 14:40:35,1,13896.76171875
2023-03-06 14:41:39,2023-03-06 14:41:45,6,16755.511067708332
2023-03-06 14:42:37,2023-03-06 14:42:42,5,16349.91796875
2023-03-06 14:43:29,2023-03-06 14:43:34,5,17115.93671875
2023-03-06 14:44:26,2023-03-06 14:44:32,6,16281.472005208334
2023-03-06 14:45:18,2023-03-06 14:45:25,7,17151.546875
2023-03-06 14:46:06,2023-03-06 14:46:12,6,19607.334635416668
2023-03-06 14:46:52,2023-03-06 14:46:58,6,17560.848958333332
2023-03-06 14:47:40,2023-03-06 14:47:47,7,16945.225446428572
2023-03-06 14:48:29,2023-03-06 14:48:35,6,17833.723307291668
2023-03-06 14:49:17,2023-03-06 14:49:24,7,17524.74051339286
2023-03-06 14:50:10,2023-03-06 14:50:16,6,16164.177083333334
2023-03-06 14:51:00,2023-03-06 14:51:01,1,15975.68359375
2023-03-06 14:51:03,2023-03-06 14:51:05,2,15391.859375
2023-03-06 14:51:53,2023-03-06 14:51:58,5,16554.7625
2023-03-06 14:52:54,2023-03-06 14:52:59,5,16299.803125
2023-03-06 14:53:52,2023-03-06 14:53:57,5,15177.82578125
2023-03-06 14:54:58,2023-03-06 14:55:05,7,17102.690290178572
2023-03-06 14:55:51,2023-03-06 14:55:57,6,18923.430989583332
2023-03-06 14:56:42,2023-03-06 14:56:47,5,17830.928125
2023-03-06 14:57:26,2023-03-06 14:57:32,6,18016.356119791668
2023-03-06 14:58:19,2023-03-06 14:58:24,5,16019.18203125
2023-03-06 14:59:10,2023-03-06 14:59:15,5,16581.0140625
2023-03-06 15:00:14,2023-03-06 15:00:20,6,17210.387369791668
2023-03-06 15:01:13,2023-03-06 15:01:19,6,17877.868489583332
2023-03-06 15:02:02,2023-03-06 15:02:08,6,18522.007161458332
2023-03-06 15:02:48,2023-03-06 15:02:55,7,18425.284040178572
2023-03-06 15:03:32,2023-03-06 15:03:39,7,18363.393415178572
2023-03-06 15:04:19,2023-03-06 15:04:25,6,19169.474609375
2023-03-06 15:05:07,2023-03-06 15:05:12,5,17380.165625
2023-03-06 15:05:49,2023-03-06 15:05:55,6,17855.520182291668
2023-03-06 15:06:32,2023-03-06 15:06:37,5,19143.05
2023-03-06 15:07:17,2023-03-06 15:07:22,5,18865.6984375
2023-03-06 15:08:00,2023-03-06 15:08:05,5,19487.38671875
2023-03-06 15:08:45,2023-03-06 15:08:50,5,19363.675
2023-03-06 15:09:33,2023-03-06 15:09:38,5,15674.340625
2023-03-06 15:10:20,2023-03-06 15:10:26,6,15180.9140625
2023-03-06 15:11:16,2023-03-06 15:11:22,6,17575.131510416668
2023-03-06 15:12:06,2023-03-06 15:12:11,5,17038.271875
2023-03-06 15:13:03,2023-03-06 15:13:09,6,18133.564453125
2023-03-06 15:13:53,2023-03-06 15:13:59,6,18088.62109375
2023-03-06 15:14:40,2023-03-06 15:14:45,5,19014.45234375
2023-03-06 15:15:29,2023-03-06 15:15:31,2,14707.79296875
2023-03-06 15:15:32,2023-03-06 15:15:34,2,15379.001953125
2023-03-06 15:16:22,2023-03-06 15:16:27,5,16571.67265625
2023-03-06 15:17:18,2023-03-06 15:17:24,6,16293.666015625
2023-03-06 15:18:10,2023-03-06 15:18:16,6,15839.654296875
2023-03-06 15:19:01,2023-03-06 15:19:07,6,17795.776041666668
2023-03-06 15:19:46,2023-03-06 15:19:52,6,18461.754557291668
2023-03-06 15:20:31,2023-03-06 15:20:38,7,17768.350446428572
2023-03-06 15:21:15,2023-03-06 15:21:21,6,18600.470052083332
2023-03-06 15:22:02,2023-03-06 15:22:08,6,18815.315755208332
2023-03-06 15:22:49,2023-03-06 15:22:54,5,19040.36328125
2023-03-06 15:23:38,2023-03-06 15:23:43,5,14877.5734375
2023-03-06 15:24:30,2023-03-06 15:24:36,6,15442.034505208334
2023-03-06 15:25:27,2023-03-06 15:25:34,7,16434.16015625
2023-03-06 15:26:22,2023-03-06 15:26:29,7,16245.76674107143
2023-03-06 15:27:12,2023-03-06 15:27:18,6,18156.86328125
2023-03-06 15:28:03,2023-03-06 15:28:08,5,19183.01953125
2023-03-06 15:28:55,2023-03-06 15:28:59,4,16586.7451171875
2023-03-06 15:29:52,2023-03-06 15:29:57,5,17195.2234375
2023-03-06 15:30:51,2023-03-06 15:30:56,5,18125.56640625
2023-03-06 15:31:37,2023-03-06 15:31:43,6,18245.521484375
2023-03-06 15:32:22,2023-03-06 15:32:28,6,18276.481770833332
2023-03-06 15:33:10,2023-03-06 15:33:15,5,18688.603125
2023-03-06 15:33:58,2023-03-06 15:34:03,5,15762.9171875
2023-03-06 15:34:47,2023-03-06 15:34:51,4,16437.8359375
2023-03-06 15:35:43,2023-03-06 15:35:48,5,17137.9265625
2023-03-06 15:36:35,2023-03-06 15:36:41,6,16433.388671875
2023-03-06 15:37:31,2023-03-06 15:37:36,5,17792.55078125
2023-03-06 15:38:17,2023-03-06 15:38:24,7,17613.88504464286
2023-03-06 15:39:04,2023-03-06 15:39:10,6,18224.822265625
2023-03-06 15:39:48,2023-03-06 15:39:54,6,18097.33984375
2023-03-06 15:40:32,2023-03-06 15:40:38,6,17899.025390625
2023-03-06 15:41:20,2023-03-06 15:41:26,6,18178.3828125
2023-03-06 15:42:06,2023-03-06 15:42:13,7,17265.48660714286
2023-03-06 15:42:56,2023-03-06 15:43:01,5,18315.921875
2023-03-06 15:43:38,2023-03-06 15:43:44,6,18302.352864583332
2023-03-06 15:44:23,2023-03-06 15:44:29,6,18195.912109375
2023-03-06 15:45:08,2023-03-06 15:45:13,5,18737.23125
2023-03-06 15:45:52,2023-03-06 15:45:58,6,18428.470703125
2023-03-06 15:46:38,2023-03-06 15:46:44,6,18668.81640625
2023-03-06 15:47:23,2023-03-06 15:47:29,6,18537.119140625
2023-03-06 15:48:09,2023-03-06 15:48:14,5,19024.7390625
2023-03-06 15:48:57,2023-03-06 15:49:02,5,15273.6453125
2023-03-06 15:49:46,2023-03-06 15:49:50,4,16791.865234375
2023-03-06 15:50:48,2023-03-06 15:50:54,6,16470.432291666668
2023-03-06 15:51:46,2023-03-06 15:51:52,6,15447.318359375
2023-03-06 15:52:42,2023-03-06 15:52:48,6,16380.84765625
2023-03-06 15:53:36,2023-03-06 15:53:43,7,15807.70703125
2023-03-06 15:54:29,2023-03-06 15:54:35,6,18218.28125
2023-03-06 15:55:15,2023-03-06 15:55:20,5,19035.13125
2023-03-06 15:56:03,2023-03-06 15:56:08,5,17925.87890625
2023-03-06 15:56:50,2023-03-06 15:56:55,5,15516.72109375
2023-03-06 15:57:41,2023-03-06 15:57:43,2,14413.75390625
2023-03-06 15:58:44,2023-03-06 15:58:50,6,15536.070963541666
2023-03-06 15:59:40,2023-03-06 15:59:45,5,17222.271875
2023-03-06 16:00:29,2023-03-06 16:00:35,6,16641.260416666668
2023-03-06 16:01:22,2023-03-06 16:01:28,6,18595.17578125
2023-03-06 16:02:09,2023-03-06 16:02:15,6,18615.022786458332
2023-03-06 16:02:54,2023-03-06 16:03:00,6,18436.514322916668
2023-03-06 16:03:35,2023-03-06 16:03:41,6,18569.502604166668
2023-03-06 16:04:25,2023-03-06 16:04:32,7,17120.75167410714
2023-03-06 16:05:15,2023-03-06 16:05:21,6,17144.662760416668
2023-03-06 16:06:00,2023-03-06 16:06:05,5,17785.98984375
2023-03-06 16:06:47,2023-03-06 16:06:52,5,14876.83671875
2023-03-06 16:07:41,2023-03-06 16:07:42,1,15790.43359375
2023-03-06 16:08:45,2023-03-06 16:08:50,5,16192.93125
2023-03-06 16:09:46,2023-03-06 16:09:52,6,15578.473307291666
2023-03-06 16:10:41,2023-03-06 16:10:48,7,17858.39453125
2023-03-06 16:11:24,2023-03-06 16:11:30,6,18415.370442708332
2023-03-06 16:12:08,2023-03-06 16:12:15,7,17899.809151785714
2023-03-06 16:12:53,2023-03-06 16:12:59,6,18158.594401041668
2023-03-06 16:13:41,2023-03-06 16:13:47,6,17804.479166666668
2023-03-06 16:14:39,2023-03-06 16:14:43,4,15437.162109375
2023-03-06 16:15:40,2023-03-06 16:15:45,5,16229.52109375
2023-03-06 16:16:35,2023-03-06 16:16:41,6,17123.80859375
2023-03-06 16:17:23,2023-03-06 16:17:29,6,18805.936848958332
2023-03-06 16:18:09,2023-03-06 16:18:15,6,17952.0546875
2023-03-06 16:18:55,2023-03-06 16:19:01,6,18527.793619791668
2023-03-06 16:19:38,2023-03-06 16:19:45,7,15347.640066964286
2023-03-06 16:20:37,2023-03-06 16:20:42,5,14841.87109375
2023-03-06 16:21:20,2023-03-06 16:21:25,5,14691.43046875
2023-03-06 16:22:10,2023-03-06 16:22:15,5,15658.9453125
2023-03-06 16:23:08,2023-03-06 16:23:15,7,15718.038504464286
2023-03-06 16:24:05,2023-03-06 16:24:11,6,17772.4609375
2023-03-06 16:24:52,2023-03-06 16:24:59,7,17997.625558035714
2023-03-06 16:25:34,2023-03-06 16:25:41,7,18039.616629464286
2023-03-06 16:26:18,2023-03-06 16:26:24,6,18859.274088541668
2023-03-06 16:27:02,2023-03-06 16:27:09,7,17720.53683035714
2023-03-06 16:27:44,2023-03-06 16:27:51,7,18071.867745535714
2023-03-06 16:28:28,2023-03-06 16:28:35,7,18296.86886160714
2023-03-06 16:29:11,2023-03-06 16:29:17,6,19149.615885416668
2023-03-06 16:29:56,2023-03-06 16:30:02,6,18739.047526041668
2023-03-06 16:30:38,2023-03-06 16:30:44,6,18825.393880208332
2023-03-06 16:31:22,2023-03-06 16:31:29,7,18056.57198660714
2023-03-06 16:32:06,2023-03-06 16:32:12,6,18778.520833333332
2023-03-06 16:32:51,2023-03-06 16:32:57,6,18697.038411458332
2023-03-06 16:33:35,2023-03-06 16:33:41,6,18469.565755208332
2023-03-06 16:34:17,2023-03-06 16:34:23,6,18957.494791666668
2023-03-06 16:35:00,2023-03-06 16:35:07,7,18034.59207589286
2023-03-06 16:35:43,2023-03-06 16:35:49,6,18861.677734375
2023-03-06 16:36:30,2023-03-06 16:36:36,6,19009.052734375
2023-03-06 16:37:12,2023-03-06 16:37:19,7,18090.770089285714
2023-03-06 16:37:56,2023-03-06 16:38:02,6,19164.38671875
2023-03-06 16:38:41,2023-03-06 16:38:47,6,18826.048177083332
2023-03-06 16:39:22,2023-03-06 16:39:28,6,18956.703125
2023-03-06 16:40:08,2023-03-06 16:40:14,6,19117.459635416668
2023-03-06 16:40:52,2023-03-06 16:40:59,7,18279.063616071428
2023-03-06 16:41:36,2023-03-06 16:41:42,6,18991.228515625
2023-03-06 16:42:18,2023-03-06 16:42:24,6,18792.078776041668
2023-03-06 16:42:42,2023-03-06 16:42:43,1,14317.45703125
2023-03-06 16:42:47,2023-03-06 16:42:53,6,14661.181640625
2023-03-06 16:43:06,2023-03-06 16:43:13,7,18307.116071428572
2023-03-06 16:43:33,2023-03-06 16:43:35,2,14282.1484375
2023-03-06 16:43:37,2023-03-06 16:43:38,1,14237.7421875
2023-03-06 16:43:52,2023-03-06 16:43:59,7,18032.787946428572
2023-03-06 16:44:16,2023-03-06 16:44:17,1,14202.0
2023-03-06 16:44:22,2023-03-06 16:44:25,3,14207.322916666666
2023-03-06 16:44:42,2023-03-06 16:44:48,6,18672.817057291668
2023-03-06 16:45:02,2023-03-06 16:45:03,1,15517.0703125
2023-03-06 16:45:08,2023-03-06 16:45:10,2,14875.443359375
2023-03-06 16:45:29,2023-03-06 16:45:35,6,18148.28125
2023-03-06 16:45:47,2023-03-06 16:45:49,2,14496.00390625
2023-03-06 16:45:53,2023-03-06 16:45:56,3,14544.822916666666
2023-03-06 16:46:22,2023-03-06 16:46:27,5,16125.75703125
2023-03-06 16:46:34,2023-03-06 16:46:35,1,16077.54296875
2023-03-06 16:47:18,2023-03-06 16:47:26,8,21376.4521484375
2023-03-06 16:47:32,2023-03-06 16:47:33,1,14178.25390625
2023-03-06 16:48:13,2023-03-06 16:48:19,6,21619.417317708332
2023-03-06 16:48:41,2023-03-06 16:48:46,5,21101.09296875
2023-03-06 16:49:07,2023-03-06 16:49:12,5,20868.44140625
2023-03-06 16:49:34,2023-03-06 16:49:39,5,17668.72734375
2023-03-06 16:50:00,2023-03-06 16:50:05,5,17474.79453125
2023-03-06 16:50:27,2023-03-06 16:50:29,2,17445.375
2023-03-06 16:50:53,2023-03-06 16:50:58,5,18405.49140625
2023-03-06 16:51:22,2023-03-06 16:51:27,5,18603.065625
2023-03-06 16:51:45,2023-03-06 16:51:52,7,16768.4453125
2023-03-06 16:52:17,2023-03-06 16:52:23,6,15794.491536458334
2023-03-06 16:52:44,2023-03-06 16:52:45,1,15168.6953125
2023-03-06 16:52:46,2023-03-06 16:52:51,5,16582.45625
2023-03-06 16:53:10,2023-03-06 16:53:11,1,15623.3828125
2023-03-06 16:53:13,2023-03-06 16:53:18,5,16192.96015625
2023-03-06 16:53:37,2023-03-06 16:53:38,1,15508.75390625
2023-03-06 16:53:39,2023-03-06 16:53:43,4,15382.984375
2023-03-06 16:54:05,2023-03-06 16:54:10,5,18281.36171875
2023-03-06 16:54:32,2023-03-06 16:54:39,7,20461.77566964286
2023-03-06 16:54:58,2023-03-06 16:55:05,7,20528.90625
2023-03-06 16:55:24,2023-03-06 16:55:30,6,21439.060546875
2023-03-06 16:55:48,2023-03-06 16:55:55,7,20371.963727678572
2023-03-06 16:56:12,2023-03-06 16:56:18,6,19596.614583333332
2023-03-06 16:56:40,2023-03-06 16:56:47,7,20329.34375
2023-03-06 16:57:06,2023-03-06 16:57:13,7,20779.761160714286
2023-03-06 16:57:32,2023-03-06 16:57:39,7,20704.208147321428
2023-03-06 16:57:58,2023-03-06 16:58:05,7,20699.51395089286
2023-03-06 16:58:23,2023-03-06 16:58:30,7,20699.24609375
2023-03-06 16:58:50,2023-03-06 16:58:57,7,20181.475446428572
2023-03-06 16:59:16,2023-03-06 16:59:23,7,19555.671875
2023-03-06 16:59:45,2023-03-06 16:59:51,6,21343.904947916668
2023-03-06 17:00:10,2023-03-06 17:00:16,6,22191.281901041668
2023-03-06 17:00:42,2023-03-06 17:00:44,2,15435.119140625
2023-03-06 17:00:45,2023-03-06 17:00:47,2,15367.9921875
2023-03-06 17:01:09,2023-03-06 17:01:10,1,17429.24609375
2023-03-06 17:01:11,2023-03-06 17:01:14,3,14815.907552083334
2023-03-06 17:01:37,2023-03-06 17:01:43,6,15361.959635416666
2023-03-06 17:02:04,2023-03-06 17:02:05,1,16081.53125
2023-03-06 17:02:06,2023-03-06 17:02:10,4,17296.5869140625
2023-03-06 17:02:27,2023-03-06 17:02:28,1,16759.80078125
2023-03-06 17:02:29,2023-03-06 17:02:32,3,14924.029947916666
2023-03-06 17:02:52,2023-03-06 17:02:57,5,15082.4765625
2023-03-06 17:03:17,2023-03-06 17:03:22,5,14843.39921875
2023-03-06 17:03:43,2023-03-06 17:03:44,1,15156.89453125
2023-03-06 17:03:45,2023-03-06 17:03:47,2,15283.98046875
2023-03-06 17:04:07,2023-03-06 17:04:12,5,14700.1078125
2023-03-06 17:04:32,2023-03-06 17:04:37,5,14796.08203125
2023-03-06 17:04:59,2023-03-06 17:05:00,1,16702.35546875
2023-03-06 17:05:01,2023-03-06 17:05:04,3,14625.162760416666
2023-03-06 17:05:24,2023-03-06 17:05:29,5,14936.83671875
2023-03-06 17:05:51,2023-03-06 17:05:52,1,15349.30078125
2023-03-06 17:05:53,2023-03-06 17:05:57,4,15350.857421875
2023-03-06 17:06:15,2023-03-06 17:06:20,5,15247.734375
2023-03-06 17:06:41,2023-03-06 17:06:42,1,15092.8828125
2023-03-06 17:06:43,2023-03-06 17:06:45,2,15093.265625
2023-03-06 17:07:07,2023-03-06 17:07:13,6,15668.010416666666
2023-03-06 17:07:33,2023-03-06 17:07:39,6,15868.80078125
2023-03-06 17:07:59,2023-03-06 17:08:06,7,17962.078125
2023-03-06 17:08:25,2023-03-06 17:08:32,7,18377.0859375
2023-03-06 17:08:52,2023-03-06 17:08:58,6,20031.464192708332
2023-03-06 17:09:18,2023-03-06 17:09:25,7,19717.106584821428
2023-03-06 17:09:46,2023-03-06 17:09:53,7,20396.561383928572
2023-03-06 17:10:14,2023-03-06 17:10:21,7,19112.707589285714
2023-03-06 17:10:39,2023-03-06 17:10:46,7,20258.842633928572
2023-03-06 17:11:04,2023-03-06 17:11:10,6,21651.37890625
2023-03-06 17:11:29,2023-03-06 17:11:36,7,19723.918526785714
2023-03-06 17:11:56,2023-03-06 17:12:02,6,20851.805338541668
2023-03-06 17:12:23,2023-03-06 17:12:30,7,20318.89229910714
2023-03-06 17:12:50,2023-03-06 17:12:56,6,21505.168619791668
2023-03-06 17:13:14,2023-03-06 17:13:21,7,19622.005022321428
2023-03-06 17:13:40,2023-03-06 17:13:46,6,20826.020182291668
2023-03-09 19:00:36,2023-03-09 19:00:37,1,14512.640625
2023-03-09 19:05:25,2023-03-09 19:05:27,2,15506.69140625
2023-03-09 19:08:16,2023-03-09 19:08:17,1,16694.45703125
2023-03-09 19:09:39,2023-03-09 19:09:40,1,16224.80078125
2023-03-09 19:11:46,2023-03-09 19:11:47,1,15642.19140625
2023-03-09 19:14:04,2023-03-09 19:14:05,1,14184.2578125
2023-03-09 19:15:43,2023-03-09 19:15:44,1,15273.87890625
2023-03-09 19:23:37,2023-03-09 19:23:39,2,15139.435546875
2023-03-09 19:24:58,2023-03-09 19:25:01,3,15859.018229166666
2023-03-09 19:25:19,2023-03-09 19:25:24,5,17909.02734375
2023-03-09 19:25:39,2023-03-09 19:25:45,6,19656.885416666668
2023-03-09 19:26:01,2023-03-09 19:26:07,6,21844.258463541668
2023-03-09 19:26:23,2023-03-09 19:26:30,7,20570.468191964286
2023-03-09 19:26:45,2023-03-09 19:26:52,7,20869.09598214286
2023-03-09 19:27:07,2023-03-09 19:27:14,7,18736.055245535714
2023-03-09 19:27:37,2023-03-09 19:27:45,8,21352.6025390625
2023-03-09 19:27:59,2023-03-09 19:28:07,8,21137.73388671875
2023-03-09 19:28:21,2023-03-09 19:28:29,8,21243.9306640625
2023-03-09 19:28:43,2023-03-09 19:28:51,8,16958.787109375
2023-03-09 19:30:21,2023-03-09 19:30:22,1,14390.6875
2023-03-09 19:30:45,2023-03-09 19:30:50,5,16634.98125
2023-03-09 19:31:32,2023-03-09 19:31:34,2,14311.306640625
2023-03-09 19:32:51,2023-03-09 19:32:57,6,19364.9453125
2023-03-09 19:33:13,2023-03-09 19:33:19,6,18941.544270833332
2023-03-09 19:33:35,2023-03-09 19:33:41,6,18854.640625
2023-03-09 19:33:57,2023-03-09 19:34:02,5,18532.053125
2023-03-09 19:34:19,2023-03-09 19:34:24,5,18442.69921875
2023-03-09 19:34:41,2023-03-09 19:34:46,5,17162.51796875
2023-03-09 19:35:04,2023-03-09 19:35:07,3,16707.53515625
2023-03-09 19:35:26,2023-03-09 19:35:32,6,16775.164713541668
2023-03-09 19:36:15,2023-03-09 19:36:20,5,18352.60390625
2023-03-09 19:36:37,2023-03-09 19:36:41,4,17786.5166015625
2023-03-09 19:38:28,2023-03-09 19:38:33,5,17467.01328125
2023-03-09 19:39:18,2023-03-09 19:39:22,4,15141.6689453125
2023-03-09 19:39:39,2023-03-09 19:39:45,6,14351.052734375
2023-03-09 19:40:06,2023-03-09 19:40:07,1,14718.7421875
2023-03-09 19:40:08,2023-03-09 19:40:10,2,15096.349609375
2023-03-09 19:40:29,2023-03-09 19:40:36,7,17122.90234375
2023-03-09 19:40:52,2023-03-09 19:40:53,1,14879.6796875
2023-03-09 19:40:54,2023-03-09 19:41:01,7,18985.10770089286
2023-03-09 19:41:17,2023-03-09 19:41:25,8,17425.56640625
2023-03-09 19:41:45,2023-03-09 19:41:50,5,14936.2171875
2023-03-09 19:44:22,2023-03-09 19:44:28,6,18437.733072916668
2023-03-09 19:45:11,2023-03-09 19:45:20,9,16247.956163194445
2023-03-09 19:45:42,2023-03-09 19:45:47,5,16647.39921875
2023-03-09 19:46:34,2023-03-09 19:46:38,4,15397.4853515625
2023-03-09 19:48:23,2023-03-09 19:48:29,6,16534.688802083332
2023-03-09 19:48:47,2023-03-09 19:48:55,8,19796.3818359375
2023-03-09 19:49:11,2023-03-09 19:49:17,6,21165.608723958332
2023-03-09 19:49:35,2023-03-09 19:49:41,6,19791.430989583332
2023-03-09 19:49:57,2023-03-09 19:50:03,6,19969.714192708332
2023-03-09 19:50:20,2023-03-09 19:50:27,7,17846.90792410714
2023-03-09 19:50:54,2023-03-09 19:50:58,4,16219.736328125
2023-03-09 19:51:19,2023-03-09 19:51:24,5,19441.56953125
2023-03-09 19:51:41,2023-03-09 19:51:46,5,20046.234375
2023-03-09 19:52:03,2023-03-09 19:52:08,5,20160.33828125
2023-03-09 19:53:54,2023-03-09 19:54:01,7,19907.723772321428
2023-03-09 19:54:16,2023-03-09 19:54:23,7,20349.112165178572
2023-03-09 19:54:37,2023-03-09 19:54:45,8,21191.03564453125
2023-03-09 19:54:59,2023-03-09 19:55:07,8,20841.9130859375
2023-03-09 19:55:20,2023-03-09 19:55:28,8,18744.36083984375
2023-03-09 19:55:43,2023-03-09 19:55:49,6,18891.322916666668
2023-03-09 19:56:06,2023-03-09 19:56:10,4,17807.7998046875
2023-03-09 19:56:27,2023-03-09 19:56:34,7,18224.647879464286
2023-03-09 19:56:49,2023-03-09 19:56:55,6,17802.639973958332
2023-03-09 19:57:11,2023-03-09 19:57:17,6,17800.1796875
2023-03-09 19:57:34,2023-03-09 19:57:39,5,18854.06171875
2023-03-09 19:57:56,2023-03-09 19:58:01,5,17768.36171875
2023-03-09 19:58:18,2023-03-09 19:58:23,5,18256.56875
2023-03-09 19:58:40,2023-03-09 19:58:46,6,18918.205078125
2023-03-09 19:59:02,2023-03-09 19:59:08,6,18664.728515625
2023-03-09 19:59:24,2023-03-09 19:59:29,5,18482.66171875
2023-03-09 19:59:46,2023-03-09 19:59:50,4,17305.7177734375
2023-03-09 20:00:09,2023-03-09 20:00:12,3,16298.3671875
2023-03-09 20:01:47,2023-03-09 20:01:49,2,15113.9296875
2023-03-09 20:02:08,2023-03-09 20:02:10,2,17614.775390625
2023-03-09 20:02:29,2023-03-09 20:02:34,5,17417.44375
2023-03-09 20:02:52,2023-03-09 20:02:55,3,16089.087239583334
2023-03-09 20:03:15,2023-03-09 20:03:17,2,17438.0078125
2023-03-09 20:03:36,2023-03-09 20:03:39,3,16238.779947916666
2023-03-09 20:03:58,2023-03-09 20:04:02,4,17820.537109375
2023-03-09 20:04:20,2023-03-09 20:04:25,5,18255.7453125
2023-03-09 20:04:42,2023-03-09 20:04:47,5,18391.7671875
2023-03-09 20:05:04,2023-03-09 20:05:09,5,17678.4953125
2023-03-09 20:05:26,2023-03-09 20:05:31,5,18645.840625
2023-03-09 20:05:47,2023-03-09 20:05:53,6,19907.619140625
2023-03-09 20:06:09,2023-03-09 20:06:15,6,21923.248697916668
2023-03-09 20:06:29,2023-03-09 20:06:37,8,20460.89404296875
2023-03-09 20:06:51,2023-03-09 20:06:59,8,21042.82666015625
2023-03-09 20:07:12,2023-03-09 20:07:20,8,20438.85009765625
2023-03-09 20:07:33,2023-03-09 20:07:41,8,18811.8134765625
2023-03-09 20:07:56,2023-03-09 20:08:04,8,19232.41943359375
2023-03-09 20:08:19,2023-03-09 20:08:27,8,19747.21826171875
2023-03-09 20:08:41,2023-03-09 20:08:49,8,20024.7939453125
2023-03-09 20:09:03,2023-03-09 20:09:10,7,19652.74441964286
2023-03-09 20:09:26,2023-03-09 20:09:32,6,18541.564453125
2023-03-09 20:09:48,2023-03-09 20:09:54,6,18345.866536458332
2023-03-09 20:10:10,2023-03-09 20:10:15,5,18656.80546875
2023-03-09 20:10:32,2023-03-09 20:10:38,6,18179.781901041668
2023-03-09 20:10:54,2023-03-09 20:11:00,6,17857.51171875
2023-03-09 20:11:16,2023-03-09 20:11:22,6,19219.992838541668
2023-03-09 20:11:39,2023-03-09 20:11:43,4,18331.62109375
2023-03-09 20:12:00,2023-03-09 20:12:05,5,17526.01953125
2023-03-09 20:12:23,2023-03-09 20:12:26,3,17844.90625
2023-03-09 20:12:45,2023-03-09 20:12:47,2,15921.423828125
2023-03-09 20:13:47,2023-03-09 20:13:48,1,15247.48046875
2023-03-09 20:14:06,2023-03-09 20:14:10,4,17984.494140625
2023-03-09 20:14:27,2023-03-09 20:14:33,6,18078.960286458332
2023-03-09 20:14:51,2023-03-09 20:14:55,4,19237.56640625
2023-03-09 20:15:12,2023-03-09 20:15:17,5,18528.3140625
2023-03-09 20:15:34,2023-03-09 20:15:39,5,18711.15703125
2023-03-09 20:15:57,2023-03-09 20:16:02,5,18935.34140625
2023-03-09 20:16:19,2023-03-09 20:16:24,5,18701.63046875
2023-03-09 20:16:41,2023-03-09 20:16:46,5,20193.13515625
2023-03-09 20:17:03,2023-03-09 20:17:09,6,19962.570963541668
2023-03-09 20:17:25,2023-03-09 20:17:32,7,19654.617745535714
2023-03-09 20:17:50,2023-03-09 20:17:59,9,16805.997395833332
2023-03-09 20:18:34,2023-03-09 20:18:43,9,20775.799479166668
2023-03-09 20:19:00,2023-03-09 20:19:08,8,20445.45068359375
2023-03-09 20:19:23,2023-03-09 20:19:30,7,19059.188616071428
2023-03-09 20:19:46,2023-03-09 20:19:54,8,20406.1064453125
2023-03-09 20:20:26,2023-03-09 20:20:35,9,20413.592881944445
2023-03-09 20:20:49,2023-03-09 20:20:58,9,19917.583333333332
2023-03-09 20:21:12,2023-03-09 20:21:21,9,20601.03689236111
2023-03-09 20:21:34,2023-03-09 20:21:42,8,20139.650390625
2023-03-09 20:21:59,2023-03-09 20:22:05,6,16656.4609375
2023-03-09 20:22:24,2023-03-09 20:22:29,5,18576.7640625
2023-03-09 20:22:45,2023-03-09 20:22:50,5,17066.83203125
2023-03-09 20:23:11,2023-03-09 20:23:12,1,14789.32421875
2023-03-09 20:23:36,2023-03-09 20:23:37,1,14397.90625
2023-03-09 20:25:58,2023-03-09 20:26:05,7,17090.31808035714
2023-03-09 20:26:20,2023-03-09 20:26:28,8,21050.9638671875
2023-03-09 20:26:42,2023-03-09 20:26:50,8,20582.68505859375
2023-03-09 20:27:03,2023-03-09 20:27:10,7,18900.76729910714
2023-03-09 20:27:26,2023-03-09 20:27:31,5,17887.93203125
2023-03-09 20:27:48,2023-03-09 20:27:51,3,16022.083333333334
2023-03-09 20:28:12,2023-03-09 20:28:14,2,15215.900390625
2023-03-09 20:28:35,2023-03-09 20:28:36,1,13978.921875
2023-03-09 20:29:18,2023-03-09 20:29:21,3,15188.424479166666
2023-03-09 20:29:35,2023-03-09 20:29:36,1,13925.11328125
2023-03-09 20:29:43,2023-03-09 20:29:44,1,15024.78515625
2023-03-09 20:31:14,2023-03-09 20:31:20,6,17236.914713541668
2023-03-09 20:31:39,2023-03-09 20:31:40,1,13902.07421875
2023-03-09 20:31:57,2023-03-09 20:32:03,6,20316.297526041668
2023-03-09 20:32:17,2023-03-09 20:32:25,8,19973.205078125
2023-03-09 20:32:39,2023-03-09 20:32:47,8,21294.57470703125
2023-03-09 20:33:01,2023-03-09 20:33:09,8,21862.0908203125
2023-03-09 20:33:24,2023-03-09 20:33:32,8,21585.791015625
2023-03-09 20:33:48,2023-03-09 20:33:54,6,22270.569661458332
2023-03-09 20:41:44,2023-03-09 20:41:45,1,13899.4609375
2023-03-09 20:56:12,2023-03-09 20:56:13,1,14182.0390625
2023-03-09 20:57:21,2023-03-09 20:57:22,1,14115.54296875
2023-03-09 21:32:42,2023-03-09 21:32:43,1,14637.375
2023-03-09 21:32:51,2023-03-09 21:32:52,1,13897.32421875
2023-03-09 21:32:57,2023-03-09 21:33:00,3,14407.567708333334
2023-03-09 21:34:05,2023-03-09 21:34:09,4,15590.572265625
2023-03-09 21:34:10,2023-03-09 21:34:12,2,13984.533203125
2023-03-09 21:34:23,2023-03-09 21:34:25,2,14659.095703125
2023-03-09 21:34:29,2023-03-09 21:34:31,2,13992.416015625
2023-03-09 21:34:41,2023-03-09 21:34:56,15,15495.889583333334
2023-03-09 21:35:29,2023-03-09 21:35:30,1,16976.83203125
2023-03-09 21:35:52,2023-03-09 21:35:53,1,14408.50390625
2023-03-09 21:35:54,2023-03-09 21:35:55,1,14332.1328125
2023-03-09 21:35:57,2023-03-09 21:36:01,4,15349.8232421875
2023-03-09 21:36:03,2023-03-09 21:36:19,16,17132.6826171875
2023-03-09 21:36:24,2023-03-09 21:36:32,8,15111.62646484375
2023-03-09 21:36:33,2023-03-09 21:36:44,11,16292.182173295454
2023-03-09 21:36:48,2023-03-09 21:36:49,1,13864.16015625
2023-03-09 21:37:24,2023-03-09 21:37:25,1,14189.16796875
2023-03-09 21:37:53,2023-03-09 21:37:55,2,14281.00390625
2023-03-09 21:37:56,2023-03-09 21:38:02,6,15624.658854166666
2023-03-09 21:38:05,2023-03-09 21:38:09,4,16011.2998046875
2023-03-09 21:38:10,2023-03-09 21:38:18,8,16616.53125
2023-03-09 21:38:36,2023-03-09 21:38:44,8,15038.0322265625
2023-03-09 21:38:45,2023-03-09 21:38:46,1,14124.7421875
2023-03-09 21:38:49,2023-03-09 21:38:50,1,14546.65625
2023-03-09 21:38:51,2023-03-09 21:38:56,5,14746.9421875
2023-03-09 21:38:57,2023-03-09 21:39:04,7,14308.68638392857
2023-03-09 21:39:07,2023-03-09 21:39:14,7,14937.803013392857
2023-03-09 21:39:15,2023-03-09 21:39:16,1,13962.796875
2023-03-09 21:39:17,2023-03-09 21:39:20,3,13966.96875
2023-03-09 21:40:11,2023-03-09 21:40:12,1,14089.22265625
2023-03-09 21:40:14,2023-03-09 21:40:31,17,15793.59375
2023-03-09 21:40:32,2023-03-09 21:40:46,14,14931.68080357143
2023-03-09 21:41:49,2023-03-09 21:41:53,4,16726.298828125
2023-03-09 21:42:01,2023-03-09 21:42:02,1,14983.0390625
2023-03-09 21:42:20,2023-03-09 21:42:26,6,15604.88671875
2023-03-09 21:42:29,2023-03-09 21:42:31,2,15182.693359375
2023-03-09 21:42:34,2023-03-09 21:42:55,21,16199.35435267857
2023-03-09 21:44:19,2023-03-09 21:44:20,1,14106.04296875
2023-03-09 21:44:42,2023-03-09 21:44:43,1,14147.4921875
2023-03-09 21:44:44,2023-03-09 21:44:47,3,16879.90234375
2023-03-09 21:45:13,2023-03-09 21:45:20,7,15579.940848214286
2023-03-09 21:45:37,2023-03-09 21:45:38,1,15089.83984375
2023-03-09 21:45:39,2023-03-09 21:45:43,4,15343.9755859375
2023-03-09 21:45:44,2023-03-09 21:45:45,1,13903.6953125
2023-03-09 21:45:51,2023-03-09 21:45:53,2,14513.728515625
2023-03-09 21:46:32,2023-03-09 21:46:33,1,16251.859375
2023-03-09 21:47:05,2023-03-09 21:47:07,2,15255.390625
2023-03-14 17:04:12,2023-03-14 17:04:13,1,13940.3515625
2023-03-14 17:17:19,2023-03-14 17:17:24,5,16135.32109375
2023-03-14 17:17:26,2023-03-14 17:17:32,6,15261.88671875
2023-03-14 17:17:48,2023-03-14 17:17:50,2,17008.154296875
2023-03-14 17:18:26,2023-03-14 17:18:29,3,15356.149739583334
2023-03-14 17:18:55,2023-03-14 17:19:00,5,16628.24375
2023-03-14 17:19:01,2023-03-14 17:19:07,6,15394.354166666666
2023-03-14 17:19:21,2023-03-14 17:19:25,4,15981.8671875
2023-03-14 17:19:27,2023-03-14 17:19:31,4,15295.30859375
2023-03-14 17:19:47,2023-03-14 17:19:48,1,14110.69140625
2023-03-14 17:19:49,2023-03-14 17:19:55,6,15283.813151041666
2023-03-14 17:20:15,2023-03-14 17:20:18,3,15408.329427083334
2023-03-14 17:20:39,2023-03-14 17:20:42,3,15029.391927083334
2023-03-14 17:21:47,2023-03-14 17:21:57,10,16272.774609375
2023-03-14 17:22:11,2023-03-14 17:22:16,5,15874.67109375
2023-03-14 17:22:19,2023-03-14 17:22:20,1,14203.1328125
2023-03-14 17:22:40,2023-03-14 17:22:43,3,14341.641927083334
2023-03-14 17:24:06,2023-03-14 17:24:08,2,15012.423828125
2023-03-14 17:26:05,2023-03-14 17:26:06,1,16529.19140625
2023-03-14 17:26:08,2023-03-14 17:26:10,2,14185.869140625
2023-03-14 17:26:46,2023-03-14 17:26:49,3,16175.56640625
2023-03-14 17:26:55,2023-03-14 17:26:57,2,14150.431640625
2023-03-14 17:27:18,2023-03-14 17:27:19,1,15317.27734375
2023-03-14 17:27:21,2023-03-14 17:27:22,1,14506.53125
2023-03-14 17:30:42,2023-03-14 17:30:47,5,18624.67890625
2023-03-14 17:30:49,2023-03-14 17:30:50,1,14000.72265625
2023-03-14 17:30:56,2023-03-14 17:30:57,1,13907.05859375
2023-03-14 17:31:14,2023-03-14 17:31:16,2,16799.072265625
2023-03-14 17:32:50,2023-03-14 17:32:51,1,14350.52734375
2023-03-14 17:32:53,2023-03-14 17:32:54,1,14118.31640625
2023-03-14 17:33:29,2023-03-14 17:33:32,3,15706.91015625
2023-03-14 17:34:33,2023-03-14 17:34:40,7,16658.790178571428
2023-03-14 17:34:42,2023-03-14 17:34:43,1,14865.90625
2023-03-14 17:34:44,2023-03-14 17:34:45,1,13946.69140625
2023-03-14 17:35:00,2023-03-14 17:35:06,6,15775.725260416666
2023-03-14 17:35:07,2023-03-14 17:35:10,3,14799.157552083334
2023-03-14 17:35:11,2023-03-14 17:35:13,2,14164.2109375
2023-03-14 17:35:19,2023-03-14 17:35:36,17,21256.404411764706
2023-03-14 17:35:58,2023-03-14 17:35:59,1,13971.8515625
2023-03-14 17:36:00,2023-03-14 17:36:17,17,19031.514705882353
2023-03-14 17:36:18,2023-03-14 17:36:22,4,16970.517578125
2023-03-14 17:36:36,2023-03-14 17:36:38,2,13945.92578125
2023-03-14 17:36:40,2023-03-14 17:36:50,10,20875.83046875
2023-03-14 17:37:02,2023-03-14 17:37:03,1,14119.5703125
2023-03-14 17:37:07,2023-03-14 17:37:14,7,19686.18917410714
2023-03-14 17:37:29,2023-03-14 17:37:46,17,19075.469439338234
2023-03-14 17:37:58,2023-03-14 17:38:17,19,21159.279194078947
2023-03-14 17:38:30,2023-03-14 17:38:34,4,18087.9716796875
2023-03-14 17:38:37,2023-03-14 17:38:50,13,20528.055889423078
2023-03-14 17:39:03,2023-03-14 17:39:04,1,15146.2265625
2023-03-14 17:39:06,2023-03-14 17:39:10,4,16837.2958984375
2023-03-14 17:39:11,2023-03-14 17:39:18,7,16388.65792410714
2023-03-14 17:39:19,2023-03-14 17:39:26,7,20772.70870535714
2023-03-14 17:39:28,2023-03-14 17:39:30,2,15715.869140625
2023-03-14 17:39:31,2023-03-14 17:39:33,2,15083.14453125
2023-03-14 17:39:44,2023-03-14 17:40:03,19,18478.38199013158
2023-03-14 17:40:10,2023-03-14 17:40:16,6,18259.094401041668
2023-03-14 17:40:18,2023-03-14 17:40:19,1,14512.94140625
2023-03-14 17:40:20,2023-03-14 17:40:24,4,16128.36328125
2023-03-14 17:40:26,2023-03-14 17:40:32,6,19038.013020833332
2023-03-14 17:40:34,2023-03-14 17:40:43,9,18548.852430555555
2023-03-14 17:40:55,2023-03-14 17:41:11,16,23306.103271484375
2023-03-14 17:41:24,2023-03-14 17:41:42,18,23056.80642361111
2023-03-14 17:41:54,2023-03-14 17:42:12,18,20467.474609375
2023-03-14 17:42:15,2023-03-14 17:42:16,1,15679.70703125
2023-03-14 17:42:23,2023-03-14 17:42:45,22,19386.693714488636
2023-03-14 17:42:58,2023-03-14 17:43:14,16,22797.12158203125
2023-03-14 17:43:25,2023-03-14 17:43:45,20,21011.7087890625
2023-03-14 17:43:50,2023-03-14 17:43:55,5,19058.36171875
2023-03-14 17:44:00,2023-03-14 17:44:02,2,15357.697265625
2023-03-14 17:44:06,2023-03-14 17:44:20,14,22911.79268973214
2023-03-14 17:44:32,2023-03-14 17:44:51,19,21127.76048519737
2023-03-14 17:45:12,2023-03-14 17:45:29,17,18056.864659926472
2023-03-14 17:45:37,2023-03-14 17:46:06,29,18310.202720905174
2023-03-14 17:46:07,2023-03-14 17:46:09,2,17443.2109375
2023-03-14 17:46:16,2023-03-14 17:46:35,19,20621.056126644737
2023-03-14 17:46:46,2023-03-14 17:47:05,19,19853.686472039473
2023-03-14 17:47:10,2023-03-14 17:47:12,2,15176.951171875
2023-03-14 17:47:14,2023-03-14 17:47:15,1,14073.0078125
2023-03-14 17:47:16,2023-03-14 17:47:17,1,14756.4296875
2023-03-14 17:47:18,2023-03-14 17:47:38,20,20168.3890625
2023-03-14 17:47:50,2023-03-14 17:48:05,15,24164.619270833333
2023-03-14 17:48:18,2023-03-14 17:48:36,18,22190.479817708332
2023-03-14 17:48:50,2023-03-14 17:48:52,2,15929.41796875
2023-03-14 17:48:54,2023-03-14 17:49:06,12,19730.556640625
2023-03-14 17:49:11,2023-03-14 17:49:13,2,14500.552734375
2023-03-14 17:49:14,2023-03-14 17:49:43,29,18267.515759698275
2023-03-14 17:49:44,2023-03-14 17:49:47,3,16778.813802083332
2023-03-14 17:49:50,2023-03-14 17:49:52,2,14242.576171875
2023-03-14 17:49:54,2023-03-14 17:50:00,6,17501.522135416668
2023-03-14 17:50:01,2023-03-14 17:50:13,12,20054.952799479168
2023-03-14 17:50:21,2023-03-14 17:50:22,1,14588.79296875
2023-03-14 17:50:24,2023-03-14 17:50:44,20,19204.9314453125
2023-03-14 17:50:46,2023-03-14 17:50:51,5,16376.315625
2023-03-14 17:50:55,2023-03-14 17:51:14,19,19641.454152960527
2023-03-14 17:51:25,2023-03-14 17:51:43,18,20943.157335069445
2023-03-14 17:51:53,2023-03-14 17:52:09,16,22306.0078125
2023-03-14 17:52:19,2023-03-14 17:52:34,15,22767.065885416665
2023-03-14 17:52:45,2023-03-14 17:52:59,14,20065.07254464286
2023-03-14 17:53:08,2023-03-14 17:53:17,9,19389.230902777777
2023-03-14 17:53:18,2023-03-14 17:53:23,5,15419.3703125
2023-03-14 17:53:34,2023-03-14 17:53:49,15,20906.480208333334
2023-03-14 17:53:59,2023-03-14 17:54:20,21,20213.89415922619
2023-03-14 17:54:24,2023-03-14 17:54:39,15,19220.883854166666
2023-03-14 17:54:40,2023-03-14 17:54:52,12,15540.4443359375
2023-03-14 17:54:54,2023-03-14 17:54:55,1,14600.87109375
2023-03-14 17:55:01,2023-03-14 17:55:20,19,19598.18359375
2023-03-14 17:55:29,2023-03-14 17:55:47,18,20587.50954861111
2023-03-14 17:55:57,2023-03-14 17:56:14,17,19596.897748161766
2023-03-14 17:56:36,2023-03-14 17:56:47,11,24295.79474431818
2023-03-14 17:56:59,2023-03-14 17:57:04,5,15950.309375
2023-03-14 17:57:06,2023-03-14 17:57:20,14,20693.92215401786
2023-03-14 17:57:32,2023-03-14 17:57:48,16,22380.298583984375
2023-03-14 17:57:59,2023-03-14 17:58:12,13,20064.47986778846
2023-03-14 17:58:59,2023-03-14 17:59:01,2,14587.599609375
2023-03-14 17:59:15,2023-03-14 17:59:32,17,21790.626378676472
2023-03-14 17:59:43,2023-03-14 18:00:05,22,18119.469992897728
2023-03-14 18:00:22,2023-03-14 18:00:39,17,21637.05744485294
2023-03-14 18:00:48,2023-03-14 18:00:54,6,16572.967447916668
2023-03-14 18:00:55,2023-03-14 18:00:57,2,15554.41796875
2023-03-14 18:01:00,2023-03-14 18:01:09,9,17000.510850694445
2023-03-14 18:01:12,2023-03-14 18:01:13,1,16210.51953125
2023-03-14 18:01:19,2023-03-14 18:01:35,16,17786.81396484375
2023-03-14 18:01:40,2023-03-14 18:01:57,17,18542.627987132353
2023-03-14 18:01:59,2023-03-14 18:02:00,1,15363.30859375
2023-03-14 18:02:07,2023-03-14 18:02:20,13,23345.36268028846
2023-03-14 18:02:30,2023-03-14 18:02:49,19,20670.55119243421
2023-03-14 18:02:56,2023-03-14 18:02:58,2,15183.599609375
2023-03-14 18:03:03,2023-03-14 18:03:21,18,20837.66189236111
2023-03-14 18:03:30,2023-03-14 18:03:31,1,16184.15625
2023-03-14 18:03:34,2023-03-14 18:03:50,16,19999.386962890625
2023-03-14 18:04:02,2023-03-14 18:04:17,15,24788.871354166666
2023-03-14 18:04:28,2023-03-14 18:04:47,19,20159.40666118421
2023-03-14 18:04:53,2023-03-14 18:04:58,5,17039.85
2023-03-14 18:04:59,2023-03-14 18:05:07,8,19448.595703125
2023-03-14 18:05:12,2023-03-14 18:05:28,16,19314.20263671875
2023-03-14 18:05:32,2023-03-14 18:05:34,2,15236.064453125
2023-03-14 18:06:04,2023-03-14 18:06:05,1,13895.16796875
2023-03-14 18:06:07,2023-03-14 18:06:09,2,14402.26171875
2023-03-14 18:06:21,2023-03-14 18:06:22,1,14632.25
2023-03-14 18:06:25,2023-03-14 18:06:38,13,24962.37560096154
2023-03-14 18:06:50,2023-03-14 18:07:05,15,22632.635677083334
2023-03-14 18:07:14,2023-03-14 18:07:27,13,19265.256009615383
2023-03-14 18:07:28,2023-03-14 18:07:29,1,15741.6796875
2023-03-14 18:07:31,2023-03-14 18:07:35,4,15303.3349609375
2023-03-14 18:07:36,2023-03-14 18:07:50,14,19572.59207589286
2023-03-14 18:07:57,2023-03-14 18:07:58,1,14165.65234375
2023-03-14 18:08:00,2023-03-14 18:08:13,13,22810.803185096152
2023-03-14 18:08:24,2023-03-14 18:08:42,18,23117.545789930555
2023-03-14 18:08:51,2023-03-14 18:08:54,3,15970.7734375
2023-03-14 18:08:55,2023-03-14 18:09:07,12,21055.424479166668
2023-03-14 18:09:09,2023-03-14 18:09:16,7,17621.597098214286
2023-03-14 18:09:27,2023-03-14 18:09:43,16,18774.3330078125
2023-03-14 18:10:11,2023-03-14 18:10:24,13,18405.130408653848
2023-03-14 18:10:25,2023-03-14 18:10:26,1,14332.3671875
2023-03-14 18:10:40,2023-03-14 18:10:55,15,22795.4515625
2023-03-14 18:11:06,2023-03-14 18:11:28,22,20235.330965909092
2023-03-14 18:11:42,2023-03-14 18:12:01,19,21949.51295230263
2023-03-14 18:12:13,2023-03-14 18:12:14,1,14796.23046875
2023-03-14 18:12:18,2023-03-14 18:12:57,39,17001.813701923078
2023-03-14 18:13:00,2023-03-14 18:13:01,1,15338.56640625
2023-03-14 18:13:02,2023-03-14 18:13:16,14,18950.287946428572
2023-03-14 18:13:28,2023-03-14 18:13:50,22,21521.919034090908
2023-03-14 18:14:05,2023-03-14 18:14:23,18,25134.021484375
2023-03-14 18:14:34,2023-03-14 18:14:57,23,21906.587296195652
2023-03-14 18:15:02,2023-03-14 18:15:04,2,14340.541015625
2023-03-14 18:15:10,2023-03-14 18:15:34,24,20932.696940104168
2023-03-14 18:15:45,2023-03-14 18:15:46,1,14065.04296875
2023-03-14 18:15:47,2023-03-14 18:16:06,19,24151.279399671053
2023-03-14 18:16:17,2023-03-14 18:16:37,20,22450.712890625
2023-03-14 18:16:45,2023-03-14 18:17:05,20,16821.0296875
2023-03-14 18:17:10,2023-03-14 18:17:24,14,19118.305803571428
2023-03-14 18:17:36,2023-03-14 18:17:59,23,21867.859884510868
2023-03-14 18:18:07,2023-03-14 18:18:10,3,14368.341145833334
2023-03-14 18:18:15,2023-03-14 18:18:38,23,20050.364130434784
2023-03-14 18:18:55,2023-03-14 18:18:56,1,14798.6953125
2023-03-14 18:19:01,2023-03-14 18:19:12,11,19229.92400568182
2023-03-14 18:19:30,2023-03-14 18:19:36,6,16070.302734375
2023-03-14 18:19:56,2023-03-14 18:19:58,2,14570.498046875
2023-03-14 18:20:03,2023-03-14 18:20:06,3,14695.084635416666
2023-03-14 18:20:21,2023-03-14 18:20:22,1,16578.40234375
2023-03-14 18:20:23,2023-03-14 18:20:26,3,14170.365885416666
2023-03-14 18:20:55,2023-03-14 18:21:05,10,17707.330859375
2023-03-14 18:21:06,2023-03-14 18:21:08,2,14475.708984375
2023-03-14 18:21:24,2023-03-14 18:21:26,2,14971.197265625
2023-03-14 18:21:31,2023-03-14 18:21:34,3,15522.26953125
2023-03-14 18:21:44,2023-03-14 18:21:46,2,14945.359375
2023-03-14 18:21:47,2023-03-14 18:22:01,14,17396.124441964286
2023-03-14 18:22:18,2023-03-14 18:22:31,13,16498.06941105769
2023-03-14 18:22:33,2023-03-14 18:22:35,2,14554.03515625
2023-03-14 18:22:52,2023-03-14 18:22:58,6,20588.7265625
2023-03-14 18:23:39,2023-03-14 18:23:50,11,17955.301136363636
2023-03-14 18:23:52,2023-03-14 18:23:57,5,15402.96171875
2023-03-14 18:24:12,2023-03-14 18:24:23,11,20002.14275568182
2023-03-14 18:24:37,2023-03-14 18:24:44,7,15604.129464285714
2023-03-14 18:25:07,2023-03-14 18:25:20,13,20461.66736778846
2023-03-14 18:25:44,2023-03-14 18:25:45,1,14809.0390625
2023-03-14 18:25:51,2023-03-14 18:26:03,12,17297.4423828125
2023-03-14 18:26:09,2023-03-14 18:26:11,2,14697.91796875
2023-03-14 18:26:15,2023-03-14 18:26:17,2,14689.98046875
2023-03-14 18:26:19,2023-03-14 18:26:20,1,13924.37109375
2023-03-14 18:26:28,2023-03-14 18:26:42,14,19636.34347098214
2023-03-14 18:26:52,2023-03-14 18:26:53,1,17488.92578125
2023-03-14 18:26:55,2023-03-14 18:27:09,14,23282.696149553572
2023-03-14 18:27:20,2023-03-14 18:27:25,5,19657.12265625
2023-03-14 18:27:32,2023-03-14 18:27:33,1,14091.265625
2023-03-14 18:27:43,2023-03-14 18:28:00,17,18381.96760110294
2023-03-14 18:28:06,2023-03-14 18:28:07,1,15847.26171875
2023-03-14 18:28:09,2023-03-14 18:28:12,3,14031.588541666666
2023-03-14 18:28:13,2023-03-14 18:28:19,6,16547.734375
2023-03-14 18:28:23,2023-03-14 18:28:34,11,19110.87713068182
2023-03-14 18:28:43,2023-03-14 18:28:46,3,15177.204427083334
2023-03-14 18:28:47,2023-03-14 18:28:53,6,19746.401041666668
2023-03-14 18:28:58,2023-03-14 18:29:00,2,14060.580078125
2023-03-14 18:30:11,2023-03-14 18:30:17,6,18320.278645833332
2023-03-14 18:30:22,2023-03-14 18:30:23,1,14021.5
2023-03-14 18:30:32,2023-03-14 18:30:50,18,21209.213324652777
2023-03-14 18:30:57,2023-03-14 18:31:04,7,18603.953125
2023-03-14 18:31:07,2023-03-14 18:31:09,2,14046.16015625
2023-03-14 18:31:14,2023-03-14 18:31:18,4,17322.8974609375
2023-03-14 18:31:21,2023-03-14 18:31:29,8,22950.7578125
2023-03-14 18:31:44,2023-03-14 18:31:55,11,19386.435014204544
2023-03-14 18:32:03,2023-03-14 18:32:20,17,19483.018612132353
2023-03-14 18:32:29,2023-03-14 18:32:44,15,22855.330208333333
2023-03-14 18:32:54,2023-03-14 18:33:12,18,22320.20334201389
2023-03-14 18:33:18,2023-03-14 18:33:22,4,15669.189453125
2023-03-14 18:33:23,2023-03-14 18:33:38,15,20914.724739583333
2023-03-14 18:33:39,2023-03-14 18:33:41,2,16323.4765625
2023-03-14 18:33:49,2023-03-14 18:34:10,21,19786.22433035714
2023-03-14 18:34:25,2023-03-14 18:34:38,13,20017.45372596154
2023-03-14 18:35:05,2023-03-14 18:35:09,4,15063.3154296875
2023-03-14 18:35:13,2023-03-14 18:35:18,5,14826.55234375
2023-03-14 18:35:20,2023-03-14 18:35:34,14,17870.55831473214
2023-03-14 18:35:42,2023-03-14 18:35:56,14,22423.510881696428
2023-03-14 18:36:07,2023-03-14 18:36:22,15,24164.705989583334
2023-03-14 18:36:31,2023-03-14 18:36:52,21,19958.843563988095
2023-03-14 18:37:02,2023-03-14 18:37:04,2,16213.740234375
2023-03-14 18:37:05,2023-03-14 18:37:21,16,22358.844970703125
2023-03-14 18:37:32,2023-03-14 18:37:33,1,17508.55859375
2023-03-14 18:37:36,2023-03-14 18:37:49,13,25460.20612980769
2023-03-14 18:38:00,2023-03-14 18:38:17,17,20775.955193014706
2023-03-14 18:38:27,2023-03-14 18:38:42,15,19490.2546875
2023-03-14 18:38:46,2023-03-14 18:38:48,2,14967.861328125
2023-03-14 18:38:50,2023-03-14 18:38:58,8,17876.5908203125
2023-03-14 18:39:00,2023-03-14 18:39:06,6,15640.307291666666
2023-03-14 18:39:14,2023-03-14 18:39:27,13,20619.173978365383
2023-03-14 18:39:34,2023-03-14 18:39:35,1,14586.875
2023-03-14 18:39:39,2023-03-14 18:39:53,14,20422.518973214286
2023-03-14 18:39:56,2023-03-14 18:39:59,3,14794.00390625
2023-03-14 18:40:04,2023-03-14 18:40:05,1,14121.47265625
2023-03-14 18:40:06,2023-03-14 18:40:09,3,16219.591145833334
2023-03-14 18:40:11,2023-03-14 18:40:32,21,18788.359375
2023-03-14 18:40:44,2023-03-14 18:41:01,17,21202.036534926472
2023-03-14 18:41:14,2023-03-14 18:41:29,15,23321.6296875
2023-03-14 18:41:40,2023-03-14 18:41:57,17,21112.599724264706
2023-03-14 18:42:08,2023-03-14 18:42:09,1,14628.29296875
2023-03-14 18:42:10,2023-03-14 18:42:25,15,17116.30546875
2023-03-14 18:42:27,2023-03-14 18:42:38,11,16844.167258522728
2023-03-14 18:42:39,2023-03-14 18:42:42,3,15040.259114583334
2023-03-14 18:42:45,2023-03-14 18:42:46,1,14145.0703125
2023-03-14 18:42:50,2023-03-14 18:43:08,18,18814.21506076389
2023-03-14 18:43:16,2023-03-14 18:43:37,21,19066.908110119046
2023-03-14 18:43:39,2023-03-14 18:43:46,7,17568.90401785714
2023-03-14 18:43:48,2023-03-14 18:43:51,3,14774.26953125
2023-03-14 18:43:52,2023-03-14 18:44:08,16,20047.3173828125
2023-03-14 18:44:13,2023-03-14 18:44:14,1,14087.0625
2023-03-14 18:44:19,2023-03-14 18:44:36,17,22132.42072610294
2023-03-14 18:44:47,2023-03-14 18:45:01,14,24855.146484375
2023-03-14 18:45:11,2023-03-14 18:45:26,15,22565.777604166666
2023-03-14 18:45:36,2023-03-14 18:45:54,18,18707.153211805555
2023-03-14 18:45:58,2023-03-14 18:46:09,11,19421.80078125
2023-03-14 18:46:11,2023-03-14 18:46:12,1,15376.15234375
2023-03-14 18:46:15,2023-03-14 18:46:18,3,15525.125
2023-03-14 18:46:20,2023-03-14 18:46:35,15,18662.509895833333
2023-03-14 18:46:41,2023-03-14 18:46:55,14,19272.377790178572
2023-03-14 18:46:57,2023-03-14 18:47:00,3,15641.411458333334
2023-03-14 18:47:02,2023-03-14 18:47:04,2,15043.423828125
2023-03-14 18:47:05,2023-03-14 18:47:11,6,21120.630859375
2023-03-14 18:47:14,2023-03-14 18:47:17,3,15959.891927083334
2023-03-14 18:47:20,2023-03-14 18:47:25,5,16622.69296875
2023-03-14 18:47:27,2023-03-14 18:47:36,9,23305.139322916668
2023-03-14 18:47:47,2023-03-14 18:48:04,17,22226.097426470587
2023-03-14 18:48:15,2023-03-14 18:48:29,14,24752.92354910714
2023-03-14 18:48:39,2023-03-14 18:48:55,16,21607.72412109375
2023-03-14 18:49:02,2023-03-14 18:49:21,19,18903.171669407893
2023-03-14 18:49:24,2023-03-14 18:49:37,13,17315.790264423078
2023-03-14 18:49:41,2023-03-14 18:49:53,12,19200.418619791668
2023-03-14 18:49:54,2023-03-14 18:49:58,4,16050.787109375
2023-03-14 18:50:01,2023-03-14 18:50:04,3,15475.42578125
2023-03-14 18:50:06,2023-03-14 18:50:20,14,20256.385881696428
2023-03-14 18:50:27,2023-03-14 18:50:44,17,18354.387408088234
2023-03-14 18:50:48,2023-03-14 18:50:49,1,13884.2265625
2023-03-14 18:50:54,2023-03-14 18:51:07,13,23331.709435096152
2023-03-14 18:51:17,2023-03-14 18:51:32,15,22354.625
2023-03-14 18:51:40,2023-03-14 18:51:58,18,20301.50998263889
2023-03-14 18:52:04,2023-03-14 18:52:30,26,18261.499849759617
2023-03-14 18:52:34,2023-03-14 18:52:37,3,16623.555989583332
2023-03-14 18:52:38,2023-03-14 18:52:59,21,18169.72302827381
2023-03-14 18:53:06,2023-03-14 18:53:21,15,21390.34140625
2023-03-14 18:53:32,2023-03-14 18:53:46,14,22564.840401785714
2023-03-14 18:53:56,2023-03-14 18:54:11,15,20820.005208333332
2023-03-14 18:54:13,2023-03-14 18:54:14,1,14855.1953125
2023-03-14 18:54:18,2023-03-14 18:54:31,13,19919.81971153846
2023-03-14 18:54:32,2023-03-14 18:54:34,2,15075.357421875
2023-03-14 18:54:41,2023-03-14 18:54:55,14,19364.044921875
2023-03-14 18:56:28,2023-03-14 18:56:29,1,14155.1015625
2023-03-14 18:56:36,2023-03-14 18:56:39,3,14434.424479166666
2023-03-14 18:56:48,2023-03-14 18:56:54,6,15087.709635416666
2023-03-14 18:58:39,2023-03-14 18:58:40,1,13930.01953125
2023-03-14 18:58:42,2023-03-14 18:58:46,4,14414.2177734375
2023-03-14 18:58:48,2023-03-14 18:58:54,6,16185.072916666666
2023-03-14 18:58:58,2023-03-14 18:59:01,3,16557.6875
2023-03-14 18:59:03,2023-03-14 18:59:04,1,14458.25
2023-03-14 18:59:13,2023-03-14 18:59:25,12,20351.0078125
2023-03-14 18:59:26,2023-03-14 18:59:28,2,14346.14453125
2023-03-14 18:59:32,2023-03-14 18:59:33,1,14148.98828125
2023-03-14 18:59:34,2023-03-14 18:59:46,12,19678.427734375
2023-03-14 18:59:52,2023-03-14 18:59:54,2,15359.6328125
2023-03-14 18:59:58,2023-03-14 19:00:09,11,20981.138139204544
2023-03-14 19:00:20,2023-03-14 19:00:37,17,21375.380974264706
2023-03-14 19:00:43,2023-03-14 19:01:00,17,17579.950597426472
2023-03-14 19:01:01,2023-03-14 19:01:03,2,15051.95703125
2023-03-14 19:01:05,2023-03-14 19:01:19,14,20739.22488839286
2023-03-14 19:01:20,2023-03-14 19:01:21,1,14699.6484375
2023-03-14 19:01:23,2023-03-14 19:01:25,2,14303.666015625
2023-03-14 19:01:31,2023-03-14 19:01:48,17,21468.861443014706
2023-03-14 19:01:56,2023-03-14 19:02:20,24,18462.92529296875
2023-03-14 19:02:21,2023-03-14 19:02:22,1,14242.83984375
2023-03-14 19:02:27,2023-03-14 19:02:28,1,16140.7578125
2023-03-14 19:02:30,2023-03-14 19:02:50,20,20988.6947265625
2023-03-14 19:03:05,2023-03-14 19:03:17,12,21582.230794270832
2023-03-14 19:03:18,2023-03-14 19:03:19,1,15366.49609375
2023-03-14 19:03:28,2023-03-14 19:03:48,20,19692.66953125
2023-03-14 19:03:51,2023-03-14 19:03:58,7,18238.015066964286
2023-03-14 19:04:00,2023-03-14 19:04:02,2,15348.671875
2023-03-14 19:04:07,2023-03-14 19:04:23,16,21531.8798828125
2023-03-14 19:04:35,2023-03-14 19:04:49,14,27137.972098214286
2023-03-14 19:05:00,2023-03-14 19:05:17,17,24701.601102941175
2023-03-14 19:05:28,2023-03-14 19:05:49,21,20444.988095238095
2023-03-14 19:06:02,2023-03-14 19:06:20,18,20686.83376736111
2023-03-14 19:06:32,2023-03-14 19:06:53,21,17680.41871279762
2023-03-14 19:06:57,2023-03-14 19:07:05,8,16781.0791015625
2023-03-14 19:07:07,2023-03-14 19:07:09,2,14920.876953125
2023-03-14 19:07:15,2023-03-14 19:07:32,17,20138.798943014706
2023-03-14 19:07:43,2023-03-14 19:07:58,15,24729.0828125
2023-03-14 19:08:10,2023-03-14 19:08:29,19,21429.906455592107
2023-03-14 19:08:39,2023-03-14 19:08:46,7,18229.0234375
2023-03-14 19:08:47,2023-03-14 19:09:00,13,20624.28034855769
2023-03-14 19:09:06,2023-03-14 19:09:07,1,14511.47265625
2023-03-14 19:09:12,2023-03-14 19:09:29,17,22231.152113970587
2023-03-14 19:09:41,2023-03-14 19:09:58,17,21657.387408088234
2023-03-14 19:10:04,2023-03-14 19:10:16,12,18726.864908854168
2023-03-14 19:10:17,2023-03-14 19:10:38,21,17494.301897321428
2023-03-14 19:10:48,2023-03-14 19:10:57,9,20603.83810763889
2023-03-14 19:11:15,2023-03-14 19:11:28,13,20478.014423076922
2023-03-14 19:11:43,2023-03-14 19:11:57,14,20789.452008928572
2023-03-14 19:12:12,2023-03-14 19:12:27,15,18523.014583333334
2023-03-14 19:12:42,2023-03-14 19:12:51,9,17844.383246527777
2023-03-14 19:12:54,2023-03-14 19:12:57,3,14773.678385416666
2023-03-14 19:13:12,2023-03-14 19:13:14,2,16771.810546875
2023-03-14 19:13:18,2023-03-14 19:13:28,10,16686.834375
2023-03-14 19:13:48,2023-03-14 19:13:58,10,20240.910546875
2023-03-14 19:14:16,2023-03-14 19:14:27,11,21397.203480113636
2023-03-14 19:14:43,2023-03-14 19:14:59,16,19705.722900390625
2023-03-14 19:15:12,2023-03-14 19:15:13,1,14561.40234375
2023-03-14 19:15:14,2023-03-14 19:15:28,14,18811.88895089286
2023-03-14 19:15:45,2023-03-14 19:15:48,3,16394.49609375
2023-03-14 19:17:24,2023-03-14 19:17:33,9,16775.654947916668
2023-03-14 19:17:54,2023-03-14 19:18:02,8,15972.3291015625
2023-03-14 19:18:26,2023-03-14 19:18:31,5,14457.9140625
2023-03-14 19:18:32,2023-03-14 19:18:33,1,13891.65625
2023-03-14 19:24:26,2023-03-14 19:24:27,1,14477.890625
2023-03-14 19:24:55,2023-03-14 19:25:02,7,17100.856026785714
2023-03-14 19:26:19,2023-03-14 19:26:28,9,15472.686631944445
2023-03-14 19:26:49,2023-03-14 19:26:58,9,15195.838541666666
2023-03-14 19:27:22,2023-03-14 19:27:30,8,16378.3525390625
2023-03-14 19:27:51,2023-03-14 19:27:59,8,15736.8447265625
2023-03-14 19:29:39,2023-03-14 19:29:45,6,16830.619140625
2023-03-14 19:30:12,2023-03-14 19:30:20,8,14916.45166015625
2023-03-14 19:30:44,2023-03-14 19:30:53,9,16065.419270833334
2023-03-14 19:31:14,2023-03-14 19:31:22,8,15692.234375
2023-03-14 19:31:43,2023-03-14 19:31:51,8,16105.3955078125
2023-03-14 19:32:13,2023-03-14 19:32:21,8,16642.2939453125
2023-03-14 19:32:45,2023-03-14 19:32:46,1,14880.2578125
2023-03-14 19:34:12,2023-03-14 19:34:13,1,15085.3203125
2023-03-14 19:34:37,2023-03-14 19:34:45,8,16804.15576171875
2023-03-14 19:35:09,2023-03-14 19:35:16,7,14887.94029017857
2023-03-14 19:39:18,2023-03-14 19:39:19,1,14701.53125
2023-03-14 19:39:47,2023-03-14 19:39:48,1,14480.30078125
2023-03-14 19:40:17,2023-03-14 19:40:18,1,14495.89453125
2023-03-14 19:45:34,2023-03-14 19:45:35,1,16630.86328125
2023-03-14 19:46:04,2023-03-14 19:46:06,2,14571.177734375
2023-03-14 19:46:32,2023-03-14 19:46:34,2,15472.91796875
2023-03-14 19:47:01,2023-03-14 19:47:03,2,14160.40234375
2023-03-14 19:47:31,2023-03-14 19:47:33,2,14187.439453125
2023-03-14 19:50:03,2023-03-14 19:50:04,1,15340.46875
2023-03-14 19:50:31,2023-03-14 19:50:33,2,14394.228515625
2023-03-14 19:50:35,2023-03-14 19:50:37,2,14464.380859375
2023-03-14 19:51:01,2023-03-14 19:51:02,1,14614.1171875
2023-03-14 19:51:05,2023-03-14 19:51:08,3,15604.348958333334
2023-03-14 19:51:30,2023-03-14 19:51:31,1,14812.81640625
2023-03-14 19:52:46,2023-03-14 19:52:48,2,14830.775390625
2023-03-14 19:52:51,2023-03-14 19:52:54,3,15790.307291666666
2023-03-14 19:53:18,2023-03-14 19:53:20,2,14277.59765625
2023-03-14 19:53:21,2023-03-14 19:53:22,1,14596.46484375
2023-03-14 19:53:48,2023-03-14 19:53:49,1,14805.97265625
2023-03-14 19:54:19,2023-03-14 19:54:21,2,14134.37890625
2023-03-14 19:54:46,2023-03-14 19:54:48,2,14356.158203125
2023-03-14 19:55:15,2023-03-14 19:55:16,1,15125.51953125
2023-03-14 19:55:19,2023-03-14 19:55:21,2,15832.1484375
2023-03-14 19:55:52,2023-03-14 19:55:53,1,14176.23828125
2023-03-14 19:56:23,2023-03-14 19:56:25,2,14474.037109375
2023-03-14 19:56:29,2023-03-14 19:56:30,1,16311.9296875
2023-03-15 04:27:25,2023-03-15 04:28:43,78,15621.14337940705
2023-03-18 12:36:18,2023-03-18 12:38:03,105,25061.388988095237
2023-03-18 12:38:04,2023-03-18 12:38:06,2,14465.775390625
2023-03-18 12:38:07,2023-03-18 12:38:11,4,15442.1298828125
2023-03-18 12:39:31,2023-03-18 12:39:32,1,14484.078125
2023-03-18 12:39:52,2023-03-18 12:39:53,1,14484.0
2023-03-18 12:39:54,2023-03-18 12:39:59,5,15418.8859375
2023-03-18 12:40:33,2023-03-18 12:40:38,5,15502.37421875
2023-03-18 12:40:39,2023-03-18 12:42:25,106,19903.589143573114
2023-03-18 12:42:26,2023-03-18 12:43:10,44,16326.973810369318
2023-03-18 12:43:14,2023-03-18 12:43:15,1,14512.19921875
2023-03-18 12:43:16,2023-03-18 12:43:18,2,15305.013671875
2023-03-18 12:43:22,2023-03-18 12:43:24,2,14305.015625
2023-03-18 12:43:45,2023-03-18 12:43:48,3,16060.936197916666
2023-03-18 12:43:57,2023-03-18 12:43:59,2,14395.474609375
2023-03-18 12:44:06,2023-03-18 12:44:07,1,14267.453125
2023-03-18 12:44:08,2023-03-18 12:44:11,3,15284.161458333334
2023-03-18 12:44:13,2023-03-18 12:44:17,4,15343.89453125
2023-03-18 12:44:21,2023-03-18 12:44:24,3,16349.552083333334
2023-03-18 12:44:26,2023-03-18 12:44:32,6,15090.303385416666
2023-03-18 12:44:33,2023-03-18 12:44:42,9,14782.41015625
2023-03-18 12:44:45,2023-03-18 12:45:44,59,19999.284295550846
2023-03-18 12:45:47,2023-03-18 12:45:48,1,15373.52734375
2023-03-18 12:46:51,2023-03-18 12:48:24,93,18621.427503360213
2023-03-18 12:48:26,2023-03-18 12:48:44,18,17660.903211805555
2023-03-18 12:48:53,2023-03-18 12:48:55,2,15649.3046875
2023-03-18 12:49:06,2023-03-18 12:49:39,33,16869.765151515152
2023-03-18 12:49:42,2023-03-18 12:49:47,5,15346.26484375
2023-03-18 12:49:48,2023-03-18 12:49:50,2,15083.3515625
2023-03-18 12:49:51,2023-03-18 12:49:52,1,13867.796875
2023-03-18 12:49:57,2023-03-18 12:50:05,8,14909.59326171875
2023-03-18 12:50:20,2023-03-18 12:50:35,15,15601.179427083332
2023-03-18 12:50:39,2023-03-18 12:51:18,39,17539.32622195513
2023-03-18 12:51:24,2023-03-18 12:51:26,2,14373.01953125
2023-03-18 12:51:28,2023-03-18 12:51:32,4,15030.4765625
2023-03-18 12:51:56,2023-03-18 12:52:00,4,14721.2607421875
2023-03-18 12:52:01,2023-03-18 12:53:10,69,20481.817878170288
2023-03-18 12:53:12,2023-03-18 12:53:13,1,14483.53125
2023-03-18 12:53:29,2023-03-18 12:53:30,1,14303.23828125
2023-03-18 12:53:31,2023-03-18 12:53:33,2,14077.73828125
2023-03-18 12:53:35,2023-03-18 12:53:37,2,14269.009765625
2023-03-18 12:53:38,2023-03-18 12:54:03,25,16773.28671875
2023-03-18 12:54:04,2023-03-18 12:54:28,24,17318.236165364582
2023-03-18 12:54:31,2023-03-18 12:54:32,1,14079.01171875
2023-03-18 12:55:18,2023-03-18 12:55:21,3,15041.506510416666
2023-03-18 12:55:25,2023-03-18 12:55:28,3,14053.333333333334
2023-03-18 12:55:31,2023-03-18 12:55:32,1,14012.29296875
2023-03-21 15:18:51,2023-03-21 15:29:12,621,35276.60614180757
2023-03-21 21:36:02,2023-03-21 21:46:33,631,33377.66790065372
2023-03-22 09:57:16,2023-03-22 10:07:31,615,33732.204649390245
2023-03-23 00:36:09,2023-03-23 00:38:04,115,37015.44018342391
2023-03-23 00:38:49,2023-03-23 00:38:51,2,16508.36328125
2023-03-23 00:38:54,2023-03-23 00:47:04,490,33982.46416613521
2023-03-23 08:56:01,2023-03-23 09:06:01,600,34829.915963541665
2023-03-23 09:08:15,2023-03-23 09:17:27,552,26445.13229591259
2023-03-23 23:13:04,2023-03-23 23:13:05,1,14827.31640625
2023-03-23 23:14:35,2023-03-23 23:14:36,1,16275.640625
2023-03-23 23:17:39,2023-03-23 23:17:41,2,14227.255859375
2023-03-23 23:19:11,2023-03-23 23:19:13,2,15475.884765625
2023-03-23 23:20:44,2023-03-23 23:20:45,1,15063.5625
2023-03-23 23:22:15,2023-03-23 23:22:17,2,15485.349609375
2023-03-23 23:23:48,2023-03-23 23:23:49,1,16528.26953125
2023-03-23 23:25:19,2023-03-23 23:25:20,1,14270.375
2023-03-23 23:26:50,2023-03-23 23:26:52,2,15007.3359375
2023-03-23 23:28:22,2023-03-23 23:28:23,1,16234.30078125
2023-03-23 23:29:53,2023-03-23 23:29:54,1,16069.7734375
2023-03-23 23:31:25,2023-03-23 23:31:26,1,14407.5546875
2023-03-23 23:32:56,2023-03-23 23:32:57,1,14305.40625
2023-03-23 23:34:27,2023-03-23 23:34:28,1,14665.65234375
2023-03-23 23:39:05,2023-03-23 23:39:06,1,16037.20703125
2023-03-23 23:40:36,2023-03-23 23:40:37,1,14915.69140625
2023-03-23 23:42:07,2023-03-23 23:42:08,1,13969.65625
2023-03-23 23:45:10,2023-03-23 23:45:11,1,14758.85546875
2023-03-23 23:51:59,2023-03-23 23:52:00,1,13948.55859375
2023-03-23 23:56:00,2023-03-23 23:56:01,1,14262.19140625
2023-03-23 23:57:19,2023-03-23 23:57:21,2,14463.087890625
2023-03-23 23:57:22,2023-03-23 23:57:28,6,14710.40625
2023-03-24 00:01:41,2023-03-24 00:01:42,1,14329.1484375
2023-03-24 00:03:14,2023-03-24 00:03:15,1,16354.2890625
2023-03-24 00:04:46,2023-03-24 00:04:47,1,15695.57421875
2023-03-24 00:06:19,2023-03-24 00:06:20,1,15639.9609375
2023-03-24 00:07:51,2023-03-24 00:07:52,1,14171.75
2023-03-24 00:09:25,2023-03-24 00:09:26,1,16762.2421875
2023-03-24 00:10:57,2023-03-24 00:10:58,1,14010.61328125
2023-03-24 00:12:28,2023-03-24 00:12:29,1,14728.234375
2023-03-24 00:14:01,2023-03-24 00:14:02,1,16349.52734375
2023-03-24 00:15:35,2023-03-24 00:15:36,1,14369.3671875
2023-03-24 00:17:07,2023-03-24 00:17:08,1,14089.828125
2023-03-24 00:18:38,2023-03-24 00:18:39,1,16026.4453125
2023-03-24 00:20:10,2023-03-24 00:20:11,1,14044.55859375
2023-03-24 00:21:41,2023-03-24 00:21:43,2,14860.84765625
2023-03-24 00:23:15,2023-03-24 00:23:16,1,15478.29296875
2023-03-24 00:24:48,2023-03-24 00:24:49,1,16143.5859375
2023-03-24 00:26:20,2023-03-24 00:26:21,1,15490.01953125
2023-03-24 00:27:53,2023-03-24 00:27:54,1,16106.4453125
2023-03-24 00:29:24,2023-03-24 00:29:26,2,14946.552734375
2023-03-24 00:30:58,2023-03-24 00:30:59,1,13869.26953125
2023-03-24 00:35:37,2023-03-24 00:35:39,2,14751.91796875
2023-03-24 00:37:11,2023-03-24 00:37:12,1,16504.7578125
2023-03-24 00:40:19,2023-03-24 00:40:20,1,16469.2109375
2023-03-24 00:41:51,2023-03-24 00:41:52,1,15501.515625
2023-03-24 00:43:23,2023-03-24 00:43:24,1,15884.46484375
2023-03-24 00:44:55,2023-03-24 00:44:56,1,13954.95703125
2023-03-24 00:46:27,2023-03-24 00:46:28,1,16518.47265625
2023-03-24 00:47:59,2023-03-24 00:48:00,1,16313.046875
2023-03-24 00:49:31,2023-03-24 00:49:33,2,15028.806640625
2023-03-24 00:51:04,2023-03-24 00:51:05,1,14461.68359375
2023-03-24 00:52:35,2023-03-24 00:52:36,1,16593.34375
2023-03-24 00:54:07,2023-03-24 00:54:08,1,14888.984375
2023-03-24 00:58:05,2023-03-24 00:58:06,1,15066.40234375
2023-03-24 01:02:51,2023-03-24 01:02:58,7,15569.606026785714
2023-03-24 01:04:12,2023-03-24 01:04:13,1,15143.62109375
2023-03-24 01:05:45,2023-03-24 01:05:46,1,15414.375
2023-03-24 01:07:18,2023-03-24 01:07:19,1,15437.0625
2023-03-24 01:08:50,2023-03-24 01:08:52,2,14955.185546875
2023-03-24 01:10:24,2023-03-24 01:10:26,2,14483.013671875
2023-03-24 01:11:57,2023-03-24 01:11:58,1,16269.12109375
2023-03-24 01:13:30,2023-03-24 01:13:31,1,15833.65234375
2023-03-24 01:15:02,2023-03-24 01:15:03,1,15614.33984375
2023-03-24 01:16:34,2023-03-24 01:16:35,1,15765.0625
2023-03-24 01:18:06,2023-03-24 01:18:07,1,14651.484375
2023-03-24 01:19:37,2023-03-24 01:19:39,2,14836.748046875
2023-03-24 01:21:10,2023-03-24 01:21:11,1,15773.03125
2023-03-24 01:22:42,2023-03-24 01:22:44,2,14704.556640625
2023-03-24 01:24:15,2023-03-24 01:24:16,1,16710.734375
2023-03-24 01:25:47,2023-03-24 01:25:49,2,15028.8828125
2023-03-24 01:27:18,2023-03-24 01:27:20,2,15240.0546875
2023-03-24 01:30:24,2023-03-24 01:30:25,1,14098.55859375
2023-03-24 01:31:56,2023-03-24 01:31:57,1,16200.0625
2023-03-24 01:33:29,2023-03-24 01:33:30,1,16966.24609375
2023-03-24 01:39:55,2023-03-24 01:39:56,1,14567.0859375
2023-03-24 01:41:27,2023-03-24 01:41:28,1,15051.328125
2023-03-24 01:42:59,2023-03-24 01:43:00,1,14409.625
2023-03-24 01:44:30,2023-03-24 01:44:32,2,14009.982421875
2023-03-24 01:46:02,2023-03-24 01:46:03,1,16642.57421875
2023-03-24 01:47:33,2023-03-24 01:47:35,2,14384.66015625
2023-03-24 01:49:05,2023-03-24 01:49:07,2,14244.873046875
2023-03-24 01:52:31,2023-03-24 01:52:32,1,15336.16015625
2023-03-24 02:07:11,2023-03-24 02:07:17,6,15356.509765625
2023-03-24 02:07:18,2023-03-24 02:07:19,1,15134.640625
2023-03-24 02:08:36,2023-03-24 02:08:37,1,15720.14453125
2023-03-24 02:10:08,2023-03-24 02:10:09,1,16214.31640625
2023-03-24 02:11:41,2023-03-24 02:11:42,1,16532.89453125
2023-03-24 02:13:14,2023-03-24 02:13:15,1,15972.89453125
2023-03-24 02:14:46,2023-03-24 02:14:47,1,16479.62890625
2023-03-24 02:16:19,2023-03-24 02:16:20,1,16528.07421875
2023-03-24 02:17:50,2023-03-24 02:17:52,2,15256.70703125
2023-03-24 02:19:23,2023-03-24 02:19:24,1,16421.30078125
2023-03-24 02:20:55,2023-03-24 02:20:57,2,14870.048828125
2023-03-24 02:22:28,2023-03-24 02:22:29,1,17101.54296875
2023-03-24 02:24:00,2023-03-24 02:24:01,1,15661.75390625
2023-03-24 02:27:07,2023-03-24 02:27:08,1,14435.29296875
2023-03-24 02:28:39,2023-03-24 02:28:40,1,16539.546875
2023-03-24 02:30:11,2023-03-24 02:30:12,1,14060.99609375
2023-03-24 02:31:46,2023-03-24 02:31:47,1,14566.80078125
2023-03-24 02:33:29,2023-03-24 02:33:30,1,16146.25
2023-03-24 02:35:01,2023-03-24 02:35:02,1,15159.5859375
2023-03-24 02:36:33,2023-03-24 02:36:35,2,15063.30078125
2023-03-24 02:46:43,2023-03-24 02:46:44,1,15361.203125
2023-03-24 02:48:20,2023-03-24 02:48:21,1,14168.93359375
2023-03-24 02:52:58,2023-03-24 02:52:59,1,14497.62890625
2023-03-24 02:58:55,2023-03-24 02:58:56,1,13859.40234375
2023-03-24 02:58:57,2023-03-24 02:59:03,6,15668.365885416666
2023-03-24 03:00:17,2023-03-24 03:00:18,1,15549.078125
2023-03-24 03:01:49,2023-03-24 03:01:50,1,16155.37109375
2023-03-24 03:03:21,2023-03-24 03:03:23,2,14570.4453125
2023-03-24 03:04:54,2023-03-24 03:04:55,1,16341.59765625
2023-03-24 03:06:26,2023-03-24 03:06:28,2,14505.802734375
2023-03-24 03:07:59,2023-03-24 03:08:00,1,15632.94921875
2023-03-24 03:09:32,2023-03-24 03:09:34,2,14220.150390625
2023-03-24 03:11:05,2023-03-24 03:11:06,1,15577.46484375
2023-03-24 03:12:38,2023-03-24 03:12:39,1,15709.8203125
2023-03-24 03:14:11,2023-03-24 03:14:12,1,16513.99609375
2023-03-24 03:15:44,2023-03-24 03:15:45,1,16243.09375
2023-03-24 03:17:17,2023-03-24 03:17:18,1,16106.21875
2023-03-24 03:18:50,2023-03-24 03:18:51,1,14792.796875
2023-03-24 03:20:23,2023-03-24 03:20:24,1,16179.08203125
2023-03-24 03:30:24,2023-03-24 03:30:25,1,16527.93359375
2023-03-24 03:31:56,2023-03-24 03:31:57,1,15424.40234375
2023-03-24 03:33:29,2023-03-24 03:33:30,1,15120.85546875
2023-03-24 03:35:02,2023-03-24 03:35:04,2,14351.044921875
2023-03-24 03:36:35,2023-03-24 03:36:36,1,16025.32421875
2023-03-24 03:38:07,2023-03-24 03:38:08,1,15498.37890625
2023-03-24 03:39:40,2023-03-24 03:39:41,1,15347.10546875
2023-03-24 03:41:14,2023-03-24 03:41:15,1,15348.65625
2023-03-24 03:42:47,2023-03-24 03:42:48,1,15335.3984375
2023-03-24 03:44:31,2023-03-24 03:44:33,2,15189.583984375
2023-03-24 03:46:05,2023-03-24 03:46:07,2,14574.853515625
2023-03-24 03:53:40,2023-03-24 03:53:42,2,14802.43359375
2023-03-24 03:55:07,2023-03-24 03:55:08,1,15823.83203125
2023-03-24 03:56:40,2023-03-24 03:56:41,1,16132.078125
2023-03-24 03:58:12,2023-03-24 03:58:13,1,15373.8359375
2023-03-24 03:59:44,2023-03-24 03:59:45,1,16437.421875
2023-03-24 04:02:48,2023-03-24 04:02:49,1,14388.7578125
2023-03-24 04:04:21,2023-03-24 04:04:23,2,14713.859375
2023-03-24 04:05:54,2023-03-24 04:05:56,2,14477.947265625
2023-03-24 04:07:26,2023-03-24 04:07:28,2,15055.97265625
2023-03-24 04:08:58,2023-03-24 04:09:00,2,14625.98046875
2023-03-24 04:10:31,2023-03-24 04:10:32,1,15738.03125
2023-03-24 04:12:04,2023-03-24 04:12:05,1,15717.14453125
2023-03-24 04:13:37,2023-03-24 04:13:38,1,16460.79296875
2023-03-24 04:15:10,2023-03-24 04:15:11,1,15690.9609375
2023-03-24 04:16:42,2023-03-24 04:16:43,1,15559.96484375
2023-03-24 04:24:23,2023-03-24 04:24:24,1,13932.08984375
2023-03-24 04:27:40,2023-03-24 04:27:42,2,16027.015625
2023-03-24 04:29:13,2023-03-24 04:29:14,1,14900.40234375
2023-03-24 04:30:46,2023-03-24 04:30:47,1,15892.52734375
2023-03-24 04:32:17,2023-03-24 04:32:19,2,14931.556640625
2023-03-24 04:33:50,2023-03-24 04:33:51,1,14695.80078125
2023-03-24 04:35:22,2023-03-24 04:35:23,1,16215.953125
2023-03-24 04:36:54,2023-03-24 04:36:56,2,14261.7578125
2023-03-24 04:38:27,2023-03-24 04:38:28,1,15886.09765625
2023-03-24 04:39:58,2023-03-24 04:40:00,2,15158.05078125
2023-03-24 04:41:32,2023-03-24 04:41:33,1,15384.75390625
2023-03-24 04:43:04,2023-03-24 04:43:05,1,16032.64453125
2023-03-24 04:55:09,2023-03-24 04:55:10,1,14484.92578125
2023-03-24 04:56:40,2023-03-24 04:56:41,1,16242.8046875
2023-03-24 04:58:12,2023-03-24 04:58:13,1,16360.3984375
2023-03-24 04:59:44,2023-03-24 04:59:45,1,16376.8515625
2023-03-24 05:01:17,2023-03-24 05:01:19,2,14679.55859375
2023-03-24 05:02:50,2023-03-24 05:02:51,1,16207.71484375
2023-03-24 05:04:22,2023-03-24 05:04:23,1,14818.171875
2023-03-24 05:05:54,2023-03-24 05:05:55,1,16799.375
2023-03-24 05:07:26,2023-03-24 05:07:27,1,14023.3828125
2023-03-24 05:08:58,2023-03-24 05:09:00,2,15041.69921875
2023-03-24 05:10:31,2023-03-24 05:10:32,1,15468.9296875
2023-03-24 05:16:54,2023-03-24 05:16:56,2,14767.5234375
2023-03-24 05:18:26,2023-03-24 05:18:27,1,15102.66015625
2023-03-24 05:19:58,2023-03-24 05:19:59,1,15614.29296875
2023-03-24 05:21:30,2023-03-24 05:21:32,2,14926.001953125
2023-03-24 05:23:04,2023-03-24 05:23:05,1,14169.37109375
2023-03-24 05:24:47,2023-03-24 05:24:48,1,16226.55078125
2023-03-24 05:26:20,2023-03-24 05:26:22,2,14677.388671875
2023-03-24 05:27:54,2023-03-24 05:27:55,1,16953.3671875
2023-03-24 05:29:27,2023-03-24 05:29:28,1,16657.36328125
2023-03-24 05:30:59,2023-03-24 05:31:00,1,16718.14453125
2023-03-24 05:32:32,2023-03-24 05:32:33,1,15815.53515625
2023-03-24 05:34:04,2023-03-24 05:34:06,2,15094.296875
2023-03-24 05:35:38,2023-03-24 05:35:39,1,15868.8203125
2023-03-24 05:38:52,2023-03-24 05:38:53,1,14008.36328125
2023-03-24 05:40:29,2023-03-24 05:40:31,2,14505.916015625
2023-03-24 05:42:03,2023-03-24 05:42:05,2,14984.904296875
2023-03-24 05:46:21,2023-03-24 05:46:22,1,15251.859375
2023-03-24 09:41:37,2023-03-24 09:41:47,10,35240.8078125
2023-03-24 09:41:48,2023-03-24 09:42:01,13,33412.359074519234
2023-03-24 09:42:40,2023-03-24 09:42:52,12,37359.948893229164
2023-03-24 09:42:55,2023-03-24 09:43:08,13,35764.622596153844
2023-03-24 09:43:22,2023-03-24 09:43:35,13,33538.019230769234
2023-03-24 09:43:42,2023-03-24 09:43:55,13,34583.60606971154
2023-03-24 09:43:58,2023-03-24 09:44:10,12,35951.017578125
2023-03-24 09:44:14,2023-03-24 09:44:26,12,34820.770182291664
2023-03-24 09:44:29,2023-03-24 09:44:41,12,34404.4912109375
2023-03-24 09:44:44,2023-03-24 09:44:53,9,33043.932291666664
2023-03-24 09:44:55,2023-03-24 09:45:05,10,35371.16484375
2023-03-24 09:45:08,2023-03-24 09:45:21,13,33735.48167067308
2023-03-24 09:45:35,2023-03-24 09:45:48,13,36168.600661057695
2023-03-24 09:45:52,2023-03-24 09:46:05,13,35757.827824519234
2023-03-24 09:46:09,2023-03-24 09:46:22,13,35236.610877403844
2023-03-24 09:46:25,2023-03-24 09:46:38,13,34413.085637019234
2023-03-24 09:46:42,2023-03-24 09:46:54,12,35763.690755208336
2023-03-24 09:46:57,2023-03-24 09:47:09,12,35004.17578125
2023-03-24 09:47:11,2023-03-24 09:47:24,13,32688.55799278846
2023-03-24 09:47:27,2023-03-24 09:47:36,9,33242.544270833336
2023-03-24 09:47:38,2023-03-24 09:47:48,10,35348.27421875
2023-03-24 09:47:49,2023-03-24 09:48:02,13,35790.375300480766
2023-03-24 09:48:05,2023-03-24 09:48:18,13,35875.023137019234
2023-03-24 09:48:21,2023-03-24 09:48:34,13,35677.51171875
2023-03-24 09:48:37,2023-03-24 09:48:50,13,35115.13671875
2023-03-24 09:48:53,2023-03-24 09:49:06,13,34730.129807692305
2023-03-24 09:49:08,2023-03-24 09:49:21,13,33873.88070913462
2023-03-24 09:49:24,2023-03-24 09:49:37,13,33187.74038461538
2023-03-24 09:49:40,2023-03-24 09:49:53,13,32487.435997596152
2023-03-24 09:49:56,2023-03-24 09:50:05,9,31471.549913194445
2023-03-25 16:35:35,2023-03-25 16:42:33,418,50701.96638569079
2023-03-26 00:44:31,2023-03-26 00:46:01,90,38765.29110243056
2023-03-26 00:46:05,2023-03-26 00:46:07,2,19146.04296875
2023-03-26 00:46:13,2023-03-26 00:46:19,6,32804.80859375
2023-03-26 00:46:25,2023-03-26 00:46:31,6,30402.419921875
2023-03-26 00:46:36,2023-03-26 00:46:41,5,26104.07265625
2023-03-26 00:46:46,2023-03-26 00:46:49,3,24473.852864583332
2023-03-26 00:46:55,2023-03-26 00:46:59,4,23405.564453125
2023-03-26 00:47:04,2023-03-26 00:47:06,2,17125.37890625
2023-03-26 00:47:12,2023-03-26 00:47:14,2,20560.228515625
2023-03-26 00:47:20,2023-03-26 00:47:23,3,24297.848958333332
2023-03-26 00:47:27,2023-03-26 00:47:30,3,26894.473958333332
2023-03-26 00:47:34,2023-03-26 00:47:37,3,22232.704427083332
2023-03-26 00:47:43,2023-03-26 00:47:46,3,28736.627604166668
2023-03-26 00:47:52,2023-03-26 00:47:55,3,22832.484375
2023-03-26 00:48:01,2023-03-26 00:48:03,2,21201.146484375
2023-03-26 00:48:09,2023-03-26 00:48:13,4,30268.583984375
2023-03-26 00:48:19,2023-03-26 00:48:23,4,24059.884765625
2023-03-26 00:48:28,2023-03-26 00:48:32,4,27508.0791015625
2023-03-26 00:48:38,2023-03-26 00:48:42,4,29802.84375
2023-03-26 00:48:48,2023-03-26 00:48:50,2,24745.80859375
2023-03-26 00:48:54,2023-03-26 00:48:59,5,29837.6
2023-03-26 00:49:03,2023-03-26 00:49:07,4,25865.3125
2023-03-26 00:49:13,2023-03-26 00:49:17,4,27860.9267578125
2023-03-26 00:49:23,2023-03-26 00:49:26,3,29857.53125
2023-03-26 00:49:32,2023-03-26 00:49:35,3,22610.821614583332
2023-03-26 00:49:41,2023-03-26 00:49:44,3,28843.283854166668
2023-03-26 00:49:50,2023-03-26 00:49:52,2,20619.208984375
2023-03-26 00:49:58,2023-03-26 00:50:03,5,28308.22734375
2023-03-26 00:50:09,2023-03-26 00:50:12,3,27418.966145833332
2023-03-26 00:50:18,2023-03-26 00:50:21,3,25659.423177083332
2023-03-26 00:50:25,2023-03-26 00:56:21,356,37076.1354788448
2023-03-26 12:07:41,2023-03-26 12:17:11,570,36981.2453125
2023-03-28 16:16:36,2023-03-28 16:16:38,2,16719.486328125
2023-03-28 16:17:52,2023-03-28 16:17:56,4,18373.0146484375
2023-03-28 16:19:09,2023-03-28 16:19:13,4,16789.7626953125
2023-03-28 16:20:29,2023-03-28 16:20:34,5,17115.37265625
2023-03-28 16:21:48,2023-03-28 16:21:52,4,16504.6162109375
2023-03-28 16:23:09,2023-03-28 16:23:13,4,18503.9697265625
2023-03-28 16:24:28,2023-03-28 16:24:32,4,17783.986328125
2023-03-28 16:25:49,2023-03-28 16:25:53,4,18747.6494140625
2023-03-28 16:27:07,2023-03-28 16:27:08,1,15241.12109375
2023-03-28 16:27:09,2023-03-28 16:27:11,2,17811.72265625
2023-03-28 16:28:26,2023-03-28 16:28:27,1,14140.98828125
2023-03-28 16:28:29,2023-03-28 16:28:30,1,16605.765625
2023-03-28 16:29:43,2023-03-28 16:29:44,1,14595.01171875
2023-03-28 16:31:01,2023-03-28 16:31:02,1,15439.05078125
2023-03-28 16:32:17,2023-03-28 16:32:18,1,15738.98046875
2023-03-28 16:33:33,2023-03-28 16:33:34,1,15735.62109375
2023-03-28 16:36:06,2023-03-28 16:36:07,1,15602.7578125
2023-03-28 16:37:22,2023-03-28 16:37:23,1,14939.9609375
2023-03-28 16:38:41,2023-03-28 16:38:42,1,15423.62109375
2023-03-28 16:41:17,2023-03-28 16:41:18,1,16129.66015625
2023-03-28 16:42:34,2023-03-28 16:42:35,1,15306.4140625
2023-03-28 16:43:51,2023-03-28 16:43:52,1,16148.9765625
2023-03-28 16:45:07,2023-03-28 16:45:08,1,15157.78515625
2023-03-28 16:46:25,2023-03-28 16:46:26,1,14649.5078125
2023-03-28 16:47:42,2023-03-28 16:47:43,1,15295.1015625
2023-03-28 16:48:59,2023-03-28 16:49:00,1,15135.47265625
2023-03-28 16:50:18,2023-03-28 16:50:19,1,14619.25390625
2023-03-28 16:51:34,2023-03-28 16:51:35,1,16866.16796875
2023-03-28 16:52:49,2023-03-28 16:52:50,1,14503.984375
2023-03-28 16:54:06,2023-03-28 16:54:07,1,16735.41796875
2023-03-28 16:55:23,2023-03-28 16:55:26,3,16529.60546875
2023-03-28 16:56:40,2023-03-28 16:56:41,1,17181.49609375
2023-03-28 16:58:03,2023-03-28 16:58:06,3,17376.84765625
2023-03-28 16:59:23,2023-03-28 16:59:24,1,16044.1171875
2023-03-28 16:59:25,2023-03-28 16:59:27,2,15146.4375
2023-03-28 17:00:44,2023-03-28 17:00:45,1,14286.84765625
2023-03-28 17:02:03,2023-03-28 17:02:04,1,15581.25390625
2023-03-28 17:03:24,2023-03-28 17:03:25,1,14564.62890625
2023-03-28 17:04:41,2023-03-28 17:04:42,1,16071.30078125
2023-03-28 17:05:58,2023-03-28 17:05:59,1,15146.25
2023-03-28 17:07:15,2023-03-28 17:07:17,2,14817.556640625
2023-03-28 17:08:32,2023-03-28 17:08:33,1,14067.62890625
2023-03-28 17:09:50,2023-03-28 17:09:51,1,16199.19140625
2023-03-28 17:11:07,2023-03-28 17:11:08,1,14677.8359375
2023-03-28 17:12:26,2023-03-28 17:12:27,1,14200.56640625
2023-03-28 17:13:42,2023-03-28 17:13:43,1,14008.6015625
2023-03-28 17:14:58,2023-03-28 17:14:59,1,15695.76953125
2023-03-28 17:17:33,2023-03-28 17:17:34,1,15577.765625
2023-03-28 17:18:50,2023-03-28 17:18:51,1,15751.51171875
2023-03-28 17:21:25,2023-03-28 17:21:26,1,15738.46875
2023-03-28 17:22:42,2023-03-28 17:22:43,1,14962.96875
2023-03-28 17:23:59,2023-03-28 17:24:00,1,13901.09765625
2023-03-28 17:25:16,2023-03-28 17:25:17,1,13963.80859375
2023-03-28 17:26:34,2023-03-28 17:26:35,1,14015.9765625
2023-03-28 17:29:12,2023-03-28 17:29:13,1,14513.06640625
2023-03-28 17:30:28,2023-03-28 17:30:30,2,17242.828125
2023-03-28 17:31:47,2023-03-28 17:31:50,3,16989.643229166668
2023-03-28 17:33:05,2023-03-28 17:33:09,4,17232.984375
2023-03-28 17:34:24,2023-03-28 17:34:28,4,16664.158203125
2023-03-28 17:35:47,2023-03-28 17:35:51,4,17884.642578125
2023-03-28 17:37:05,2023-03-28 17:37:09,4,17532.7001953125
2023-03-28 17:38:26,2023-03-28 17:38:30,4,16950.6171875
2023-03-28 17:39:47,2023-03-28 17:39:51,4,17965.009765625
2023-03-28 17:41:09,2023-03-28 17:41:13,4,18385.3857421875
2023-03-28 17:42:28,2023-03-28 17:42:29,1,18269.7109375
2023-03-28 17:42:31,2023-03-28 17:42:32,1,14538.97265625
2023-03-28 17:43:48,2023-03-28 17:43:49,1,15173.1171875
2023-03-28 17:43:50,2023-03-28 17:43:52,2,15739.18359375
2023-03-28 17:45:07,2023-03-28 17:45:08,1,14903.9296875
2023-03-28 17:45:10,2023-03-28 17:45:11,1,15004.43359375
2023-03-28 17:46:27,2023-03-28 17:46:28,1,15037.39453125
2023-03-28 17:50:19,2023-03-28 17:50:20,1,15529.68359375
2023-03-28 17:52:54,2023-03-28 17:52:55,1,15714.046875
2023-03-28 17:54:12,2023-03-28 17:54:13,1,15983.15234375
2023-03-28 17:55:29,2023-03-28 17:55:30,1,15575.15234375
2023-03-28 17:56:45,2023-03-28 17:56:46,1,14477.59765625
2023-03-28 17:59:20,2023-03-28 17:59:21,1,15759.1484375
2023-03-28 18:00:36,2023-03-28 18:00:37,1,15146.515625
2023-03-28 18:01:54,2023-03-28 18:01:55,1,16132.4609375
2023-03-28 18:03:12,2023-03-28 18:03:13,1,16028.66796875
2023-03-28 18:04:30,2023-03-28 18:04:31,1,14358.8046875
2023-03-28 18:07:07,2023-03-28 18:07:08,1,14869.25390625
2023-03-28 18:08:24,2023-03-28 18:08:25,1,14830.1015625
2023-03-28 18:09:42,2023-03-28 18:09:43,1,14974.02734375
2023-03-28 18:11:00,2023-03-28 18:11:01,1,14528.734375
2023-03-28 18:12:17,2023-03-28 18:12:18,1,15761.125
2023-03-28 18:13:34,2023-03-28 18:13:35,1,14664.26171875
2023-03-28 18:14:52,2023-03-28 18:14:53,1,15687.640625
2023-03-28 18:16:11,2023-03-28 18:16:12,1,16090.01953125
2023-03-28 18:17:29,2023-03-28 18:17:31,2,18504.580078125
2023-03-28 18:18:45,2023-03-28 18:18:49,4,18102.6474609375
2023-03-28 18:20:06,2023-03-28 18:20:10,4,17798.796875
2023-03-28 18:21:27,2023-03-28 18:21:32,5,15314.85859375
2023-03-28 18:22:46,2023-03-28 18:22:49,3,16008.953125
2023-03-28 18:24:07,2023-03-28 18:24:10,3,18036.712239583332
2023-03-28 18:25:27,2023-03-28 18:25:30,3,18008.337239583332
2023-03-28 18:26:48,2023-03-28 18:26:51,3,18367.13671875
2023-03-28 18:28:07,2023-03-28 18:28:08,1,15436.8203125
2023-03-28 18:28:10,2023-03-28 18:28:11,1,15407.3125
2023-03-28 18:29:29,2023-03-28 18:29:30,1,15182.1875
2023-03-28 18:29:31,2023-03-28 18:29:33,2,16139.53515625
2023-03-28 18:30:50,2023-03-28 18:30:54,4,16883.6611328125
2023-03-28 18:32:11,2023-03-28 18:32:15,4,17414.27734375
2023-03-28 18:33:33,2023-03-28 18:33:37,4,18126.1416015625
2023-03-28 18:34:52,2023-03-28 18:34:56,4,18131.2939453125
2023-03-28 18:36:10,2023-03-28 18:36:14,4,18004.287109375
2023-03-28 18:37:29,2023-03-28 18:37:34,5,17420.375
2023-03-28 18:38:48,2023-03-28 18:38:53,5,16739.678125
2023-03-28 18:40:08,2023-03-28 18:40:12,4,16251.6181640625
2023-03-28 18:41:28,2023-03-28 18:41:32,4,16768.4599609375
2023-03-28 18:42:47,2023-03-28 18:42:51,4,16249.2587890625
2023-03-28 18:44:08,2023-03-28 18:44:12,4,17068.5078125
2023-03-28 18:45:28,2023-03-28 18:45:29,1,15460.23828125
2023-03-28 18:45:31,2023-03-28 18:45:32,1,16744.30078125
2023-03-28 18:46:51,2023-03-28 18:46:55,4,15105.939453125
2023-03-28 18:48:14,2023-03-28 18:48:18,4,17208.4677734375
2023-03-28 18:49:34,2023-03-28 18:49:38,4,17568.01953125
2023-03-28 18:50:55,2023-03-28 18:50:59,4,18566.4189453125
2023-03-28 18:52:15,2023-03-28 18:52:19,4,17781.3564453125
2023-03-28 18:53:35,2023-03-28 18:53:39,4,17307.1328125
2023-03-28 18:54:55,2023-03-28 18:54:59,4,17831.19140625
2023-03-28 18:56:15,2023-03-28 18:56:18,3,17766.540364583332
2023-03-28 18:57:35,2023-03-28 18:57:39,4,17709.7666015625
2023-03-28 18:58:56,2023-03-28 18:59:00,4,16976.6767578125
2023-03-28 19:00:16,2023-03-28 19:00:20,4,16722.1923828125
2023-03-28 19:01:36,2023-03-28 19:01:37,1,16579.20703125
2023-03-28 19:01:38,2023-03-28 19:01:40,2,17073.015625
2023-03-28 19:02:56,2023-03-28 19:02:57,1,14259.05078125
2023-03-28 19:04:14,2023-03-28 19:04:15,1,15339.453125
2023-03-28 19:05:32,2023-03-28 19:05:33,1,14131.33203125
2023-03-28 19:08:05,2023-03-28 19:08:06,1,14367.3046875
2023-03-28 19:10:40,2023-03-28 19:10:41,1,14507.76953125
2023-03-28 19:13:15,2023-03-28 19:13:16,1,16207.45703125
2023-03-28 19:14:33,2023-03-28 19:14:34,1,14807.03125
2023-03-28 19:15:51,2023-03-28 19:15:52,1,15462.515625
2023-03-28 19:17:09,2023-03-28 19:17:10,1,15715.57421875
2023-03-28 19:18:28,2023-03-28 19:18:29,1,14107.7109375
2023-03-28 19:22:20,2023-03-28 19:22:21,1,15367.65625
2023-03-28 19:24:55,2023-03-28 19:24:56,1,14857.39453125
2023-03-28 19:26:12,2023-03-28 19:26:13,1,15706.03125
2023-03-28 19:27:29,2023-03-28 19:27:30,1,15785.21875
2023-03-28 19:28:46,2023-03-28 19:28:47,1,15824.78515625
2023-03-28 19:30:04,2023-03-28 19:30:05,1,15941.0078125
2023-03-28 19:31:22,2023-03-28 19:31:23,1,14180.03515625
2023-03-28 19:32:39,2023-03-28 19:32:40,1,15325.10546875
2023-03-28 19:35:13,2023-03-28 19:35:16,3,17398.71484375
2023-03-28 19:36:31,2023-03-28 19:36:35,4,18533.1572265625
2023-03-28 19:37:51,2023-03-28 19:37:52,1,17547.1328125
2023-03-28 19:39:13,2023-03-28 19:39:17,4,17393.4697265625
2023-03-28 19:40:35,2023-03-28 19:40:40,5,17104.06953125
2023-03-28 19:41:57,2023-03-28 19:41:58,1,18206.7734375
2023-03-28 19:41:59,2023-03-28 19:42:01,2,14745.181640625
2023-03-28 19:43:19,2023-03-28 19:43:20,1,15917.6875
2023-03-28 19:43:22,2023-03-28 19:43:23,1,15086.1875
2023-03-28 19:44:42,2023-03-28 19:44:45,3,16217.717447916666
2023-03-28 19:46:05,2023-03-28 19:46:09,4,18459.6806640625
2023-03-28 19:47:24,2023-03-28 19:47:28,4,17986.208984375
2023-03-28 19:48:45,2023-03-28 19:48:49,4,18161.0654296875
2023-03-28 19:50:05,2023-03-28 19:50:08,3,17713.766927083332
2023-03-28 19:51:26,2023-03-28 19:51:30,4,17843.1123046875
2023-03-28 19:52:46,2023-03-28 19:52:50,4,16925.482421875
2023-03-28 19:54:06,2023-03-28 19:54:09,3,17753.66796875
2023-03-28 19:55:26,2023-03-28 19:55:30,4,17157.49609375
2023-03-28 19:56:48,2023-03-28 19:56:52,4,18430.208984375
2023-03-28 19:58:07,2023-03-28 19:58:10,3,17506.983072916668
2023-03-28 19:59:27,2023-03-28 19:59:31,4,17071.3408203125
2023-03-28 20:00:49,2023-03-28 20:00:50,1,15588.9609375
2023-03-28 20:00:51,2023-03-28 20:00:52,1,14927.5859375
2023-03-28 20:02:11,2023-03-28 20:02:14,3,17743.915364583332
2023-03-28 20:03:32,2023-03-28 20:03:35,3,18120.13671875
2023-03-28 20:04:52,2023-03-28 20:04:56,4,18254.328125
2023-03-28 20:06:13,2023-03-28 20:06:17,4,18734.1708984375
2023-03-28 20:07:32,2023-03-28 20:07:36,4,18334.34765625
2023-03-28 20:08:51,2023-03-28 20:08:56,5,17299.14296875
2023-03-28 20:10:11,2023-03-28 20:10:15,4,17160.1728515625
2023-03-28 20:11:33,2023-03-28 20:11:37,4,19040.02734375
2023-03-28 20:12:53,2023-03-28 20:12:54,1,20707.73828125
2023-03-28 20:12:56,2023-03-28 20:12:58,2,14653.84765625
2023-03-28 20:14:14,2023-03-28 20:14:18,4,17130.1484375
2023-03-28 20:15:35,2023-03-28 20:15:39,4,16222.6259765625
2023-03-28 20:16:56,2023-03-28 20:17:00,4,17413.3154296875
2023-03-28 20:18:16,2023-03-28 20:18:20,4,17022.0673828125
2023-03-28 20:19:36,2023-03-28 20:19:40,4,17299.234375
2023-03-28 20:20:58,2023-03-28 20:21:02,4,17167.5107421875
2023-03-28 20:22:20,2023-03-28 20:22:24,4,18274.2041015625
2023-03-28 20:23:39,2023-03-28 20:23:40,1,16107.51171875
2023-03-28 20:23:42,2023-03-28 20:23:43,1,14555.703125
2023-03-28 20:25:01,2023-03-28 20:25:05,4,16798.68359375
2023-03-28 20:26:23,2023-03-28 20:26:27,4,18759.97265625
2023-03-28 20:27:42,2023-03-28 20:27:46,4,16968.28515625
2023-03-28 20:29:02,2023-03-28 20:29:06,4,15715.1787109375
2023-03-28 20:30:23,2023-03-28 20:30:24,1,13878.4921875
2023-03-28 20:30:25,2023-03-28 20:30:27,2,15880.169921875
2023-03-28 20:31:43,2023-03-28 20:31:47,4,15632.890625
2023-03-28 20:33:02,2023-03-28 20:33:03,1,15820.38671875
2023-03-28 20:34:20,2023-03-28 20:34:21,1,15750.79296875
2023-03-28 20:35:37,2023-03-28 20:35:38,1,15633.82421875
2023-03-28 20:38:13,2023-03-28 20:38:14,1,13878.421875
2023-03-28 20:39:32,2023-03-28 20:39:33,1,14076.3125
2023-03-28 20:42:10,2023-03-28 20:42:11,1,16755.640625
2023-03-28 20:43:28,2023-03-28 20:43:29,1,14685.83984375
2023-03-28 20:44:45,2023-03-28 20:44:46,1,15318.2421875
2023-03-28 20:47:22,2023-03-28 20:47:23,1,16369.9453125
2023-03-28 20:48:39,2023-03-28 20:48:40,1,14666.83984375
2023-03-28 20:49:56,2023-03-28 20:49:57,1,14801.7421875
2023-03-28 20:51:14,2023-03-28 20:51:15,1,14530.9453125
2023-03-28 20:53:47,2023-03-28 20:53:48,1,14523.21484375
2023-03-28 20:55:05,2023-03-28 20:55:06,1,14474.25
2023-03-28 20:56:24,2023-03-28 20:56:25,1,14770.2421875
2023-03-28 20:57:41,2023-03-28 20:57:42,1,15852.6484375
2023-03-28 20:58:58,2023-03-28 20:58:59,1,15069.33203125
2023-03-28 21:00:15,2023-03-28 21:00:16,1,14770.9765625
2023-03-28 21:02:50,2023-03-28 21:02:51,1,16221.83203125
2023-03-28 21:04:07,2023-03-28 21:04:10,3,17915.143229166668
2023-03-28 21:05:24,2023-03-28 21:05:28,4,18458.5283203125
2023-03-28 21:06:42,2023-03-28 21:06:46,4,17636.1748046875
2023-03-28 21:08:02,2023-03-28 21:08:03,1,17546.66015625
2023-03-28 21:08:06,2023-03-28 21:08:07,1,14311.86328125
2023-03-28 21:09:29,2023-03-28 21:09:31,2,14694.126953125
2023-03-28 21:10:48,2023-03-28 21:10:52,4,17121.3994140625
2023-03-28 21:12:10,2023-03-28 21:12:14,4,18255.7412109375
2023-03-28 21:13:30,2023-03-28 21:13:34,4,17992.63671875
2023-03-28 21:14:50,2023-03-28 21:14:54,4,17495.8359375
2023-03-28 21:16:10,2023-03-28 21:16:14,4,18253.2158203125
2023-03-28 21:17:30,2023-03-28 21:17:31,1,15600.91796875
2023-03-28 21:17:32,2023-03-28 21:17:34,2,17058.630859375
2023-03-28 21:18:50,2023-03-28 21:18:53,3,17520.588541666668
2023-03-28 21:20:09,2023-03-28 21:20:10,1,16162.40234375
2023-03-28 21:20:11,2023-03-28 21:20:13,2,16604.970703125
2023-03-28 21:21:29,2023-03-28 21:21:33,4,16580.68359375
2023-03-28 21:22:50,2023-03-28 21:22:53,3,18562.526041666668
2023-03-28 21:24:10,2023-03-28 21:24:14,4,17582.69921875
2023-03-28 21:25:31,2023-03-28 21:25:35,4,16932.8359375
2023-03-28 21:26:51,2023-03-28 21:26:55,4,16622.841796875
2023-03-28 21:28:12,2023-03-28 21:28:16,4,17701.4169921875
2023-03-28 21:29:32,2023-03-28 21:29:36,4,17051.7041015625
2023-03-28 21:30:52,2023-03-28 21:30:56,4,16203.5751953125
2023-03-28 21:32:13,2023-03-28 21:32:14,1,13973.234375
2023-03-28 21:32:17,2023-03-28 21:32:18,1,13904.3828125
2023-03-28 21:33:35,2023-03-28 21:33:36,1,15763.9609375
2023-03-28 21:34:55,2023-03-28 21:34:56,1,15097.33203125
2023-03-28 21:36:14,2023-03-28 21:36:15,1,15646.6328125
2023-03-28 21:37:32,2023-03-28 21:37:33,1,15271.75
2023-03-28 21:38:49,2023-03-28 21:38:50,1,14732.67578125
2023-03-28 21:40:08,2023-03-28 21:40:09,1,15461.921875
2023-03-29 22:35:22,2023-03-29 22:35:47,25,14257.999375
2023-03-29 22:35:48,2023-03-29 22:35:50,2,14091.4296875
2023-03-29 22:35:55,2023-03-29 22:35:56,1,13915.12109375
2023-03-29 22:35:57,2023-03-29 22:36:02,5,14345.59453125
2023-03-29 22:36:03,2023-03-29 22:36:08,5,14220.5171875
2023-03-29 22:36:13,2023-03-29 22:36:14,1,14175.0234375
2023-03-29 22:36:15,2023-03-29 22:36:16,1,14172.375
2023-03-30 09:15:52,2023-03-30 09:15:53,1,14288.22265625
2023-03-30 19:28:17,2023-03-30 19:28:22,5,31728.5828125
2023-03-30 19:28:24,2023-03-30 19:28:31,7,33921.337611607145
2023-03-30 19:28:36,2023-03-30 19:28:42,6,36851.125
2023-03-30 19:28:49,2023-03-30 19:28:56,7,33026.20814732143
2023-03-30 19:28:59,2023-03-30 19:29:06,7,33838.279017857145
2023-03-30 19:29:10,2023-03-30 19:29:16,6,36578.151041666664
2023-03-30 19:29:20,2023-03-30 19:29:27,7,33357.43247767857
2023-03-30 19:29:30,2023-03-30 19:29:37,7,33324.3828125
2023-03-30 19:29:41,2023-03-30 19:29:48,7,33829.380580357145
2023-03-30 19:29:51,2023-03-30 19:29:55,4,36237.916015625
2023-03-30 19:29:57,2023-03-30 19:30:02,5,31937.3484375
2023-03-30 19:30:05,2023-03-30 19:30:12,7,34486.791294642855
2023-03-30 19:30:18,2023-03-30 19:30:25,7,34672.41685267857
2023-03-30 19:30:27,2023-03-30 19:30:34,7,33897.119419642855
2023-03-30 19:30:44,2023-03-30 19:30:51,7,34378.896763392855
2023-03-30 19:30:54,2023-03-30 19:31:01,7,34113.337611607145
2023-03-30 19:31:06,2023-03-30 19:31:13,7,34785.912388392855
2023-03-30 19:31:16,2023-03-30 19:31:23,7,34928.45368303572
2023-03-30 19:31:28,2023-03-30 19:31:35,7,34798.68470982143
2023-03-30 19:31:37,2023-03-30 19:31:42,5,31820.63671875
2023-03-30 19:31:44,2023-03-30 19:31:48,4,35997.689453125
2023-03-30 19:31:50,2023-03-30 19:31:57,7,34240.08705357143
2023-03-30 19:32:01,2023-03-30 19:32:08,7,33920.552455357145
2023-03-30 19:32:14,2023-03-30 19:32:21,7,34280.029017857145
2023-03-30 19:32:23,2023-03-30 19:32:30,7,34226.59430803572
2023-03-30 19:32:32,2023-03-30 19:32:39,7,34210.62165178572
2023-03-30 19:32:43,2023-03-30 19:32:50,7,33161.80915178572
2023-03-30 19:32:53,2023-03-30 19:33:00,7,34408.84821428572
2023-03-30 19:33:12,2023-03-30 19:33:19,7,36275.5703125
2023-03-30 19:33:30,2023-03-30 19:33:34,4,37884.9931640625
2023-03-30 21:05:39,2023-03-30 21:20:45,906,33184.415041218264
2023-03-31 14:13:38,2023-03-31 14:14:36,58,39446.18251616379
2023-04-01 21:14:57,2023-04-01 21:15:31,34,51440.49471507353
2023-04-01 21:15:32,2023-04-01 21:15:56,24,52722.646158854164
2023-04-01 21:15:57,2023-04-01 21:16:45,48,53146.09578450521
2023-04-01 21:16:46,2023-04-01 21:17:16,30,52996.68203125
2023-04-01 21:17:17,2023-04-01 21:18:17,60,52904.08971354167
2023-04-01 21:18:18,2023-04-01 21:18:29,11,56260.12926136364
2023-04-01 21:18:33,2023-04-01 21:18:44,11,56487.25745738636
2023-04-01 21:18:46,2023-04-01 21:19:16,30,52939.873046875
2023-04-01 21:19:17,2023-04-01 21:19:41,24,52643.077473958336
2023-04-01 21:19:42,2023-04-01 21:19:53,11,56144.330255681816
2023-04-01 21:19:54,2023-04-01 21:20:06,12,52903.1103515625
2023-04-01 21:20:07,2023-04-01 21:20:31,24,52757.609700520836
2023-04-02 22:27:06,2023-04-02 22:27:08,2,13949.583984375
2023-04-02 22:27:09,2023-04-02 22:27:10,1,14313.14453125
2023-04-02 22:27:16,2023-04-02 22:48:40,1284,28232.712756765966
2023-04-02 22:48:41,2023-04-02 22:48:42,1,14361.9453125
2023-04-03 09:24:05,2023-04-03 09:25:14,69,20388.654495018116
2023-04-03 09:25:32,2023-04-03 09:25:36,4,15045.6572265625
2023-04-03 09:27:24,2023-04-03 09:27:53,29,17027.419854525862
2023-04-03 09:27:56,2023-04-03 09:27:59,3,14778.09765625
2023-04-03 09:28:23,2023-04-03 09:28:29,6,15797.517578125
2023-04-03 09:29:20,2023-04-03 09:29:21,1,14442.9609375
2023-04-03 09:29:24,2023-04-03 09:29:27,3,15871.717447916666
2023-04-03 09:30:10,2023-04-03 09:30:13,3,15532.071614583334
2023-04-03 09:30:15,2023-04-03 09:30:26,11,14278.903053977272
2023-04-03 09:31:31,2023-04-03 09:31:32,1,14328.46875
2023-04-03 09:31:34,2023-04-03 09:31:35,1,13994.78515625
2023-04-03 09:31:36,2023-04-03 09:31:39,3,14807.864583333334
2023-04-03 09:31:40,2023-04-03 09:31:42,2,14430.060546875
2023-04-03 09:31:45,2023-04-03 09:31:46,1,15092.1015625
2023-04-03 09:31:58,2023-04-03 09:31:59,1,13936.39453125
2023-04-03 09:32:03,2023-04-03 09:32:05,2,14151.357421875
2023-04-03 09:32:06,2023-04-03 09:32:08,2,14075.939453125
2023-04-03 09:33:04,2023-04-03 09:33:08,4,16370.2236328125
2023-04-03 09:33:10,2023-04-03 09:33:11,1,14015.6953125
2023-04-03 09:33:12,2023-04-03 09:33:14,2,14265.232421875
2023-04-03 09:33:25,2023-04-03 09:33:26,1,15102.703125
2023-04-03 09:34:22,2023-04-03 09:34:23,1,13954.02734375
2023-04-03 09:35:15,2023-04-03 09:35:16,1,14119.83203125
2023-04-03 09:35:18,2023-04-03 09:35:24,6,15387.197265625
2023-04-03 09:35:26,2023-04-03 09:35:28,2,14874.15234375
2023-04-03 09:35:33,2023-04-03 09:35:34,1,14121.60546875
2023-04-03 09:35:42,2023-04-03 09:35:55,13,15344.317608173076
2023-04-03 09:35:56,2023-04-03 09:36:02,6,15006.620442708334
2023-04-03 09:38:16,2023-04-03 09:38:51,35,16720.568973214286
2023-04-03 09:38:54,2023-04-03 09:38:56,2,14568.9296875
2023-04-03 09:39:06,2023-04-03 09:39:07,1,14853.64453125
2023-04-03 09:39:17,2023-04-03 09:39:25,8,15452.9716796875
2023-04-03 09:40:28,2023-04-03 09:40:29,1,14514.71875
2023-04-03 09:40:56,2023-04-03 09:40:58,2,15972.576171875
2023-04-03 09:40:59,2023-04-03 09:41:00,1,14652.69921875
2023-04-03 09:41:01,2023-04-03 09:41:34,33,17117.993844696968
2023-04-03 09:42:12,2023-04-03 09:42:13,1,14326.9140625
2023-04-03 09:42:16,2023-04-03 09:42:17,1,14985.66796875
2023-04-03 09:42:22,2023-04-03 09:42:23,1,15214.6875
2023-04-03 09:42:49,2023-04-03 09:42:51,2,14361.564453125
2023-04-04 00:14:14,2023-04-04 00:14:15,1,13941.31640625
2023-04-04 00:14:16,2023-04-04 00:14:19,3,14551.216145833334
2023-04-04 00:14:21,2023-04-04 00:14:22,1,14117.0703125
2023-04-04 00:14:23,2023-04-04 00:14:27,4,14941.5390625
2023-04-04 00:14:29,2023-04-04 00:14:30,1,13931.40625
2023-04-04 00:14:31,2023-04-04 00:14:35,4,14268.0263671875
2023-04-04 00:14:36,2023-04-04 00:14:37,1,13900.25390625
2023-04-04 00:17:37,2023-04-04 00:17:38,1,14362.51171875
2023-04-04 00:17:42,2023-04-04 00:17:43,1,14997.7890625
2023-04-04 00:19:59,2023-04-04 00:20:01,2,15442.68359375
2023-04-04 00:20:12,2023-04-04 00:20:13,1,15502.1328125
2023-04-04 00:20:20,2023-04-04 00:20:21,1,16797.6171875
2023-04-04 00:21:39,2023-04-04 00:21:41,2,15011.765625
2023-04-04 00:21:43,2023-04-04 00:21:44,1,14145.52734375
2023-04-04 00:22:11,2023-04-04 00:22:12,1,15065.81640625
2023-04-04 00:22:37,2023-04-04 00:22:38,1,15409.625
2023-04-04 00:34:13,2023-04-04 00:34:14,1,13996.5234375
2023-04-04 00:34:31,2023-04-04 00:34:32,1,15274.296875
2023-04-04 00:35:00,2023-04-04 00:35:03,3,14549.427083333334
2023-04-04 00:35:06,2023-04-04 00:35:07,1,14137.51171875
2023-04-04 00:35:12,2023-04-04 00:35:13,1,14361.89453125
2023-04-04 00:35:22,2023-04-04 00:35:25,3,15036.84375
2023-04-04 00:37:19,2023-04-04 00:37:22,3,15412.93359375
2023-04-04 00:37:27,2023-04-04 00:37:30,3,15315.515625
2023-04-04 00:37:42,2023-04-04 00:37:43,1,14661.6953125
2023-04-04 00:37:50,2023-04-04 00:37:51,1,15682.453125
2023-04-04 00:40:17,2023-04-04 00:40:18,1,14152.7890625
2023-04-04 00:40:49,2023-04-04 00:40:50,1,13964.89453125
2023-04-04 00:40:51,2023-04-04 00:40:53,2,16809.64453125
2023-04-04 00:41:27,2023-04-04 00:41:28,1,15189.87109375
2023-04-04 00:42:28,2023-04-04 00:42:31,3,14549.078125
2023-04-04 00:42:38,2023-04-04 00:42:47,9,15538.078559027777
2023-04-04 00:43:11,2023-04-04 00:43:12,1,14833.2578125
2023-04-04 00:45:05,2023-04-04 00:45:06,1,15138.51953125
2023-04-04 00:46:11,2023-04-04 00:46:12,1,13959.4453125
2023-04-04 00:46:16,2023-04-04 00:46:34,18,15846.586805555555
2023-04-04 00:47:20,2023-04-04 00:47:21,1,16806.9921875
2023-04-04 00:48:09,2023-04-04 00:48:10,1,15163.3125
2023-04-04 00:48:19,2023-04-04 00:48:20,1,16368.6640625
2023-04-04 00:49:16,2023-04-04 00:49:17,1,14511.5390625
2023-04-04 00:49:45,2023-04-04 00:49:47,2,15493.310546875
2023-04-04 00:49:57,2023-04-04 00:50:06,9,17003.187065972223
2023-04-04 00:50:07,2023-04-04 00:50:29,22,17117.263316761364
2023-04-04 00:50:30,2023-04-04 00:50:31,1,14099.296875
2023-04-04 00:50:32,2023-04-04 00:51:37,65,17354.438040865385
2023-04-04 00:51:39,2023-04-04 00:51:41,2,14745.48046875
2023-04-04 00:51:45,2023-04-04 00:51:46,1,14098.12890625
2023-04-04 00:51:52,2023-04-04 00:52:00,8,16461.20947265625
2023-04-04 00:52:01,2023-04-04 00:52:02,1,13964.85546875
2023-04-04 00:52:08,2023-04-04 00:52:09,1,14286.828125
2023-04-04 00:52:10,2023-04-04 00:52:11,1,14090.390625
2023-04-04 00:52:13,2023-04-04 00:52:14,1,14028.828125
2023-04-04 00:52:22,2023-04-04 00:52:23,1,14199.28515625
2023-04-04 00:52:25,2023-04-04 00:52:48,23,16616.84952445652
2023-04-04 00:52:53,2023-04-04 00:53:09,16,17590.845703125
2023-04-04 00:53:11,2023-04-04 00:53:34,23,16130.03413722826
2023-04-04 00:53:39,2023-04-04 00:53:55,16,18074.64990234375
2023-04-04 00:54:09,2023-04-04 00:54:15,6,15506.497395833334
2023-04-04 00:54:17,2023-04-04 00:54:18,1,14352.91015625
2023-04-04 00:54:36,2023-04-04 00:54:40,4,14406.697265625
2023-04-04 00:54:44,2023-04-04 00:54:47,3,14260.955729166666
2023-04-04 00:55:00,2023-04-04 00:55:02,2,13975.02734375
2023-04-04 00:55:03,2023-04-04 00:55:13,10,14664.824609375
2023-04-04 00:55:14,2023-04-04 00:55:24,10,16358.236328125
2023-04-04 00:55:26,2023-04-04 00:56:14,48,17708.82568359375
2023-04-04 00:56:22,2023-04-04 00:56:28,6,15077.075520833334
2023-04-04 00:56:30,2023-04-04 00:57:59,89,17615.305916432586
2023-04-04 00:58:00,2023-04-04 00:58:06,6,14936.097005208334
2023-04-04 00:59:26,2023-04-04 00:59:27,1,14532.78515625
2023-04-04 00:59:30,2023-04-04 00:59:31,1,13938.36328125
2023-04-04 01:00:06,2023-04-04 01:00:07,1,14001.55859375
2023-04-04 01:00:09,2023-04-04 01:01:27,78,18045.16746794872
2023-04-04 01:01:29,2023-04-04 01:01:31,2,14137.5859375
2023-04-04 01:02:03,2023-04-04 01:02:04,1,13971.640625
2023-04-04 01:02:05,2023-04-04 01:02:08,3,14909.290364583334
2023-04-04 01:02:09,2023-04-04 01:02:19,10,15367.257421875
2023-04-05 02:13:25,2023-04-05 02:13:26,1,17016.15625
2023-04-05 02:26:14,2023-04-05 02:26:15,1,17408.765625
2023-04-05 02:26:16,2023-04-05 02:26:17,1,15911.53125
2023-04-05 02:26:18,2023-04-05 02:26:19,1,17941.30859375
2023-04-05 02:26:20,2023-04-05 02:26:21,1,16966.9375
2023-04-05 02:38:57,2023-04-05 02:38:58,1,18202.8125
2023-04-05 02:38:59,2023-04-05 02:39:00,1,13904.6875
2023-04-05 02:39:03,2023-04-05 02:39:04,1,14196.85546875
2023-04-05 02:51:41,2023-04-05 02:51:42,1,16731.29296875
2023-04-05 02:51:46,2023-04-05 02:51:47,1,16740.6484375
2023-04-05 03:04:23,2023-04-05 03:04:24,1,16323.01953125
2023-04-05 03:04:25,2023-04-05 03:04:26,1,15882.91796875
2023-04-05 03:04:27,2023-04-05 03:04:28,1,14456.984375
2023-04-05 03:04:29,2023-04-05 03:04:30,1,17824.6484375
2023-04-05 03:30:16,2023-04-05 03:30:17,1,14014.95703125
2023-04-05 03:30:18,2023-04-05 03:30:19,1,15044.3125
2023-04-05 03:30:20,2023-04-05 03:30:21,1,14767.18359375
2023-04-05 03:30:22,2023-04-05 03:30:23,1,15713.58203125
2023-04-05 03:42:58,2023-04-05 03:42:59,1,14349.23046875
2023-04-05 03:43:01,2023-04-05 03:43:02,1,18357.71875
2023-04-05 03:43:06,2023-04-05 03:43:07,1,15909.83203125
2023-04-05 03:55:59,2023-04-05 03:56:00,1,15216.7421875
2023-04-05 04:08:50,2023-04-05 04:08:51,1,15905.75
2023-04-05 04:08:52,2023-04-05 04:08:53,1,17778.1640625
2023-04-05 04:08:54,2023-04-05 04:08:55,1,17580.1171875
2023-04-05 04:08:56,2023-04-05 04:08:57,1,17747.7265625
2023-04-05 04:21:33,2023-04-05 04:21:34,1,15744.71484375
2023-04-05 04:21:39,2023-04-05 04:21:40,1,14463.6171875
2023-04-05 04:34:14,2023-04-05 04:34:15,1,16011.96484375
2023-04-05 05:12:54,2023-04-05 05:12:55,1,17375.0234375
2023-04-05 05:12:56,2023-04-05 05:12:57,1,16231.671875
2023-04-05 05:12:58,2023-04-05 05:12:59,1,16558.34375
2023-04-05 05:13:00,2023-04-05 05:13:01,1,18382.16015625
2023-04-05 05:25:57,2023-04-05 05:25:58,1,15539.49609375
2023-04-05 05:38:49,2023-04-05 05:38:50,1,18010.3515625
2023-04-05 05:38:51,2023-04-05 05:38:52,1,16090.40625
2023-04-05 05:38:55,2023-04-05 05:38:56,1,17171.92578125
2023-04-05 05:51:36,2023-04-05 05:51:37,1,15154.4609375
2023-04-05 05:51:38,2023-04-05 05:51:39,1,16102.015625
2023-04-05 06:04:21,2023-04-05 06:04:22,1,16186.90625
2023-04-05 06:04:23,2023-04-05 06:04:24,1,18264.71484375
2023-04-05 06:17:36,2023-04-05 06:17:37,1,14962.8359375
2023-04-05 06:17:38,2023-04-05 06:17:39,1,17455.70703125
2023-04-05 06:17:40,2023-04-05 06:17:41,1,17376.39453125
2023-04-05 06:30:35,2023-04-05 06:30:36,1,18013.3203125
2023-04-05 06:30:37,2023-04-05 06:30:38,1,15741.86328125
2023-04-05 06:30:41,2023-04-05 06:30:42,1,14106.14453125
2023-04-05 06:43:32,2023-04-05 06:43:33,1,15706.484375
2023-04-05 06:43:38,2023-04-05 06:43:39,1,17699.09765625
2023-04-05 06:56:58,2023-04-05 06:56:59,1,16595.68359375
2023-04-05 06:57:00,2023-04-05 06:57:01,1,17713.70703125
2023-04-05 06:57:02,2023-04-05 06:57:03,1,16336.89453125
2023-04-05 06:57:04,2023-04-05 06:57:05,1,16096.984375
2023-04-05 07:10:01,2023-04-05 07:10:02,1,15451.63671875
2023-04-05 07:22:57,2023-04-05 07:22:58,1,15709.05078125
2023-04-05 07:22:59,2023-04-05 07:23:00,1,17779.37109375
2023-04-05 07:23:01,2023-04-05 07:23:02,1,16251.05078125
2023-04-05 07:36:16,2023-04-05 07:36:17,1,17780.38671875
2023-04-05 07:36:19,2023-04-05 07:36:20,1,17854.109375
2023-04-05 07:49:18,2023-04-05 07:49:19,1,16156.47265625
2023-04-05 07:49:22,2023-04-05 07:49:23,1,15144.98046875
2023-04-05 08:02:19,2023-04-05 08:02:20,1,17670.83984375
2023-04-05 08:02:21,2023-04-05 08:02:22,1,14530.3984375
2023-04-05 08:15:16,2023-04-05 08:15:17,1,18215.5234375
2023-04-05 08:28:41,2023-04-05 08:28:42,1,17848.00390625
2023-04-05 08:28:43,2023-04-05 08:28:44,1,14099.1484375
2023-04-05 08:41:41,2023-04-05 08:41:42,1,17278.42578125
2023-04-05 08:41:49,2023-04-05 08:41:50,1,15226.109375
2023-04-05 08:54:44,2023-04-05 08:54:45,1,15152.44140625
2023-04-05 08:54:46,2023-04-05 08:54:47,1,14880.2265625
2023-04-05 08:54:48,2023-04-05 08:54:49,1,17639.44140625
2023-04-05 08:54:50,2023-04-05 08:54:51,1,17840.43359375
2023-04-05 09:12:48,2023-04-05 09:13:13,25,18268.35375
2023-04-05 09:23:02,2023-04-05 09:23:03,1,15310.078125
2023-04-05 09:56:39,2023-04-05 09:56:40,1,15202.40234375
2023-04-05 09:56:55,2023-04-05 09:56:56,1,13881.85546875
2023-04-05 10:18:57,2023-04-05 10:18:58,1,15326.30078125
2023-04-05 10:18:59,2023-04-05 10:19:00,1,17590.515625
2023-04-05 10:19:03,2023-04-05 10:19:04,1,14260.65625
2023-04-05 10:24:25,2023-04-05 10:24:26,1,15779.7265625
2023-04-05 10:24:27,2023-04-05 10:24:29,2,17183.15234375
2023-04-05 10:28:16,2023-04-05 10:28:17,1,15993.37109375
2023-04-05 10:28:18,2023-04-05 10:28:19,1,23699.828125
2023-04-05 10:32:47,2023-04-05 10:32:48,1,16037.80078125
2023-04-05 10:32:50,2023-04-05 10:32:51,1,20523.08984375
2023-04-05 10:39:03,2023-04-05 10:39:04,1,14947.8046875
2023-04-05 10:39:12,2023-04-05 10:39:13,1,25951.984375
2023-04-05 10:41:59,2023-04-05 10:42:01,2,19195.037109375
2023-04-05 10:43:48,2023-04-05 10:43:49,1,14267.5703125
2023-04-05 10:43:50,2023-04-05 10:43:52,2,19346.404296875
2023-04-05 10:46:03,2023-04-05 10:46:04,1,15119.125
2023-04-05 10:46:05,2023-04-05 10:46:06,1,17857.01171875
2023-04-05 10:49:21,2023-04-05 10:49:22,1,18843.41796875
2023-04-05 10:49:23,2023-04-05 10:49:24,1,23843.50390625
2023-04-05 11:00:07,2023-04-05 11:00:08,1,15289.01953125
2023-04-05 11:00:17,2023-04-05 11:00:18,1,15590.37890625
2023-04-05 11:00:30,2023-04-05 11:00:31,1,16455.41796875
2023-04-05 11:40:56,2023-04-05 11:40:57,1,17997.68359375
2023-04-05 11:41:09,2023-04-05 11:41:10,1,19100.97265625
2023-04-05 11:41:16,2023-04-05 11:41:17,1,13982.95703125
2023-04-05 12:00:10,2023-04-05 12:00:11,1,14446.39453125
2023-04-05 12:00:17,2023-04-05 12:00:18,1,17608.40234375
2023-04-05 12:12:20,2023-04-05 12:12:21,1,13965.28125
2023-04-05 12:12:37,2023-04-05 12:12:38,1,20119.45703125
2023-04-05 12:25:11,2023-04-05 12:25:12,1,18951.57421875
2023-04-05 12:25:31,2023-04-05 12:25:32,1,20827.46484375
2023-04-05 12:40:47,2023-04-05 12:40:48,1,14399.15234375
2023-04-05 12:41:00,2023-04-05 12:41:01,1,19849.7421875
2023-04-05 12:41:06,2023-04-05 12:41:07,1,15209.6328125
2023-04-05 12:54:59,2023-04-05 12:55:22,23,19526.05672554348
2023-04-07 11:44:08,2023-04-07 11:44:47,39,23017.21033653846
2023-04-10 16:20:10,2023-04-10 16:21:05,55,17352.533948863635
2023-04-10 16:21:08,2023-04-10 16:21:44,36,16513.120442708332
2023-04-11 21:43:16,2023-04-11 21:54:21,665,44735.03081531955
2023-04-12 13:14:39,2023-04-12 14:18:42,3843,34702.69966395882
2023-04-12 14:18:43,2023-04-12 14:18:47,4,14585.0126953125
2023-04-12 14:18:48,2023-04-12 14:18:53,5,14327.82265625
2023-04-12 14:18:54,2023-04-12 14:18:55,1,14451.55859375
2023-04-12 14:18:56,2023-04-12 14:18:59,3,14230.279947916666
2023-04-12 14:19:00,2023-04-12 14:19:04,4,14203.681640625
2023-04-12 14:19:05,2023-04-12 14:19:07,2,14297.3203125
2023-04-12 14:19:08,2023-04-12 14:19:11,3,13971.2890625
2023-04-12 14:19:18,2023-04-12 14:19:19,1,13891.0078125
2023-04-20 19:19:40,2023-04-20 19:19:54,14,17657.891183035714
2023-04-20 19:20:43,2023-04-20 19:20:44,1,14355.0
2023-04-20 19:20:45,2023-04-20 19:20:46,1,14546.8125
2023-04-23 11:20:11,2023-04-23 11:20:12,1,14511.8984375
2023-04-23 11:25:20,2023-04-23 11:25:22,2,14447.060546875
2023-04-23 11:25:23,2023-04-23 11:25:31,8,14713.97705078125
2023-04-23 11:25:53,2023-04-23 11:25:56,3,15043.196614583334
2023-04-23 11:25:57,2023-04-23 11:26:02,5,14833.3359375
2023-04-23 11:26:07,2023-04-23 11:26:08,1,13870.421875
2023-04-23 11:28:39,2023-04-23 11:28:40,1,14474.41015625
2023-04-23 11:29:52,2023-04-23 11:30:04,12,15156.299153645834
2023-04-23 11:30:15,2023-04-23 11:30:17,2,15008.064453125
2023-04-23 11:30:18,2023-04-23 11:30:19,1,14450.73828125
2023-04-23 11:30:20,2023-04-23 11:30:26,6,14875.402994791666
2023-04-23 11:31:16,2023-04-23 11:31:19,3,14148.12109375
2023-04-23 11:31:33,2023-04-23 11:31:34,1,15312.53125
2023-04-23 11:31:39,2023-04-23 11:31:40,1,13989.24609375
2023-04-23 11:32:13,2023-04-23 11:32:14,1,14107.84765625
2023-04-23 11:32:15,2023-04-23 11:32:25,10,16332.135546875
2023-04-23 11:32:29,2023-04-23 11:32:35,6,15092.97265625
2023-04-23 11:33:48,2023-04-23 11:33:56,8,15333.59521484375
2023-04-23 11:33:57,2023-04-23 11:33:59,2,14661.42578125
2023-04-23 11:34:01,2023-04-23 11:34:02,1,14138.5546875
2023-04-23 11:34:47,2023-04-23 11:34:51,4,14054.4619140625
2023-04-23 11:35:12,2023-04-23 11:35:13,1,14814.0
2023-04-23 11:35:18,2023-04-23 11:35:24,6,14393.285807291666
2023-04-23 11:35:25,2023-04-23 11:35:26,1,14431.78515625
2023-04-23 11:35:29,2023-04-23 11:35:41,12,15482.7138671875
2023-04-23 11:37:13,2023-04-23 11:37:15,2,14014.462890625
2023-04-23 11:39:30,2023-04-23 11:39:36,6,15810.222005208334
2023-04-23 11:39:37,2023-04-23 11:39:38,1,14717.15234375
2023-04-23 11:39:39,2023-04-23 11:39:45,6,14410.35546875
2023-04-23 11:40:11,2023-04-23 11:40:13,2,14266.62109375
2023-04-23 11:40:18,2023-04-23 11:40:22,4,14354.654296875
2023-04-23 11:40:26,2023-04-23 11:40:41,15,15739.482291666667
2023-04-23 11:41:33,2023-04-23 11:41:36,3,14579.100260416666
2023-04-23 11:44:12,2023-04-23 11:44:15,3,14499.065104166666
2023-04-23 11:45:16,2023-04-23 11:45:17,1,13946.875
2023-04-23 11:45:58,2023-04-23 11:45:59,1,14062.33203125
2023-04-23 11:47:52,2023-04-23 11:47:57,5,15479.91171875
2023-04-23 11:49:27,2023-04-23 11:49:28,1,14455.28515625
2023-04-23 11:49:54,2023-04-23 11:49:57,3,14906.971354166666
2023-04-23 11:50:47,2023-04-23 11:50:48,1,15029.5703125
2023-04-23 11:52:13,2023-04-23 11:52:15,2,15173.49609375
2023-04-23 11:58:07,2023-04-23 11:58:08,1,14180.5234375
2023-04-23 11:58:09,2023-04-23 11:58:11,2,14332.2734375
2023-04-23 11:58:14,2023-04-23 11:58:17,3,14578.895833333334
2023-04-23 12:01:13,2023-04-23 12:01:18,5,15123.98515625
2023-04-23 12:01:20,2023-04-23 12:01:21,1,14005.98828125
2023-04-23 12:01:24,2023-04-23 12:01:26,2,14516.2734375
2023-04-23 12:01:33,2023-04-23 12:01:34,1,13916.6484375
2023-04-23 12:03:43,2023-04-23 12:03:44,1,15212.37890625
2023-04-23 12:04:51,2023-04-23 12:04:52,1,14203.83984375
2023-04-23 12:04:59,2023-04-23 12:05:02,3,14459.860677083334
2023-04-28 16:00:19,2023-04-28 16:00:28,9,14750.27734375
2023-04-28 16:00:31,2023-04-28 16:00:34,3,15948.5234375
2023-04-28 16:00:35,2023-04-28 16:00:44,9,15448.881076388889
2023-04-30 22:19:26,2023-04-30 22:21:16,110,29168.005575284093
2023-04-30 22:21:27,2023-04-30 22:21:28,1,15307.8046875
2023-04-30 22:22:28,2023-04-30 22:22:31,3,14798.358072916666
2023-04-30 22:22:32,2023-04-30 22:22:37,5,14574.30546875
2023-04-30 22:22:41,2023-04-30 22:22:43,2,15297.474609375
2023-04-30 22:22:44,2023-04-30 22:23:12,28,16559.39773995536
2023-04-30 22:23:13,2023-04-30 22:23:28,15,17640.489583333332
2023-04-30 22:23:33,2023-04-30 22:24:34,61,20965.292456454918
2023-04-30 22:25:13,2023-04-30 22:25:52,39,18379.72626201923
2023-04-30 22:25:56,2023-04-30 22:25:57,1,14766.0
2023-04-30 22:26:04,2023-04-30 22:26:16,12,16549.529622395832
2023-04-30 22:26:18,2023-04-30 22:26:26,8,16190.85009765625
2023-04-30 22:26:30,2023-04-30 22:26:46,16,16135.595703125
2023-04-30 22:26:50,2023-04-30 22:26:53,3,14452.432291666666
2023-04-30 22:27:50,2023-04-30 22:28:17,27,19922.107783564814
2023-04-30 22:28:33,2023-04-30 22:28:37,4,14862.9638671875
2023-04-30 22:28:38,2023-04-30 22:28:45,7,15704.568080357143
2023-04-30 22:28:46,2023-04-30 22:28:51,5,14632.61171875
2023-04-30 22:28:53,2023-04-30 22:29:19,26,16950.90880408654
2023-04-30 22:29:20,2023-04-30 22:29:31,11,14752.125710227272
2023-04-30 22:29:32,2023-04-30 22:29:33,1,14689.71484375
2023-04-30 22:29:34,2023-04-30 22:29:36,2,14332.716796875
2023-04-30 22:29:42,2023-04-30 22:30:12,30,17516.1734375
2023-04-30 22:30:13,2023-04-30 22:30:15,2,15143.6875
2023-04-30 22:30:19,2023-04-30 22:30:22,3,14325.087239583334
2023-04-30 22:30:24,2023-04-30 22:30:27,3,14672.811197916666
2023-04-30 22:30:30,2023-04-30 22:30:32,2,14656.5625
2023-04-30 22:30:33,2023-04-30 22:30:36,3,14449.427083333334
2023-04-30 22:30:42,2023-04-30 22:30:46,4,14248.259765625
2023-04-30 22:31:08,2023-04-30 22:31:09,1,14397.7578125
2023-04-30 22:31:20,2023-04-30 22:31:23,3,14217.196614583334
2023-04-30 22:31:27,2023-04-30 22:31:30,3,14742.977864583334
2023-04-30 22:31:47,2023-04-30 22:31:52,5,14818.39140625
2023-04-30 22:32:05,2023-04-30 22:32:07,2,14412.90234375
2023-04-30 22:32:20,2023-04-30 22:32:24,4,14960.9501953125
2023-04-30 22:32:25,2023-04-30 22:32:28,3,14272.873697916666
2023-04-30 22:32:31,2023-04-30 22:32:39,8,15138.6005859375
2023-04-30 22:32:40,2023-04-30 22:32:41,1,13860.05078125
2023-04-30 22:32:42,2023-04-30 22:32:43,1,15364.73046875
2023-04-30 22:32:47,2023-04-30 22:32:52,5,15242.0828125
2023-04-30 22:32:54,2023-04-30 22:33:13,19,16471.895559210527
2023-04-30 22:33:17,2023-04-30 22:34:23,66,17742.392933238636
2023-04-30 22:34:24,2023-04-30 22:34:29,5,16587.89453125
2023-04-30 22:34:39,2023-04-30 22:34:40,1,14415.59375
2023-04-30 22:34:41,2023-04-30 22:34:43,2,14441.45703125
2023-04-30 22:34:48,2023-04-30 22:36:13,85,18898.187959558825
2023-04-30 22:36:17,2023-04-30 22:36:23,6,15865.3359375
2023-04-30 22:36:24,2023-04-30 22:36:25,1,13953.53125
2023-04-30 22:36:26,2023-04-30 22:36:28,2,14293.083984375
2023-04-30 22:36:29,2023-04-30 22:36:30,1,14421.8515625
2023-04-30 22:37:05,2023-04-30 22:37:06,1,14295.609375
2023-04-30 22:37:07,2023-04-30 22:37:08,1,14032.23828125
2023-04-30 22:37:35,2023-04-30 22:37:36,1,14039.34375
2023-04-30 22:38:13,2023-04-30 22:38:14,1,13866.40625
2023-04-30 22:38:15,2023-04-30 22:38:26,11,16544.27556818182
2023-04-30 22:38:31,2023-04-30 22:38:38,7,14552.500558035714
2023-04-30 22:38:39,2023-04-30 22:38:49,10,16130.01328125
2023-04-30 22:38:50,2023-04-30 22:39:19,29,16359.34213362069
2023-04-30 22:39:20,2023-04-30 22:39:25,5,16050.6609375
2023-04-30 22:39:26,2023-04-30 22:41:08,102,20090.28956035539
2023-04-30 22:41:09,2023-04-30 22:41:13,4,16048.3916015625
2023-04-30 22:41:17,2023-04-30 22:41:20,3,14815.8203125
2023-04-30 22:43:18,2023-04-30 22:43:20,2,14459.24609375
2023-04-30 22:43:21,2023-04-30 22:44:27,66,19984.694779829544
2023-04-30 22:44:33,2023-04-30 22:44:37,4,15413.87890625
2023-04-30 22:44:39,2023-04-30 22:45:00,21,18688.61402529762
2023-04-30 22:45:01,2023-04-30 22:45:15,14,16806.815011160714
2023-04-30 22:45:16,2023-04-30 22:45:27,11,14924.056107954546
2023-04-30 22:45:40,2023-04-30 22:45:48,8,15390.8974609375
2023-04-30 22:45:57,2023-04-30 22:45:59,2,14641.2890625
2023-04-30 22:46:00,2023-04-30 22:46:05,5,15920.084375
2023-04-30 22:46:06,2023-04-30 22:46:07,1,14045.17578125
2023-04-30 22:46:08,2023-04-30 22:46:31,23,15475.528872282608
2023-04-30 22:46:32,2023-04-30 22:46:33,1,14327.43359375
2023-04-30 22:46:41,2023-04-30 22:46:45,4,14433.0478515625
2023-04-30 22:46:57,2023-04-30 22:46:59,2,14285.11328125
2023-04-30 22:47:04,2023-04-30 22:47:12,8,16666.810546875
2023-04-30 22:47:37,2023-04-30 22:47:39,2,15117.072265625
2023-04-30 22:48:05,2023-04-30 22:49:05,60,18485.940625
2023-04-30 22:49:23,2023-04-30 22:49:27,4,14675.068359375
2023-04-30 22:49:28,2023-04-30 22:49:33,5,15299.7796875
2023-04-30 22:49:47,2023-04-30 22:49:48,1,15184.64453125
2023-04-30 22:49:50,2023-04-30 22:50:39,49,18253.434709821428
2023-04-30 22:50:40,2023-04-30 22:50:46,6,15914.743489583334
2023-04-30 22:50:47,2023-04-30 22:50:50,3,15797.79296875
2023-04-30 22:50:53,2023-04-30 22:50:55,2,14968.41796875
2023-04-30 22:50:57,2023-04-30 22:50:58,1,15056.3828125
2023-05-04 07:24:55,2023-05-04 07:24:56,1,14412.734375
2023-05-04 07:24:57,2023-05-04 07:26:53,116,29545.147326239225
2023-05-04 07:28:55,2023-05-04 07:30:38,103,23313.99305976942
2023-05-04 07:30:39,2023-05-04 07:30:41,2,14290.361328125
2023-05-04 07:30:49,2023-05-04 07:31:23,34,17913.976677389706
2023-05-04 07:32:44,2023-05-04 07:32:45,1,13963.78125
2023-05-04 07:32:47,2023-05-04 07:32:51,4,14076.2724609375
2023-05-04 07:32:54,2023-05-04 07:32:55,1,15044.43359375
2023-05-04 07:32:56,2023-05-04 07:32:57,1,14326.7421875
2023-05-04 07:33:01,2023-05-04 07:33:22,21,18183.670572916668
2023-05-04 07:33:27,2023-05-04 07:33:28,1,13999.2265625
2023-05-04 07:33:31,2023-05-04 07:33:33,2,13993.96875
2023-05-04 07:33:38,2023-05-04 07:34:34,56,19921.483816964286
2023-05-04 07:34:50,2023-05-04 07:34:52,2,14151.091796875
2023-05-04 07:34:53,2023-05-04 07:34:56,3,14503.48046875
2023-05-04 07:34:59,2023-05-04 07:35:04,5,16179.54375
2023-05-04 07:35:45,2023-05-04 07:35:46,1,13997.11328125
2023-05-04 07:35:47,2023-05-04 07:35:51,4,15717.240234375
2023-05-04 07:35:53,2023-05-04 07:37:06,73,19043.59968964041
2023-05-04 07:37:16,2023-05-04 07:37:58,42,17797.18136160714
2023-05-04 07:38:05,2023-05-04 07:38:06,1,14041.16015625
2023-05-04 07:38:09,2023-05-04 07:38:14,5,15279.94921875
2023-05-04 07:38:28,2023-05-04 07:38:30,2,14572.826171875
2023-05-04 07:38:38,2023-05-04 07:39:09,31,17963.198210685485
2023-05-04 07:39:10,2023-05-04 07:39:14,4,14933.587890625
2023-05-04 07:39:16,2023-05-04 07:39:42,26,17355.928936298078
2023-05-04 07:39:43,2023-05-04 07:39:44,1,14658.328125
2023-05-04 07:39:45,2023-05-04 07:39:52,7,15352.545200892857
2023-05-04 07:39:55,2023-05-04 07:39:56,1,14151.84765625
2023-05-04 07:40:00,2023-05-04 07:40:01,1,15073.41796875
2023-05-04 07:40:06,2023-05-04 07:40:08,2,14354.244140625
2023-05-04 07:40:13,2023-05-04 07:40:28,15,17394.090104166666
2023-05-04 07:40:32,2023-05-04 07:40:33,1,14201.6875
2023-05-04 07:40:39,2023-05-04 07:40:40,1,13909.92578125
2023-05-04 07:40:41,2023-05-04 07:41:24,43,19015.59402252907
2023-05-04 07:41:31,2023-05-04 07:41:32,1,14420.26171875
2023-05-04 07:41:33,2023-05-04 07:41:47,14,17752.87667410714
2023-05-04 07:41:49,2023-05-04 07:41:50,1,16142.87890625
2023-05-04 07:41:51,2023-05-04 07:41:55,4,15218.35546875
2023-05-04 07:41:58,2023-05-04 07:43:22,84,17667.41015625
2023-05-04 07:43:37,2023-05-04 07:43:38,1,14539.36328125
2023-05-04 07:43:40,2023-05-04 07:43:41,1,15296.921875
2023-05-04 07:43:54,2023-05-04 07:43:55,1,14031.22265625
2023-05-04 07:43:56,2023-05-04 07:44:01,5,15163.975
2023-05-04 07:44:04,2023-05-04 07:44:18,14,16167.125279017857
2023-05-04 07:44:31,2023-05-04 07:44:32,1,14731.140625
2023-05-04 07:44:33,2023-05-04 07:45:00,27,17442.59837962963
2023-05-04 07:45:01,2023-05-04 07:45:06,5,15209.20703125
2023-05-04 07:45:24,2023-05-04 07:45:29,5,15304.12421875
2023-05-04 07:45:57,2023-05-04 07:46:01,4,17374.978515625
2023-05-04 07:46:04,2023-05-04 07:46:10,6,15777.55078125
2023-05-04 07:46:11,2023-05-04 07:46:17,6,15049.52734375
2023-05-04 07:47:09,2023-05-04 07:47:10,1,14143.66015625
2023-05-04 07:47:20,2023-05-04 07:47:21,1,14301.1328125
2023-05-04 07:47:37,2023-05-04 07:47:42,5,14610.38203125
2023-05-04 07:47:43,2023-05-04 07:47:46,3,15677.975260416666
2023-05-04 07:47:47,2023-05-04 07:47:48,1,14458.625
2023-05-04 07:47:50,2023-05-04 07:47:51,1,14310.7734375
2023-05-04 07:47:52,2023-05-04 07:47:55,3,14800.752604166666
2023-05-04 07:47:58,2023-05-04 07:48:00,2,14280.818359375
2023-05-04 07:48:30,2023-05-04 07:48:34,4,14575.966796875
2023-05-04 07:48:37,2023-05-04 07:48:40,3,14015.05078125
2023-05-04 07:48:41,2023-05-04 07:48:59,18,17347.87673611111
2023-05-04 07:49:00,2023-05-04 07:49:23,23,17307.250169836956
2023-05-04 07:49:27,2023-05-04 07:49:32,5,15261.953125
2023-05-04 07:49:38,2023-05-04 07:49:45,7,14557.529575892857
2023-05-04 07:49:46,2023-05-04 07:50:41,55,17530.13934659091
2023-05-04 07:50:43,2023-05-04 07:50:44,1,13972.203125
2023-05-04 07:50:48,2023-05-04 07:52:10,82,18194.497379954268
2023-05-04 07:52:11,2023-05-04 07:52:21,10,15956.71640625
2023-05-04 07:52:23,2023-05-04 07:52:35,12,16158.824869791666
2023-05-04 07:52:36,2023-05-04 07:52:43,7,16785.036272321428
2023-05-04 07:52:45,2023-05-04 07:52:46,1,14126.26171875
2023-05-04 07:52:48,2023-05-04 07:52:52,4,16043.9970703125
2023-05-04 07:53:12,2023-05-04 07:53:16,4,15531.7265625
2023-05-04 07:53:18,2023-05-04 07:53:25,7,15605.98046875
2023-05-04 07:53:31,2023-05-04 07:53:32,1,15295.2265625
2023-05-04 07:53:33,2023-05-04 07:53:37,4,15350.501953125
2023-05-04 07:53:38,2023-05-04 07:53:39,1,14680.14453125
2023-05-04 07:53:40,2023-05-04 07:53:45,5,15599.97265625
2023-05-04 07:53:52,2023-05-04 07:54:31,39,16988.257712339742
2023-05-04 07:54:37,2023-05-04 07:54:38,1,13858.49609375
2023-05-04 07:54:39,2023-05-04 07:54:40,1,15027.23828125
2023-05-04 07:54:44,2023-05-04 07:55:04,20,16848.78203125
2023-05-04 07:55:06,2023-05-04 07:55:39,33,18709.672821969696
2023-05-04 07:55:43,2023-05-04 07:55:44,1,14012.98828125
2023-05-04 07:56:00,2023-05-04 07:56:02,2,14373.880859375
2023-05-04 07:56:15,2023-05-04 07:56:19,4,15863.8837890625
2023-05-04 07:56:33,2023-05-04 07:56:47,14,14809.525669642857
2023-05-04 07:56:49,2023-05-04 07:56:52,3,14372.911458333334
2023-05-04 07:56:55,2023-05-04 07:57:00,5,15475.4421875
2023-05-04 07:57:04,2023-05-04 07:57:07,3,14180.584635416666
2023-05-04 07:57:11,2023-05-04 07:57:15,4,14724.2109375
2023-05-04 07:57:34,2023-05-04 07:57:35,1,14062.41015625
2023-05-04 07:57:37,2023-05-04 07:57:38,1,14061.45703125
2023-05-14 13:40:17,2023-05-14 13:41:30,73,23064.86531464041
2023-05-14 13:43:14,2023-05-14 13:43:15,1,15350.84765625
2023-05-14 13:43:16,2023-05-14 13:44:20,64,18611.952270507812
2023-05-14 13:44:27,2023-05-14 13:44:29,2,15089.4765625
2023-05-14 13:44:31,2023-05-14 13:44:32,1,14098.2890625
2023-05-14 13:46:19,2023-05-14 13:46:22,3,15708.236979166666
2023-05-14 13:46:24,2023-05-14 13:46:29,5,15244.39765625
2023-05-14 13:46:52,2023-05-14 13:46:53,1,15312.98828125
2023-05-14 13:46:59,2023-05-14 13:47:01,2,15194.265625
2023-05-14 13:47:04,2023-05-14 13:47:06,2,15110.064453125
2023-05-14 13:47:08,2023-05-14 13:47:11,3,15048.678385416666
2023-05-14 13:47:17,2023-05-14 13:47:18,1,14380.67578125
2023-05-14 13:47:22,2023-05-14 13:47:23,1,14007.37890625
2023-05-14 13:47:31,2023-05-14 13:47:33,2,14492.607421875
2023-05-14 13:47:50,2023-05-14 13:47:52,2,15112.474609375
2023-05-14 13:47:56,2023-05-14 13:47:57,1,14976.48046875
2023-05-14 13:47:59,2023-05-14 13:48:01,2,15262.3984375
2023-05-14 13:49:14,2023-05-14 13:49:17,3,14472.216145833334
2023-05-14 13:49:33,2023-05-14 13:49:36,3,14881.48046875
2023-05-14 13:49:45,2023-05-14 13:49:49,4,15768.5009765625
2023-05-14 13:49:50,2023-05-14 13:49:51,1,13860.6484375
2023-05-14 13:49:52,2023-05-14 13:49:55,3,14385.631510416666
2023-05-14 13:49:57,2023-05-14 13:50:12,15,17698.339322916665
2023-05-14 13:50:13,2023-05-14 13:50:19,6,15938.798177083334
2023-05-14 13:51:13,2023-05-14 13:51:14,1,14651.4609375
2023-05-14 13:51:36,2023-05-14 13:51:38,2,15218.642578125
2023-05-14 13:51:40,2023-05-14 13:51:41,1,13963.71875
2023-05-14 13:52:01,2023-05-14 13:52:03,2,13964.412109375
2023-05-14 13:52:04,2023-05-14 13:52:07,3,14383.8046875
2023-05-14 13:52:08,2023-05-14 13:52:10,2,16033.240234375
2023-05-14 13:52:39,2023-05-14 13:52:43,4,14497.2998046875
2023-05-14 13:52:46,2023-05-14 13:52:50,4,14513.4921875
2023-05-14 13:53:15,2023-05-14 13:53:16,1,14841.7734375
2023-05-14 13:53:32,2023-05-14 13:53:37,5,14801.9375
2023-05-14 13:53:38,2023-05-14 13:53:51,13,16768.838040865383
2023-05-14 13:54:27,2023-05-14 13:54:28,1,14758.859375
2023-05-14 13:54:37,2023-05-14 13:54:38,1,14028.08984375
2023-05-14 13:54:40,2023-05-14 13:54:42,2,14576.982421875
2023-05-14 13:54:43,2023-05-14 13:54:45,2,14171.755859375
2023-05-14 13:54:56,2023-05-14 13:54:59,3,15226.346354166666
2023-05-14 13:55:00,2023-05-14 13:55:06,6,15593.944661458334
2023-05-14 13:55:07,2023-05-14 13:55:10,3,14692.453125
2023-05-14 13:56:01,2023-05-14 13:56:02,1,13973.4921875
2023-05-14 13:56:03,2023-05-14 13:56:20,17,15885.51953125
2023-05-14 13:56:22,2023-05-14 13:56:23,1,13892.5703125
2023-05-14 13:56:25,2023-05-14 13:56:27,2,16679.4609375
2023-05-14 13:56:28,2023-05-14 13:56:32,4,14845.1826171875
2023-05-14 13:57:06,2023-05-14 13:57:09,3,14373.803385416666
2023-05-14 13:57:10,2023-05-14 13:57:12,2,14055.66015625
2023-05-14 13:57:19,2023-05-14 13:57:21,2,15503.095703125
2023-05-14 13:58:43,2023-05-14 13:58:44,1,15094.82421875
2023-05-14 13:59:01,2023-05-14 13:59:03,2,15652.080078125
2023-05-14 13:59:29,2023-05-14 13:59:41,12,17101.8037109375
2023-05-14 13:59:42,2023-05-14 13:59:43,1,14019.79296875
2023-05-14 13:59:47,2023-05-14 14:00:18,31,16607.44002016129
2023-05-14 14:00:59,2023-05-14 14:01:00,1,13920.6015625
2023-05-14 14:01:08,2023-05-14 14:01:11,3,15720.020833333334
2023-05-14 14:01:24,2023-05-14 14:01:25,1,14266.109375
2023-05-14 14:01:26,2023-05-14 14:01:27,1,14445.58984375
2023-05-14 14:01:28,2023-05-14 14:01:29,1,13864.65625
2023-05-14 14:01:38,2023-05-14 14:01:39,1,13940.41015625
2023-05-14 14:01:49,2023-05-14 14:01:50,1,15892.90234375
2023-05-14 14:02:41,2023-05-14 14:02:43,2,14597.685546875
2023-05-14 14:02:47,2023-05-14 14:02:50,3,15850.67578125
2023-05-14 14:02:52,2023-05-14 14:02:54,2,14033.65625
2023-05-14 14:02:55,2023-05-14 14:03:03,8,15091.08154296875
2023-05-14 14:03:06,2023-05-14 14:03:16,10,16334.77109375
2023-05-14 14:03:17,2023-05-14 14:03:22,5,14878.18984375
2023-05-14 14:03:24,2023-05-14 14:03:27,3,14851.768229166666
2023-05-14 14:04:17,2023-05-14 14:04:19,2,14129.658203125
2023-05-14 14:04:27,2023-05-14 14:04:29,2,16223.296875
2023-05-14 14:04:32,2023-05-14 14:04:33,1,14457.9375
2023-05-14 14:04:36,2023-05-14 14:04:40,4,15135.1259765625
2023-05-14 14:04:41,2023-05-14 14:04:43,2,15449.353515625
2023-05-14 14:05:10,2023-05-14 14:05:12,2,15043.197265625
2023-05-14 14:05:17,2023-05-14 14:05:18,1,14423.41796875
2023-05-14 14:05:22,2023-05-14 14:05:24,2,15287.091796875
2023-05-14 14:05:51,2023-05-14 14:05:53,2,14390.802734375
2023-05-14 14:06:11,2023-05-14 14:06:12,1,14102.234375
2023-05-14 14:06:13,2023-05-14 14:06:17,4,15040.4755859375
2023-05-14 14:06:19,2023-05-14 14:06:21,2,14862.90625
2023-05-14 14:06:23,2023-05-14 14:06:25,2,15582.6875
2023-05-14 14:08:25,2023-05-14 14:08:26,1,14642.09375
2023-05-14 14:08:27,2023-05-14 14:08:36,9,15420.049045138889
2023-05-14 14:09:15,2023-05-14 14:09:17,2,14205.6953125
2023-05-14 14:09:20,2023-05-14 14:09:23,3,14372.346354166666
2023-05-14 14:09:24,2023-05-14 14:09:37,13,15783.249399038461
2023-05-14 14:09:39,2023-05-14 14:09:43,4,15290.6689453125
2023-05-14 14:09:52,2023-05-14 14:09:53,1,14749.39453125
2023-05-14 14:10:49,2023-05-14 14:10:51,2,19122.162109375
2023-05-14 14:10:52,2023-05-14 14:11:06,14,16563.313337053572
2023-05-14 14:11:45,2023-05-14 14:11:47,2,17302.44140625
2023-05-14 14:13:00,2023-05-14 14:13:03,3,14671.256510416666
2023-05-14 14:13:13,2023-05-14 14:13:16,3,15575.774739583334
2023-05-14 14:13:17,2023-05-14 14:13:32,15,17935.590364583335
2023-05-14 14:13:33,2023-05-14 14:13:34,1,14700.23828125
2023-05-14 14:13:39,2023-05-14 14:13:40,1,13906.57421875
2023-05-14 14:13:43,2023-05-14 14:13:46,3,14389.602864583334
2023-05-14 14:13:49,2023-05-14 14:13:57,8,16661.46923828125
2023-05-14 14:14:09,2023-05-14 14:14:11,2,14304.55859375
2023-05-14 14:15:57,2023-05-14 14:15:59,2,14786.53515625
2023-05-14 14:16:15,2023-05-14 14:16:35,20,15491.7849609375
2023-05-14 14:16:56,2023-05-14 14:16:57,1,14036.1328125
2023-05-14 14:16:59,2023-05-14 14:17:02,3,14246.244791666666
2023-05-14 14:17:03,2023-05-14 14:17:04,1,15334.546875
2023-05-14 14:17:51,2023-05-14 14:17:52,1,14180.51171875
2023-05-14 14:18:01,2023-05-14 14:18:04,3,14949.384114583334
2023-05-14 14:18:05,2023-05-14 14:18:08,3,15606.760416666666
2023-05-14 14:18:44,2023-05-14 14:18:46,2,14027.49609375
2023-05-14 14:18:50,2023-05-14 14:18:53,3,15922.524739583334
2023-05-14 14:19:18,2023-05-14 14:19:20,2,16791.0390625
2023-05-14 14:19:24,2023-05-14 14:19:26,2,19162.2890625
2023-05-14 14:20:16,2023-05-14 14:20:20,4,14720.8984375
2023-05-14 14:20:21,2023-05-14 14:20:22,1,14162.6796875
2023-05-14 14:20:25,2023-05-14 14:20:40,15,15489.454166666666
2023-05-14 14:20:49,2023-05-14 14:20:50,1,14878.25390625
2023-05-14 14:20:59,2023-05-14 14:21:00,1,14979.0234375
2023-05-14 14:22:14,2023-05-14 14:22:23,9,15327.174045138889
2023-05-14 14:23:25,2023-05-14 14:23:29,4,14729.388671875
2023-05-14 14:23:30,2023-05-14 14:23:31,1,15461.9609375
2023-05-14 14:23:32,2023-05-14 14:23:34,2,17390.138671875
2023-05-14 14:23:37,2023-05-14 14:23:43,6,14692.190104166666
2023-05-14 14:24:10,2023-05-14 14:24:11,1,14082.77734375
2023-05-14 14:25:10,2023-05-14 14:25:12,2,15498.3984375
2023-05-14 14:25:27,2023-05-14 14:25:28,1,14116.71875
2023-05-20 05:09:34,2023-05-20 05:09:35,1,14887.171875
2023-05-20 05:10:03,2023-05-20 05:10:04,1,19869.77734375
2023-05-20 05:10:07,2023-05-20 05:10:09,2,19178.74609375
2023-06-01 17:06:20,2023-06-01 17:07:02,42,22173.268880208332
2023-06-02 15:52:26,2023-06-02 15:52:30,4,17972.3115234375
2023-06-02 15:52:39,2023-06-02 15:52:43,4,18798.2900390625
2023-06-02 15:52:52,2023-06-02 15:52:55,3,21305.963541666668
2023-06-02 15:53:05,2023-06-02 15:53:08,3,19662.139322916668
2023-06-02 15:53:18,2023-06-02 15:53:20,2,16073.7265625
2023-06-02 15:53:33,2023-06-02 15:53:35,2,15363.01171875
2023-06-02 15:53:49,2023-06-02 15:53:51,2,16914.916015625
2023-06-02 15:54:04,2023-06-02 15:54:06,2,15618.529296875
2023-06-02 15:54:19,2023-06-02 15:54:20,1,17336.56640625
2023-06-02 15:54:33,2023-06-02 15:54:36,3,17240.467447916668
2023-06-02 15:54:46,2023-06-02 15:54:50,4,17791.046875
2023-06-02 15:55:00,2023-06-02 15:55:03,3,20516.580729166668
2023-06-02 15:55:13,2023-06-02 15:55:16,3,20568.212239583332
2023-06-02 15:55:26,2023-06-02 15:55:29,3,18503.583333333332
2023-06-02 15:55:39,2023-06-02 15:55:42,3,19478.51171875
2023-06-02 15:55:52,2023-06-02 15:55:55,3,18689.770833333332
2023-06-02 15:56:04,2023-06-02 15:56:08,4,15675.802734375
2023-06-02 15:56:18,2023-06-02 15:56:20,2,16172.89453125
2023-06-02 15:56:31,2023-06-02 15:56:32,1,13927.67578125
2023-06-02 15:56:44,2023-06-02 15:56:45,1,14601.8125
2023-06-02 15:56:53,2023-06-02 15:56:54,1,14214.01171875
2023-06-02 15:56:58,2023-06-02 15:56:59,1,14990.14453125
2023-06-02 15:57:23,2023-06-02 15:57:24,1,14482.13671875
2023-06-02 15:57:30,2023-06-02 15:57:31,1,14636.37890625
2023-06-02 15:58:39,2023-06-02 15:58:40,1,14445.94140625
2023-06-02 15:59:04,2023-06-02 15:59:05,1,14386.69140625
2023-06-02 15:59:44,2023-06-02 15:59:45,1,15223.9453125
2023-06-02 15:59:56,2023-06-02 15:59:58,2,14029.890625
2023-06-02 16:00:09,2023-06-02 16:00:10,1,15816.64453125
2023-06-02 16:00:21,2023-06-02 16:00:22,1,15833.7578125
2023-06-02 16:00:33,2023-06-02 16:00:34,1,16378.1328125
2023-06-02 16:00:45,2023-06-02 16:00:46,1,16448.8515625
2023-06-02 16:00:57,2023-06-02 16:00:58,1,15852.87890625
2023-06-02 16:01:09,2023-06-02 16:01:10,1,16174.16015625
2023-06-02 16:01:21,2023-06-02 16:01:23,2,14631.361328125
2023-06-02 16:01:33,2023-06-02 16:01:35,2,14493.677734375
2023-06-02 16:01:45,2023-06-02 16:01:47,2,17035.431640625
2023-06-02 16:01:57,2023-06-02 16:01:59,2,18212.76171875
2023-06-02 16:02:09,2023-06-02 16:02:11,2,17866.720703125
2023-06-02 16:02:21,2023-06-02 16:02:23,2,18796.521484375
2023-06-02 16:02:33,2023-06-02 16:02:36,3,16274.453125
2023-06-02 16:02:56,2023-06-02 16:02:59,3,20564.40625
2023-06-02 16:03:08,2023-06-02 16:03:11,3,19564.23046875
2023-06-02 16:03:21,2023-06-02 16:03:24,3,19699.93359375
2023-06-02 16:03:33,2023-06-02 16:03:36,3,20141.373697916668
2023-06-02 16:03:46,2023-06-02 16:03:49,3,20527.208333333332
2023-06-02 16:03:58,2023-06-02 16:04:01,3,20736.44921875
2023-06-02 16:04:11,2023-06-02 16:04:14,3,20326.634114583332
2023-06-02 16:04:23,2023-06-02 16:04:27,4,17849.9462890625
2023-06-02 16:04:36,2023-06-02 16:04:39,3,20082.10546875
2023-06-02 16:04:48,2023-06-02 16:04:52,4,16906.767578125
2023-06-02 16:05:01,2023-06-02 16:05:05,4,18076.4208984375
2023-06-02 16:05:14,2023-06-02 16:05:17,3,20513.9453125
2023-06-02 16:05:26,2023-06-02 16:05:30,4,18423.2724609375
2023-06-02 16:05:39,2023-06-02 16:05:42,3,19781.645833333332
2023-06-02 16:05:52,2023-06-02 16:05:55,3,19543.111979166668
2023-06-02 16:06:04,2023-06-02 16:06:07,3,18867.475260416668
2023-06-02 16:06:16,2023-06-02 16:06:20,4,16534.89453125
2023-06-02 16:06:29,2023-06-02 16:06:32,3,18149.850260416668
2023-06-02 16:06:41,2023-06-02 16:06:45,4,16708.2939453125
2023-06-02 16:06:54,2023-06-02 16:06:57,3,17648.2265625
2023-06-02 16:07:07,2023-06-02 16:07:09,2,17226.248046875
2023-06-02 16:07:19,2023-06-02 16:07:21,2,16485.548828125
2023-06-02 16:07:32,2023-06-02 16:07:33,1,18241.84765625
2023-06-02 16:07:59,2023-06-02 16:08:00,1,14485.8515625
2023-06-02 16:08:23,2023-06-02 16:08:24,1,14700.33984375
2023-06-02 16:08:36,2023-06-02 16:08:37,1,17343.875
2023-06-02 16:08:48,2023-06-02 16:08:49,1,17095.15625
2023-06-02 16:09:01,2023-06-02 16:09:02,1,16945.4453125
2023-06-02 16:09:13,2023-06-02 16:09:14,1,17694.76171875
2023-06-02 16:09:19,2023-06-02 16:09:20,1,14756.48828125
2023-06-02 16:09:26,2023-06-02 16:09:27,1,15746.12890625
2023-06-02 16:09:31,2023-06-02 16:09:32,1,14850.48828125
2023-06-02 16:09:38,2023-06-02 16:09:39,1,17079.0
2023-06-02 16:09:51,2023-06-02 16:09:52,1,17263.453125
2023-06-02 16:09:55,2023-06-02 16:09:56,1,14683.0234375
2023-06-02 16:10:03,2023-06-02 16:10:04,1,15758.76953125
2023-06-02 16:10:07,2023-06-02 16:10:08,1,15413.61328125
2023-06-02 16:10:19,2023-06-02 16:10:21,2,15036.4375
2023-06-02 16:10:29,2023-06-02 16:10:30,1,17045.7578125
2023-06-02 16:10:31,2023-06-02 16:10:33,2,17035.40234375
2023-06-02 16:10:42,2023-06-02 16:10:45,3,18379.072916666668
2023-06-02 16:10:54,2023-06-02 16:10:57,3,19207.209635416668
2023-06-02 16:11:06,2023-06-02 16:11:10,4,16589.2861328125
2023-06-02 16:11:20,2023-06-02 16:11:24,4,16203.830078125
2023-06-02 16:11:34,2023-06-02 16:11:37,3,20179.869791666668
2023-06-02 16:11:47,2023-06-02 16:11:50,3,18917.497395833332
2023-06-02 16:11:59,2023-06-02 16:12:02,3,19313.459635416668
2023-06-02 16:12:12,2023-06-02 16:12:15,3,20160.23046875
2023-06-02 16:12:24,2023-06-02 16:12:27,3,19197.190104166668
2023-06-02 16:12:37,2023-06-02 16:12:40,3,21111.920572916668
2023-06-02 16:12:49,2023-06-02 16:12:52,3,20499.897135416668
2023-06-02 16:13:01,2023-06-02 16:13:05,4,17847.166015625
2023-06-02 16:13:14,2023-06-02 16:13:17,3,20830.98828125
2023-06-02 16:13:26,2023-06-02 16:13:30,4,18025.712890625
2023-06-02 16:13:39,2023-06-02 16:13:42,3,20294.799479166668
2023-06-02 16:13:51,2023-06-02 16:13:55,4,17016.642578125
2023-06-02 16:14:05,2023-06-02 16:14:07,2,21584.046875
2023-06-02 16:14:18,2023-06-02 16:14:22,4,17741.3564453125
2023-06-02 16:14:32,2023-06-02 16:14:34,2,20221.94140625
2023-06-02 16:14:45,2023-06-02 16:14:48,3,16864.3828125
2023-06-02 16:15:00,2023-06-02 16:15:02,2,20643.42578125
2023-06-02 16:15:13,2023-06-02 16:15:15,2,20901.54296875
2023-06-02 16:15:27,2023-06-02 16:15:29,2,19382.736328125
2023-06-02 16:15:41,2023-06-02 16:15:44,3,17261.567708333332
2023-06-02 16:15:53,2023-06-02 16:15:56,3,19993.954427083332
2023-06-02 16:16:06,2023-06-02 16:16:09,3,21580.264322916668
2023-06-02 16:16:18,2023-06-02 16:16:21,3,21116.412760416668
2023-06-02 16:16:31,2023-06-02 16:16:34,3,20554.36328125
2023-06-02 16:16:43,2023-06-02 16:16:46,3,21245.078125
2023-06-02 16:16:55,2023-06-02 16:16:59,4,18523.9375
2023-06-02 16:17:08,2023-06-02 16:17:11,3,20886.282552083332
2023-06-02 16:17:20,2023-06-02 16:17:24,4,18326.8974609375
2023-06-02 16:17:33,2023-06-02 16:17:36,3,20035.88671875
2023-06-02 16:17:45,2023-06-02 16:17:48,3,19981.291666666668
2023-06-02 16:17:58,2023-06-02 16:18:01,3,20213.3125
2023-06-02 16:18:10,2023-06-02 16:18:14,4,17656.9052734375
2023-06-02 16:18:24,2023-06-02 16:18:27,3,20413.5859375
2023-06-02 16:18:36,2023-06-02 16:18:39,3,19191.0
2023-06-02 16:18:49,2023-06-02 16:18:52,3,17847.8828125
2023-06-02 16:19:03,2023-06-02 16:19:05,2,17468.8046875
2023-06-02 16:19:15,2023-06-02 16:19:17,2,17673.251953125
2023-06-02 16:19:27,2023-06-02 16:19:29,2,17292.1953125
2023-06-02 16:19:39,2023-06-02 16:19:41,2,16696.193359375
2023-06-02 16:19:52,2023-06-02 16:19:54,2,16789.763671875
2023-06-02 16:20:01,2023-06-02 16:20:02,1,14206.96484375
2023-06-02 16:20:04,2023-06-02 16:20:06,2,16292.904296875
2023-06-02 16:20:13,2023-06-02 16:20:14,1,14566.0
2023-06-02 16:20:16,2023-06-02 16:20:17,1,17778.875
2023-06-02 16:20:28,2023-06-02 16:20:29,1,16792.36328125
2023-06-02 16:20:40,2023-06-02 16:20:42,2,16315.9140625
2023-06-02 16:20:48,2023-06-02 16:20:49,1,14046.55859375
2023-06-02 16:20:52,2023-06-02 16:20:54,2,14862.52734375
2023-06-02 16:21:05,2023-06-02 16:21:06,1,16218.640625
2023-06-02 16:21:17,2023-06-02 16:21:18,1,17050.2890625
2023-06-02 16:21:29,2023-06-02 16:21:30,1,18203.4609375
2023-06-02 16:21:41,2023-06-02 16:21:43,2,15249.3359375
2023-06-02 16:21:54,2023-06-02 16:21:55,1,14918.33203125
2023-06-02 16:22:06,2023-06-02 16:22:08,2,14892.90234375
2023-06-02 16:22:19,2023-06-02 16:22:20,1,15273.70703125
2023-06-02 16:22:47,2023-06-02 16:22:48,1,14574.97265625
2023-06-02 16:22:59,2023-06-02 16:23:00,1,16737.26171875
2023-06-02 16:23:11,2023-06-02 16:23:13,2,15464.650390625
2023-06-02 16:23:15,2023-06-02 16:23:16,1,14452.93359375
2023-06-02 16:23:23,2023-06-02 16:23:25,2,15561.74609375
2023-06-02 16:23:27,2023-06-02 16:23:28,1,14463.9765625
2023-06-02 16:23:36,2023-06-02 16:23:37,1,16862.62890625
2023-06-02 16:23:39,2023-06-02 16:23:40,1,15159.37109375
2023-06-02 16:23:48,2023-06-02 16:23:49,1,17356.3671875
2023-06-02 16:23:51,2023-06-02 16:23:52,1,15992.703125
2023-06-02 16:24:00,2023-06-02 16:24:01,1,17717.31640625
2023-06-02 16:24:02,2023-06-02 16:24:04,2,16190.4765625
2023-06-02 16:24:12,2023-06-02 16:24:16,4,17311.5546875
2023-06-02 16:24:25,2023-06-02 16:24:28,3,18467.190104166668
2023-06-02 16:24:37,2023-06-02 16:24:40,3,19247.157552083332
2023-06-02 16:24:49,2023-06-02 16:24:52,3,19658.807291666668
2023-06-02 16:25:01,2023-06-02 16:25:04,3,18927.11328125
2023-06-02 16:25:14,2023-06-02 16:25:17,3,17015.81640625
2023-06-02 16:25:26,2023-06-02 16:25:30,4,17348.5556640625
2023-06-02 16:25:39,2023-06-02 16:25:43,4,17971.59765625
2023-06-02 16:25:52,2023-06-02 16:25:55,3,20316.11328125
2023-06-02 16:26:05,2023-06-02 16:26:08,3,20008.143229166668
2023-06-02 16:26:17,2023-06-02 16:26:21,4,18399.9765625
2023-06-02 16:26:30,2023-06-02 16:26:33,3,20525.989583333332
2023-06-02 16:26:43,2023-06-02 16:26:46,3,20364.916666666668
2023-06-02 16:26:55,2023-06-02 16:26:58,3,18651.716145833332
2023-06-02 16:27:10,2023-06-02 16:27:12,2,18280.466796875
2023-06-02 16:27:22,2023-06-02 16:27:25,3,18395.079427083332
2023-06-02 16:27:34,2023-06-02 16:27:37,3,18916.85546875
2023-06-02 16:27:47,2023-06-02 16:27:50,3,19194.080729166668
2023-06-02 16:27:59,2023-06-02 16:28:02,3,21154.731770833332
2023-06-02 16:28:12,2023-06-02 16:28:15,3,21209.859375
2023-06-02 16:28:24,2023-06-02 16:28:27,3,19375.0625
2023-06-02 16:28:37,2023-06-02 16:28:40,3,20159.161458333332
2023-06-02 16:28:50,2023-06-02 16:28:52,2,22385.935546875
2023-06-02 16:29:02,2023-06-02 16:29:05,3,21368.1171875
2023-06-02 16:29:15,2023-06-02 16:29:17,2,22686.1015625
2023-06-02 16:29:27,2023-06-02 16:29:30,3,20852.252604166668
2023-06-02 16:29:40,2023-06-02 16:29:43,3,19978.069010416668
2023-06-02 16:29:52,2023-06-02 16:29:55,3,21120.9453125
2023-06-02 16:30:05,2023-06-02 16:30:08,3,20099.252604166668
2023-06-02 16:30:17,2023-06-02 16:30:20,3,21066.84765625
2023-06-02 16:30:30,2023-06-02 16:30:33,3,20516.2265625
2023-06-02 16:30:42,2023-06-02 16:30:45,3,21133.591145833332
2023-06-02 16:30:54,2023-06-02 16:30:58,4,19470.7373046875
2023-06-02 16:31:07,2023-06-02 16:31:10,3,22508.23046875
2023-06-02 16:31:19,2023-06-02 16:31:22,3,20015.557291666668
2023-06-02 16:31:32,2023-06-02 16:31:35,3,21062.092447916668
2023-06-02 16:31:44,2023-06-02 16:31:47,3,21019.631510416668
2023-06-02 16:31:57,2023-06-02 16:32:00,3,19823.963541666668
2023-06-02 16:32:09,2023-06-02 16:32:12,3,18613.752604166668
2023-06-02 16:32:23,2023-06-02 16:32:25,2,20025.1875
2023-06-02 16:32:36,2023-06-02 16:32:39,3,19099.397135416668
2023-06-02 16:32:49,2023-06-02 16:32:51,2,19486.55078125
2023-06-02 16:32:52,2023-06-02 16:32:53,1,15989.0625
2023-06-02 16:33:03,2023-06-02 16:33:05,2,20059.8359375
2023-06-02 16:33:16,2023-06-02 16:33:19,3,18869.282552083332
2023-06-02 16:33:29,2023-06-02 16:33:32,3,18923.802083333332
2023-06-02 16:33:42,2023-06-02 16:33:45,3,19327.194010416668
2023-06-02 16:33:55,2023-06-02 16:33:58,3,20550.279947916668
2023-06-02 16:34:08,2023-06-02 16:34:11,3,20531.734375
2023-06-02 16:34:20,2023-06-02 16:34:23,3,19708.744791666668
2023-06-02 16:34:33,2023-06-02 16:34:36,3,19474.033854166668
2023-06-02 16:34:45,2023-06-02 16:34:49,4,18514.6611328125
2023-06-02 16:34:58,2023-06-02 16:35:01,3,20843.244791666668
2023-06-02 16:35:10,2023-06-02 16:35:14,4,18592.751953125
2023-06-02 16:35:23,2023-06-02 16:35:26,3,19895.763020833332
2023-06-02 16:35:35,2023-06-02 16:35:38,3,20107.802083333332
2023-06-02 16:35:47,2023-06-02 16:35:51,4,17725.2314453125
2023-06-02 16:36:00,2023-06-02 16:36:03,3,20800.026041666668
2023-06-02 16:36:12,2023-06-02 16:36:16,4,18353.42578125
2023-06-02 16:36:25,2023-06-02 16:36:28,3,20592.10546875
2023-06-02 16:36:38,2023-06-02 16:36:41,3,19441.962239583332
2023-06-02 16:36:50,2023-06-02 16:36:53,3,19899.639322916668
2023-06-02 16:37:03,2023-06-02 16:37:06,3,19637.083333333332
2023-06-02 16:37:15,2023-06-02 16:37:19,4,18247.1689453125
2023-06-02 16:37:28,2023-06-02 16:37:31,3,19402.505208333332
2023-06-02 16:37:41,2023-06-02 16:37:45,4,17657.4140625
2023-06-02 16:37:55,2023-06-02 16:37:57,2,20025.45703125
2023-06-02 16:38:08,2023-06-02 16:38:12,4,15034.8779296875
2023-06-02 16:38:22,2023-06-02 16:38:25,3,16077.765625
2023-06-02 16:38:34,2023-06-02 16:38:37,3,14886.092447916666
2023-06-02 16:38:47,2023-06-02 16:38:48,1,14834.96875
2023-06-02 16:38:49,2023-06-02 16:38:51,2,14713.966796875
2023-06-02 16:39:02,2023-06-02 16:39:03,1,18606.73046875
2023-06-02 16:39:14,2023-06-02 16:39:15,1,18679.73828125
2023-06-02 16:39:23,2023-06-02 16:39:24,1,14481.3984375
2023-06-02 16:39:26,2023-06-02 16:39:28,2,15575.05078125
2023-06-02 16:39:35,2023-06-02 16:39:36,1,14488.73046875
2023-06-02 16:39:39,2023-06-02 16:39:40,1,18066.203125
2023-06-02 16:39:51,2023-06-02 16:39:52,1,17624.5703125
2023-06-02 16:39:59,2023-06-02 16:40:00,1,13994.25
2023-06-02 16:40:03,2023-06-02 16:40:04,1,16192.98828125
2023-06-02 16:40:10,2023-06-02 16:40:11,1,14745.25
2023-06-02 16:40:16,2023-06-02 16:40:17,1,16670.98046875
2023-06-02 16:40:22,2023-06-02 16:40:23,1,14673.98828125
2023-06-02 16:40:28,2023-06-02 16:40:30,2,15605.05859375
2023-06-02 16:40:34,2023-06-02 16:40:35,1,16328.61328125
2023-06-02 16:40:40,2023-06-02 16:40:41,1,17543.31640625
2023-06-02 16:40:46,2023-06-02 16:40:47,1,16179.984375
2023-06-02 16:40:52,2023-06-02 16:40:53,1,15777.046875
2023-06-02 16:40:58,2023-06-02 16:40:59,1,14991.328125
2023-06-02 16:41:05,2023-06-02 16:41:06,1,14575.4765625
2023-06-02 16:41:10,2023-06-02 16:41:11,1,14105.53515625
2023-06-02 16:41:17,2023-06-02 16:41:18,1,16601.44921875
2023-06-02 16:41:29,2023-06-02 16:41:30,1,17852.3515625
2023-06-02 16:41:41,2023-06-02 16:41:42,1,16528.6328125
2023-06-02 16:41:54,2023-06-02 16:41:55,1,15342.1015625
2023-06-02 16:42:06,2023-06-02 16:42:07,1,15705.015625
2023-06-02 16:42:19,2023-06-02 16:42:20,1,14408.1953125
2023-06-02 16:42:22,2023-06-02 16:42:23,1,14584.94921875
2023-06-02 16:42:31,2023-06-02 16:42:32,1,15666.00390625
2023-06-02 16:42:33,2023-06-02 16:42:35,2,15636.20703125
2023-06-02 16:42:43,2023-06-02 16:42:44,1,16826.7734375
2023-06-02 16:42:45,2023-06-02 16:42:47,2,18743.484375
2023-06-02 16:42:55,2023-06-02 16:42:59,4,17596.28125
2023-06-02 16:43:07,2023-06-02 16:43:11,4,17656.4892578125
2023-06-02 16:43:20,2023-06-02 16:43:23,3,20071.505208333332
2023-06-02 16:43:33,2023-06-02 16:43:35,2,21256.326171875
2023-06-02 16:43:45,2023-06-02 16:43:48,3,20982.303385416668
2023-06-02 16:43:58,2023-06-02 16:44:01,3,17159.225260416668
2023-06-02 16:44:10,2023-06-02 16:44:13,3,18907.552083333332
2023-06-02 16:44:22,2023-06-02 16:44:25,3,19340.924479166668
2023-06-02 16:44:34,2023-06-02 16:44:37,3,20344.608072916668
2023-06-02 16:44:46,2023-06-02 16:44:49,3,18228.25
2023-06-02 16:44:59,2023-06-02 16:45:02,3,18535.303385416668
2023-06-02 16:45:10,2023-06-02 16:45:14,4,16836.7978515625
2023-06-02 16:45:22,2023-06-02 16:45:23,1,14846.04296875
2023-06-02 16:45:24,2023-06-02 16:45:26,2,19748.4296875
2023-06-02 16:45:35,2023-06-02 16:45:38,3,18660.411458333332
2023-06-02 16:45:48,2023-06-02 16:45:51,3,18295.567708333332
2023-06-02 16:46:00,2023-06-02 16:46:03,3,20752.278645833332
2023-06-02 16:46:13,2023-06-02 16:46:16,3,20557.518229166668
2023-06-02 16:46:25,2023-06-02 16:46:28,3,21390.498697916668
2023-06-02 16:46:38,2023-06-02 16:46:41,3,19248.506510416668
2023-06-02 16:46:50,2023-06-02 16:46:53,3,20754.600260416668
2023-06-02 16:47:02,2023-06-02 16:47:05,3,19704.32421875
2023-06-02 16:47:15,2023-06-02 16:47:18,3,20676.994791666668
2023-06-02 16:47:27,2023-06-02 16:47:30,3,19829.4921875
2023-06-02 16:47:40,2023-06-02 16:47:43,3,20454.696614583332
2023-06-02 16:47:53,2023-06-02 16:47:56,3,20000.8515625
2023-06-02 16:48:05,2023-06-02 16:48:08,3,20345.110677083332
2023-06-02 16:48:18,2023-06-02 16:48:21,3,19890.759114583332
2023-06-02 16:48:34,2023-06-02 16:48:36,2,17625.337890625
2023-06-02 16:48:46,2023-06-02 16:48:50,4,17536.6005859375
2023-06-02 16:48:59,2023-06-02 16:49:02,3,20829.069010416668
2023-06-02 16:49:11,2023-06-02 16:49:14,3,20121.8203125
2023-06-02 16:49:24,2023-06-02 16:49:27,3,20932.96875
2023-06-02 16:49:37,2023-06-02 16:49:41,4,15726.26953125
2023-06-02 16:49:50,2023-06-02 16:49:53,3,18974.38671875
2023-06-02 16:50:03,2023-06-02 16:50:06,3,19142.48046875
2023-06-02 16:50:16,2023-06-02 16:50:18,2,21101.16015625
2023-06-02 16:50:28,2023-06-02 16:50:31,3,18679.606770833332
2023-06-02 16:50:41,2023-06-02 16:50:42,1,15400.375
2023-06-02 16:50:43,2023-06-02 16:50:44,1,14206.59765625
2023-06-02 16:50:53,2023-06-02 16:50:56,3,15105.486979166666
2023-06-02 16:51:05,2023-06-02 16:51:06,1,13873.36328125
2023-06-02 16:51:07,2023-06-02 16:51:08,1,15944.32421875
2023-06-02 16:51:20,2023-06-02 16:51:21,1,15916.73828125
2023-06-02 16:51:32,2023-06-02 16:51:33,1,16518.65625
2023-06-02 16:51:45,2023-06-02 16:51:46,1,14860.03515625
2023-06-02 16:51:52,2023-06-02 16:51:53,1,14604.32421875
2023-06-02 16:52:04,2023-06-02 16:52:05,1,14700.05859375
2023-06-02 16:52:09,2023-06-02 16:52:10,1,14286.171875
2023-06-02 16:52:16,2023-06-02 16:52:17,1,16119.23046875
2023-06-02 16:52:28,2023-06-02 16:52:29,1,15617.95703125
2023-06-02 16:52:34,2023-06-02 16:52:35,1,13875.5390625
2023-06-02 16:52:51,2023-06-02 16:52:52,1,13952.3515625
2023-06-02 16:52:59,2023-06-02 16:53:00,1,14361.47265625
2023-06-02 16:53:03,2023-06-02 16:53:04,1,14688.99609375
2023-06-02 16:53:12,2023-06-02 16:53:13,1,16062.73046875
2023-06-02 16:53:14,2023-06-02 16:53:16,2,15107.892578125
2023-06-02 16:53:24,2023-06-02 16:53:25,1,17555.69140625
2023-06-02 16:53:26,2023-06-02 16:53:28,2,18044.71875
2023-06-02 16:53:37,2023-06-02 16:53:40,3,17715.904947916668
2023-06-02 16:53:49,2023-06-02 16:53:52,3,18676.256510416668
2023-06-02 16:54:01,2023-06-02 16:54:05,4,17299.3388671875
2023-06-02 16:54:15,2023-06-02 16:54:18,3,19800.65234375
2023-06-02 16:54:27,2023-06-02 16:54:31,4,18529.078125
2023-06-02 16:54:40,2023-06-02 16:54:44,4,19114.6748046875
2023-06-02 16:54:53,2023-06-02 16:54:56,3,20532.68359375
2023-06-02 16:55:05,2023-06-02 16:55:09,4,18318.533203125
2023-06-02 16:55:18,2023-06-02 16:55:21,3,19499.029947916668
2023-06-02 16:55:31,2023-06-02 16:55:35,4,17922.017578125
2023-06-02 16:55:44,2023-06-02 16:55:47,3,19071.618489583332
2023-06-02 16:55:57,2023-06-02 16:56:00,3,18743.138020833332
2023-06-02 16:56:11,2023-06-02 16:56:13,2,20000.31640625
2023-06-02 16:56:24,2023-06-02 16:56:26,2,20337.916015625
2023-06-02 16:56:37,2023-06-02 16:56:40,3,19361.479166666668
2023-06-02 16:56:50,2023-06-02 16:56:54,4,18124.7080078125
2023-06-02 16:57:03,2023-06-02 16:57:06,3,19678.802083333332
2023-06-02 16:57:16,2023-06-02 16:57:19,3,20044.010416666668
2023-06-02 16:57:29,2023-06-02 16:57:32,3,20589.450520833332
2023-06-02 16:57:41,2023-06-02 16:57:45,4,18081.4541015625
2023-06-02 16:57:54,2023-06-02 16:57:57,3,20054.819010416668
2023-06-02 16:58:07,2023-06-02 16:58:10,3,20117.592447916668
2023-06-02 16:58:20,2023-06-02 16:58:23,3,20346.608072916668
2023-06-02 16:58:33,2023-06-02 16:58:36,3,19046.3359375
2023-06-02 16:58:45,2023-06-02 16:58:48,3,20240.69921875
2023-06-02 16:58:58,2023-06-02 16:59:01,3,21361.596354166668
2023-06-02 16:59:11,2023-06-02 16:59:14,3,19483.713541666668
2023-06-02 16:59:23,2023-06-02 16:59:26,3,19452.705729166668
2023-06-02 16:59:36,2023-06-02 16:59:39,3,20186.544270833332
2023-06-02 16:59:48,2023-06-02 16:59:51,3,21062.572916666668
2023-06-02 17:00:01,2023-06-02 17:00:04,3,21071.845052083332
2023-06-02 17:00:14,2023-06-02 17:00:17,3,19645.68359375
2023-06-02 17:00:26,2023-06-02 17:00:30,4,18086.42578125
2023-06-02 17:00:39,2023-06-02 17:00:42,3,20794.0234375
2023-06-02 17:00:52,2023-06-02 17:00:55,3,20073.614583333332
2023-06-02 17:01:04,2023-06-02 17:01:08,4,17999.390625
2023-06-02 17:01:17,2023-06-02 17:01:20,3,17697.565104166668
2023-06-02 17:01:31,2023-06-02 17:01:34,3,18722.666666666668
2023-06-02 17:01:44,2023-06-02 17:01:48,4,17311.7333984375
2023-06-02 17:01:58,2023-06-02 17:02:01,3,17503.6484375
2023-06-02 17:02:12,2023-06-02 17:02:14,2,19735.427734375
2023-06-02 17:02:25,2023-06-02 17:02:28,3,18818.752604166668
2023-06-02 17:02:38,2023-06-02 17:02:41,3,19399.65234375
2023-06-02 17:02:51,2023-06-02 17:02:54,3,20055.81640625
2023-06-02 17:03:04,2023-06-02 17:03:07,3,20518.997395833332
2023-06-02 17:03:16,2023-06-02 17:03:20,4,18358.474609375
2023-06-02 17:03:29,2023-06-02 17:03:32,3,20285.096354166668
2023-06-02 17:03:41,2023-06-02 17:03:44,3,20142.580729166668
2023-06-02 17:03:54,2023-06-02 17:03:57,3,20124.485677083332
2023-06-02 17:04:06,2023-06-02 17:04:09,3,20759.635416666668
2023-06-02 17:04:19,2023-06-02 17:04:22,3,19614.0546875
2023-06-02 17:04:31,2023-06-02 17:04:34,3,21649.575520833332
2023-06-02 17:04:43,2023-06-02 17:04:47,4,17849.240234375
2023-06-02 17:04:56,2023-06-02 17:04:59,3,21345.014322916668
2023-06-02 17:05:09,2023-06-02 17:05:12,3,19989.186197916668
2023-06-02 17:05:21,2023-06-02 17:05:24,3,20989.850260416668
2023-06-02 17:05:34,2023-06-02 17:05:37,3,19721.97265625
2023-06-02 17:05:46,2023-06-02 17:05:49,3,21028.799479166668
2023-06-02 17:05:59,2023-06-02 17:06:02,3,20134.044270833332
2023-06-02 17:06:11,2023-06-02 17:06:14,3,20028.608072916668
2023-06-02 17:06:24,2023-06-02 17:06:27,3,20199.282552083332
2023-06-02 17:06:36,2023-06-02 17:06:39,3,20367.62890625
2023-06-02 17:06:49,2023-06-02 17:06:52,3,21203.7421875
2023-06-02 17:07:01,2023-06-02 17:07:04,3,19786.287760416668
2023-06-02 17:07:14,2023-06-02 17:07:17,3,20430.967447916668
2023-06-02 17:07:26,2023-06-02 17:07:29,3,20296.4453125
2023-06-02 17:07:39,2023-06-02 17:07:42,3,20943.32421875
2023-06-02 17:07:51,2023-06-02 17:07:54,3,20628.62890625
2023-06-02 17:08:04,2023-06-02 17:08:07,3,20557.033854166668
2023-06-02 17:08:17,2023-06-02 17:08:20,3,20020.678385416668
2023-06-02 17:08:29,2023-06-02 17:08:32,3,20315.048177083332
2023-06-02 17:08:43,2023-06-02 17:08:44,1,14951.5234375
2023-06-02 17:08:45,2023-06-02 17:08:46,1,15372.03125
2023-06-02 17:09:32,2023-06-02 17:09:33,1,16091.16796875
2023-06-02 17:09:47,2023-06-02 17:09:49,2,17277.451171875
2023-06-02 17:10:01,2023-06-02 17:10:03,2,18303.646484375
2023-06-02 17:10:14,2023-06-02 17:10:17,3,19144.865885416668
2023-06-02 17:10:27,2023-06-02 17:10:29,2,21723.123046875
2023-06-02 17:10:40,2023-06-02 17:10:41,1,17814.25390625
2023-06-02 17:11:02,2023-06-02 17:11:03,1,13968.63671875
2023-06-02 17:11:21,2023-06-02 17:11:22,1,14413.53515625
2023-06-02 17:11:26,2023-06-02 17:11:27,1,15443.234375
2023-06-02 17:11:38,2023-06-02 17:11:39,1,14707.44921875
2023-06-02 17:11:50,2023-06-02 17:11:51,1,14281.171875
2023-06-02 17:11:57,2023-06-02 17:11:58,1,15800.65234375
2023-06-02 17:12:02,2023-06-02 17:12:03,1,15161.1953125
2023-06-02 17:12:13,2023-06-02 17:12:15,2,15799.7890625
2023-06-02 17:12:25,2023-06-02 17:12:27,2,17962.49609375
2023-06-02 17:12:37,2023-06-02 17:12:39,2,19641.853515625
2023-06-02 17:12:49,2023-06-02 17:12:52,3,18171.6953125
2023-06-02 17:13:02,2023-06-02 17:13:06,4,17685.1416015625
2023-06-02 17:13:15,2023-06-02 17:13:19,4,17344.3876953125
2023-06-02 17:13:29,2023-06-02 17:13:31,2,17930.17578125
2023-06-02 17:13:41,2023-06-02 17:13:43,2,15671.650390625
2023-06-02 17:13:56,2023-06-02 17:13:57,1,13874.03515625
2023-06-02 17:14:35,2023-06-02 17:14:36,1,14090.3359375
2023-06-02 17:14:43,2023-06-02 17:14:44,1,14566.73046875
2023-06-02 17:14:55,2023-06-02 17:14:57,2,14619.24609375
2023-06-02 17:15:07,2023-06-02 17:15:09,2,15232.44921875
2023-06-02 17:15:19,2023-06-02 17:15:20,1,15936.27734375
2023-06-02 17:15:27,2023-06-02 17:15:28,1,15611.62890625
2023-06-02 17:15:39,2023-06-02 17:15:40,1,18115.5703125
2023-06-02 17:15:42,2023-06-02 17:15:43,1,14897.82421875
2023-06-02 17:15:51,2023-06-02 17:15:52,1,18251.1484375
2023-06-02 17:15:53,2023-06-02 17:15:55,2,16680.591796875
2023-06-02 17:16:03,2023-06-02 17:16:04,1,15725.71875
2023-06-02 17:16:05,2023-06-02 17:16:07,2,18271.158203125
2023-06-02 17:16:15,2023-06-02 17:16:16,1,15288.92578125
2023-06-02 17:16:17,2023-06-02 17:16:19,2,18130.611328125
2023-06-02 17:16:28,2023-06-02 17:16:31,3,17602.74609375
2023-06-02 17:16:40,2023-06-02 17:16:41,1,16682.35546875
2023-06-02 17:16:42,2023-06-02 17:16:44,2,18891.857421875
2023-06-02 17:16:53,2023-06-02 17:16:56,3,19423.171875
2023-06-02 17:17:06,2023-06-02 17:17:09,3,19583.29296875
2023-06-02 17:17:19,2023-06-02 17:17:22,3,19221.419270833332
2023-06-02 17:17:32,2023-06-02 17:17:35,3,18939.178385416668
2023-06-02 17:17:45,2023-06-02 17:17:48,3,18406.177083333332
2023-06-02 17:17:58,2023-06-02 17:18:02,4,15839.8779296875
2023-06-02 17:18:12,2023-06-02 17:18:15,3,15928.350260416666
2023-06-02 17:18:25,2023-06-02 17:18:28,3,16311.614583333334
2023-06-02 17:18:39,2023-06-02 17:18:40,1,17808.26171875
2023-06-02 17:18:41,2023-06-02 17:18:42,1,15081.703125
2023-06-02 17:18:52,2023-06-02 17:18:55,3,15452.850260416666
2023-06-02 17:19:05,2023-06-02 17:19:08,3,15873.942708333334
2023-06-02 17:19:18,2023-06-02 17:19:21,3,17214.462239583332
2023-06-02 17:19:30,2023-06-02 17:19:34,4,16910.71484375
2023-06-02 17:19:45,2023-06-02 17:19:46,1,18791.78515625
2023-06-02 17:19:55,2023-06-02 17:19:56,1,15516.3984375
2023-06-02 17:19:58,2023-06-02 17:19:59,1,14599.75
2023-06-02 17:20:11,2023-06-02 17:20:12,1,16053.83984375
2023-06-02 17:20:23,2023-06-02 17:20:24,1,17534.98046875
2023-06-02 17:20:44,2023-06-02 17:20:45,1,13998.99609375
2023-06-02 17:21:08,2023-06-02 17:21:09,1,14217.9453125
2023-06-02 17:21:40,2023-06-02 17:21:41,1,15263.421875
2023-06-02 17:21:45,2023-06-02 17:21:46,1,13872.1875
2023-06-02 17:21:53,2023-06-02 17:21:54,1,16318.9609375
2023-06-02 17:21:57,2023-06-02 17:21:58,1,16247.55859375
2023-06-02 17:22:05,2023-06-02 17:22:06,1,17070.00390625
2023-06-02 17:22:10,2023-06-02 17:22:11,1,15515.59765625
2023-06-02 17:22:18,2023-06-02 17:22:19,1,16066.46484375
2023-06-02 17:22:22,2023-06-02 17:22:23,1,15836.14453125
2023-06-02 17:22:30,2023-06-02 17:22:31,1,16686.3359375
2023-06-02 17:22:34,2023-06-02 17:22:35,1,15556.8125
2023-06-02 17:22:43,2023-06-02 17:22:44,1,16139.6484375
2023-06-02 17:22:46,2023-06-02 17:22:47,1,15902.7265625
2023-06-02 17:22:55,2023-06-02 17:22:56,1,17908.42578125
2023-06-02 17:23:41,2023-06-02 17:23:44,3,18202.029947916668
2023-06-02 17:23:53,2023-06-02 17:23:54,1,15479.0703125
2023-06-02 17:24:39,2023-06-02 17:24:40,1,14545.0703125
2023-06-02 17:24:51,2023-06-02 17:24:52,1,18966.015625
2023-06-02 17:25:27,2023-06-02 17:25:28,1,15254.1953125
2023-06-02 17:25:50,2023-06-02 17:25:52,2,17617.6484375
2023-06-02 17:26:02,2023-06-02 17:26:04,2,18735.31640625
2023-06-02 17:26:14,2023-06-02 17:26:16,2,16082.689453125
2023-06-02 17:26:27,2023-06-02 17:26:28,1,13860.390625
2023-06-02 17:26:38,2023-06-02 17:26:39,1,15898.61328125
2023-06-02 17:27:15,2023-06-02 17:27:16,1,17413.19921875
2023-06-02 17:27:26,2023-06-02 17:27:27,1,15165.03515625
2023-06-02 17:27:52,2023-06-02 17:27:54,2,15353.201171875
2023-06-02 17:28:04,2023-06-02 17:28:06,2,16325.654296875
2023-06-02 17:28:17,2023-06-02 17:28:18,1,18775.16015625
2023-06-02 17:28:30,2023-06-02 17:28:31,1,16998.5703125
2023-06-02 17:28:43,2023-06-02 17:28:44,1,15975.03125
2023-06-02 17:28:55,2023-06-02 17:28:57,2,16878.240234375
2023-06-02 17:29:08,2023-06-02 17:29:10,2,15638.390625
2023-06-02 17:29:21,2023-06-02 17:29:23,2,17371.033203125
2023-06-02 17:29:33,2023-06-02 17:29:35,2,17678.419921875
2023-06-02 17:29:45,2023-06-02 17:29:47,2,16138.083984375
2023-06-02 17:29:58,2023-06-02 17:29:59,1,20731.71484375
2023-06-02 17:30:10,2023-06-02 17:30:13,3,18337.522135416668
2023-06-02 17:30:23,2023-06-02 17:30:25,2,21426.03125
2023-06-02 17:30:35,2023-06-02 17:30:38,3,18806.549479166668
2023-06-02 17:30:48,2023-06-02 17:30:51,3,16919.700520833332
2023-06-02 17:31:00,2023-06-02 17:31:01,1,15603.28515625
2023-06-02 17:31:02,2023-06-02 17:31:03,1,14306.70703125
2023-06-02 17:31:12,2023-06-02 17:31:14,2,14149.431640625
2023-06-02 17:31:36,2023-06-02 17:31:37,1,13940.52734375
2023-06-02 17:31:47,2023-06-02 17:31:49,2,17756.10546875
2023-06-02 17:32:00,2023-06-02 17:32:01,1,16200.89453125
2023-06-02 17:32:12,2023-06-02 17:32:14,2,17727.2890625
2023-06-02 17:32:24,2023-06-02 17:32:26,2,17788.46484375
2023-06-02 17:32:36,2023-06-02 17:32:38,2,15365.365234375
2023-06-02 17:32:49,2023-06-02 17:32:51,2,16760.25
2023-06-02 17:33:01,2023-06-02 17:33:02,1,18785.83984375
2023-06-02 17:33:13,2023-06-02 17:33:15,2,17589.423828125
2023-06-02 17:33:25,2023-06-02 17:33:27,2,17242.02734375
2023-06-02 17:33:37,2023-06-02 17:33:39,2,15635.232421875
2023-06-02 17:33:50,2023-06-02 17:33:51,1,18451.671875
2023-06-02 17:33:57,2023-06-02 17:33:58,1,16971.69921875
2023-06-02 17:34:02,2023-06-02 17:34:03,1,15915.9140625
2023-06-02 17:34:14,2023-06-02 17:34:15,1,16271.921875
2023-06-02 17:34:26,2023-06-02 17:34:27,1,15648.39453125
2023-06-02 17:34:39,2023-06-02 17:34:40,1,15886.30859375
2023-06-02 17:34:51,2023-06-02 17:34:52,1,15910.515625
2023-06-02 17:35:03,2023-06-02 17:35:04,1,15916.59375
2023-06-02 17:35:16,2023-06-02 17:35:17,1,14180.01171875
2023-06-02 17:35:28,2023-06-02 17:35:29,1,15584.125
2023-06-02 17:35:40,2023-06-02 17:35:41,1,17487.09765625
2023-06-02 17:35:53,2023-06-02 17:35:54,1,17129.50390625
2023-06-02 17:36:05,2023-06-02 17:36:07,2,16493.287109375
2023-06-02 17:36:17,2023-06-02 17:36:19,2,18309.599609375
2023-06-02 17:36:29,2023-06-02 17:36:31,2,16002.953125
2023-06-02 17:36:42,2023-06-02 17:36:43,1,17234.30859375
2023-06-02 17:36:47,2023-06-02 17:36:48,1,15063.08203125
2023-06-02 17:36:54,2023-06-02 17:36:55,1,15542.71875
2023-06-02 17:37:07,2023-06-02 17:37:09,2,15185.65234375
2023-06-02 17:37:19,2023-06-02 17:37:20,1,16415.06640625
2023-06-02 17:37:32,2023-06-02 17:37:35,3,15946.703125
2023-06-02 17:37:45,2023-06-02 17:37:48,3,19864.147135416668
2023-06-02 17:37:58,2023-06-02 17:38:00,2,22241.76171875
2023-06-02 17:38:10,2023-06-02 17:38:12,2,19194.888671875
2023-06-02 17:38:22,2023-06-02 17:38:24,2,17041.40625
2023-06-02 17:38:35,2023-06-02 17:38:36,1,18651.2734375
2023-06-02 17:38:47,2023-06-02 17:38:48,1,18701.0703125
2023-06-02 17:38:59,2023-06-02 17:39:01,2,15248.841796875
2023-06-02 17:39:11,2023-06-02 17:39:13,2,15176.25
2023-06-02 17:39:23,2023-06-02 17:39:24,1,16766.9375
2023-06-02 17:39:45,2023-06-02 17:39:47,2,14884.474609375
2023-06-02 17:39:57,2023-06-02 17:40:00,3,16422.26953125
2023-06-02 17:40:09,2023-06-02 17:40:12,3,19424.772135416668
2023-06-02 17:40:21,2023-06-02 17:40:24,3,21254.919270833332
2023-06-02 17:40:33,2023-06-02 17:40:36,3,21403.149739583332
2023-06-02 17:40:45,2023-06-02 17:40:48,3,20545.1171875
2023-06-02 17:40:57,2023-06-02 17:40:59,2,23350.98828125
2023-06-02 17:41:08,2023-06-02 17:41:11,3,19799.125
2023-06-02 17:41:20,2023-06-02 17:41:23,3,21336.283854166668
2023-06-02 17:41:32,2023-06-02 17:41:35,3,21123.338541666668
2023-06-02 17:41:44,2023-06-02 17:41:47,3,21938.697916666668
2023-06-02 17:41:56,2023-06-02 17:41:57,1,16198.13671875
2023-06-02 17:41:58,2023-06-02 17:42:00,2,16725.01171875
2023-06-02 17:42:09,2023-06-02 17:42:12,3,19218.4921875
2023-06-02 17:42:21,2023-06-02 17:42:24,3,18869.0859375
2023-06-02 17:42:34,2023-06-02 17:42:37,3,18980.647135416668
2023-06-02 17:42:46,2023-06-02 17:42:49,3,19271.520833333332
2023-06-02 17:42:59,2023-06-02 17:43:02,3,20224.338541666668
2023-06-02 17:43:12,2023-06-02 17:43:14,2,21470.58203125
2023-06-02 17:43:24,2023-06-02 17:43:26,2,19023.728515625
2023-06-02 17:43:37,2023-06-02 17:43:39,2,21128.591796875
2023-06-02 17:43:49,2023-06-02 17:43:51,2,21150.75
2023-06-02 17:44:00,2023-06-02 17:44:03,3,21413.5859375
2023-06-02 17:44:12,2023-06-02 17:44:15,3,22366.8984375
2023-06-02 17:44:24,2023-06-02 17:44:26,2,25457.13671875
2023-06-02 17:44:35,2023-06-02 17:44:38,3,21180.936197916668
2023-06-02 17:44:47,2023-06-02 17:44:50,3,21431.696614583332
2023-06-02 17:44:59,2023-06-02 17:45:01,2,23858.4140625
2023-06-02 17:45:10,2023-06-02 17:45:13,3,20720.044270833332
2023-06-02 17:45:22,2023-06-02 17:45:24,2,23643.763671875
2023-06-02 17:45:33,2023-06-02 17:45:36,3,21656.766927083332
2023-06-02 17:45:45,2023-06-02 17:45:48,3,22086.697916666668
2023-06-02 17:45:56,2023-06-02 17:45:59,3,20943.203125
2023-06-02 17:46:09,2023-06-02 17:46:11,2,20576.875
2023-06-02 17:46:21,2023-06-02 17:46:24,3,17601.01953125
2023-06-02 17:46:34,2023-06-02 17:46:36,2,19801.890625
2023-06-02 17:46:45,2023-06-02 17:46:47,2,21746.505859375
2023-06-02 17:46:58,2023-06-02 17:47:00,2,16469.2734375
2023-06-02 17:47:09,2023-06-02 17:47:11,2,16574.9921875
2023-06-02 17:47:21,2023-06-02 17:47:23,2,17098.072265625
2023-06-02 17:47:32,2023-06-02 17:47:34,2,16417.044921875
2023-06-02 17:48:04,2023-06-02 17:48:05,1,13952.54296875
2023-06-02 17:48:21,2023-06-02 17:48:22,1,14371.44921875
2023-06-02 17:48:32,2023-06-02 17:48:33,1,15938.5859375
2023-06-02 17:48:41,2023-06-02 17:48:42,1,14141.81640625
2023-06-02 17:48:43,2023-06-02 17:48:44,1,17277.55078125
2023-06-02 17:48:52,2023-06-02 17:48:53,1,15993.08203125
2023-06-02 17:48:54,2023-06-02 17:48:56,2,15195.58984375
2023-06-02 17:49:03,2023-06-02 17:49:04,1,14008.90625
2023-06-02 17:49:06,2023-06-02 17:49:07,1,16667.25390625
2023-06-02 17:49:14,2023-06-02 17:49:15,1,14072.69921875
2023-06-02 17:49:17,2023-06-02 17:49:18,1,17112.21484375
2023-06-02 17:49:28,2023-06-02 17:49:29,1,17241.75390625
2023-06-02 17:49:40,2023-06-02 17:49:42,2,15986.8984375
2023-06-02 17:49:47,2023-06-02 17:49:48,1,14256.90625
2023-06-02 17:49:52,2023-06-02 17:49:53,1,14695.203125
2023-06-02 17:49:58,2023-06-02 17:49:59,1,14986.09765625
2023-06-02 17:50:03,2023-06-02 17:50:04,1,16111.0234375
2023-06-02 17:50:09,2023-06-02 17:50:10,1,15081.07421875
2023-06-02 17:50:15,2023-06-02 17:50:16,1,14374.9921875
2023-06-02 17:50:31,2023-06-02 17:50:32,1,14622.05078125
2023-06-02 17:50:42,2023-06-02 17:50:43,1,13918.90625
2023-06-02 17:50:49,2023-06-02 17:50:50,1,14286.359375
2023-06-02 17:51:03,2023-06-02 17:51:05,2,19790.314453125
2023-06-02 17:51:15,2023-06-02 17:51:17,2,19667.841796875
2023-06-02 17:51:26,2023-06-02 17:51:28,2,19759.09765625
2023-06-02 17:51:38,2023-06-02 17:51:40,2,19134.12109375
2023-06-02 17:51:45,2023-06-02 17:51:46,1,13856.25390625
2023-06-02 17:51:49,2023-06-02 17:51:51,2,16103.78515625
2023-06-02 17:52:01,2023-06-02 17:52:02,1,14584.0078125
2023-06-02 17:52:07,2023-06-02 17:52:08,1,15665.93359375
2023-06-02 17:52:18,2023-06-02 17:52:19,1,16469.71875
2023-06-02 17:52:29,2023-06-02 17:52:30,1,14374.84375
2023-06-02 17:52:40,2023-06-02 17:52:41,1,15898.921875
2023-06-02 17:52:51,2023-06-02 17:52:52,1,16513.046875
2023-06-02 17:53:02,2023-06-02 17:53:03,1,18700.67578125
2023-06-02 17:53:13,2023-06-02 17:53:15,2,17501.794921875
2023-06-02 17:53:23,2023-06-02 17:53:26,3,19379.78515625
2023-06-02 17:53:35,2023-06-02 17:53:38,3,20297.828125
2023-06-02 17:53:47,2023-06-02 17:53:49,2,21641.1484375
2023-06-02 17:53:59,2023-06-02 17:54:01,2,20211.20703125
2023-06-02 17:54:11,2023-06-02 17:54:13,2,21546.9609375
2023-06-02 17:54:22,2023-06-02 17:54:25,3,20099.416666666668
2023-06-02 17:54:34,2023-06-02 17:54:37,3,21053.6171875
2023-06-02 17:54:46,2023-06-02 17:54:49,3,21360.755208333332
2023-06-02 17:54:58,2023-06-02 17:55:01,3,19709.9765625
2023-06-02 17:55:09,2023-06-02 17:55:12,3,20421.51953125
2023-06-02 17:55:21,2023-06-02 17:55:24,3,20747.42578125
2023-06-02 17:55:33,2023-06-02 17:55:36,3,20287.651041666668
2023-06-02 17:55:44,2023-06-02 17:55:47,3,20120.220052083332
2023-06-02 17:55:56,2023-06-02 17:55:59,3,18119.959635416668
2023-06-02 17:56:08,2023-06-02 17:56:11,3,18182.375
2023-06-02 17:56:20,2023-06-02 17:56:22,2,21481.0
2023-06-02 17:56:32,2023-06-02 17:56:34,2,22047.76953125
2023-06-02 17:56:43,2023-06-02 17:56:46,3,19364.717447916668
2023-06-02 17:56:55,2023-06-02 17:56:58,3,19775.666666666668
2023-06-02 17:57:07,2023-06-02 17:57:09,2,22598.21875
2023-06-02 17:57:18,2023-06-02 17:57:20,2,22923.794921875
2023-06-02 17:57:30,2023-06-02 17:57:32,2,25973.3984375
2023-06-02 17:57:41,2023-06-02 17:57:43,2,21780.22265625
2023-06-02 17:57:53,2023-06-02 17:57:55,2,20738.111328125
2023-06-02 17:58:04,2023-06-02 17:58:06,2,21699.193359375
2023-06-02 17:58:16,2023-06-02 17:58:18,2,22415.625
2023-06-02 17:58:27,2023-06-02 17:58:29,2,22261.193359375
2023-06-02 17:58:39,2023-06-02 17:58:41,2,23224.091796875
2023-06-02 17:58:50,2023-06-02 17:58:52,2,22244.326171875
2023-06-02 17:59:02,2023-06-02 17:59:04,2,21050.578125
2023-06-02 17:59:13,2023-06-02 17:59:15,2,22407.505859375
2023-06-02 17:59:24,2023-06-02 17:59:27,3,18900.540364583332
2023-06-02 17:59:36,2023-06-02 17:59:39,3,19893.489583333332
2023-06-02 17:59:47,2023-06-02 17:59:50,3,19369.716145833332
2023-06-02 17:59:59,2023-06-02 18:00:02,3,21466.796875
2023-06-02 18:00:11,2023-06-02 18:00:13,2,22846.3984375
2023-06-02 18:00:22,2023-06-02 18:00:25,3,20158.079427083332
2023-06-02 18:00:34,2023-06-02 18:00:37,3,21655.138020833332
2023-06-02 18:00:45,2023-06-02 18:00:49,4,18832.916015625
2023-06-02 18:00:57,2023-06-02 18:01:00,3,20271.678385416668
2023-06-02 18:01:09,2023-06-02 18:01:12,3,19160.490885416668
2023-06-02 18:01:20,2023-06-02 18:01:23,3,18194.319010416668
2023-06-02 18:01:32,2023-06-02 18:01:35,3,15788.37890625
2023-06-02 18:01:43,2023-06-02 18:01:44,1,15605.91015625
2023-06-02 18:01:46,2023-06-02 18:01:47,1,15521.0859375
2023-06-02 18:01:54,2023-06-02 18:01:55,1,15407.8046875
2023-06-02 18:01:57,2023-06-02 18:01:58,1,13958.421875
2023-06-02 18:02:06,2023-06-02 18:02:07,1,14346.86328125
2023-06-02 18:02:09,2023-06-02 18:02:10,1,15577.12109375
2023-06-02 18:02:20,2023-06-02 18:02:21,1,14974.95703125
2023-06-02 18:02:29,2023-06-02 18:02:30,1,14508.69140625
2023-06-02 18:02:31,2023-06-02 18:02:33,2,14475.458984375
2023-06-02 18:02:41,2023-06-02 18:02:44,3,15093.494791666666
2023-06-02 18:02:53,2023-06-02 18:02:56,3,16005.6953125
2023-06-02 18:03:04,2023-06-02 18:03:08,4,16367.447265625
2023-06-02 18:03:16,2023-06-02 18:03:19,3,17052.411458333332
2023-06-02 18:03:28,2023-06-02 18:03:31,3,18773.528645833332
2023-06-02 18:03:40,2023-06-02 18:03:43,3,19098.154947916668
2023-06-02 18:03:52,2023-06-02 18:03:54,2,21817.173828125
2023-06-02 18:04:03,2023-06-02 18:04:06,3,19750.62890625
2023-06-02 18:04:15,2023-06-02 18:04:18,3,20849.46484375
2023-06-02 18:04:27,2023-06-02 18:04:29,2,22609.013671875
2023-06-02 18:04:39,2023-06-02 18:04:41,2,21822.357421875
2023-06-02 18:04:50,2023-06-02 18:04:52,2,22192.560546875
2023-06-02 18:05:02,2023-06-02 18:05:04,2,22752.802734375
2023-06-02 18:05:13,2023-06-02 18:05:16,3,18419.743489583332
2023-06-02 18:05:26,2023-06-02 18:05:28,2,22249.810546875
2023-06-02 18:05:38,2023-06-02 18:05:40,2,22573.66796875
2023-06-02 18:05:50,2023-06-02 18:05:52,2,20930.6953125
2023-06-02 18:06:02,2023-06-02 18:06:06,4,17172.1025390625
2023-06-02 18:06:15,2023-06-02 18:06:18,3,19831.00390625
2023-06-02 18:06:27,2023-06-02 18:06:30,3,20537.46484375
2023-06-02 18:06:39,2023-06-02 18:06:42,3,19774.979166666668
2023-06-02 18:06:51,2023-06-02 18:06:54,3,19076.6796875
2023-06-02 18:07:04,2023-06-02 18:07:07,3,21583.23046875
2023-06-02 18:07:16,2023-06-02 18:07:18,2,22652.912109375
2023-06-02 18:07:28,2023-06-02 18:07:31,3,19223.12890625
2023-06-02 18:07:39,2023-06-02 18:07:43,4,18234.2255859375
2023-06-02 18:07:51,2023-06-02 18:07:54,3,19715.563802083332
2023-06-02 18:08:03,2023-06-02 18:08:05,2,17978.380859375
2023-06-02 18:08:16,2023-06-02 18:08:20,4,16990.1337890625
2023-06-02 18:08:28,2023-06-02 18:08:32,4,17862.2041015625
2023-06-02 18:08:40,2023-06-02 18:08:43,3,19310.201822916668
2023-06-02 18:08:52,2023-06-02 18:08:55,3,20578.979166666668
2023-06-02 18:09:04,2023-06-02 18:09:07,3,20569.341145833332
2023-06-02 18:09:16,2023-06-02 18:09:19,3,20318.763020833332
2023-06-02 18:09:28,2023-06-02 18:09:31,3,20368.841145833332
2023-06-02 18:09:40,2023-06-02 18:09:43,3,19738.615885416668
2023-06-02 18:09:52,2023-06-02 18:09:54,2,21096.5546875
2023-06-02 18:10:03,2023-06-02 18:10:06,3,18811.57421875
2023-06-02 18:10:15,2023-06-02 18:10:18,3,19827.717447916668
2023-06-02 18:10:27,2023-06-02 18:10:30,3,20277.319010416668
2023-06-02 18:10:39,2023-06-02 18:10:41,2,21545.873046875
2023-06-02 18:10:50,2023-06-02 18:10:53,3,20176.673177083332
2023-06-02 18:11:02,2023-06-02 18:11:05,3,19431.41796875
2023-06-02 18:11:14,2023-06-02 18:11:17,3,20425.734375
2023-06-02 18:11:26,2023-06-02 18:11:29,3,20796.23046875
2023-06-02 18:11:38,2023-06-02 18:11:40,2,22873.19921875
2023-06-02 18:11:49,2023-06-02 18:11:52,3,19707.134114583332
2023-06-02 18:12:01,2023-06-02 18:12:04,3,18305.690104166668
2023-06-02 18:12:13,2023-06-02 18:12:17,4,17473.54296875
2023-06-02 18:12:26,2023-06-02 18:12:28,2,21315.783203125
2023-06-02 18:12:38,2023-06-02 18:12:41,3,19658.263020833332
2023-06-02 18:12:50,2023-06-02 18:12:53,3,18623.381510416668
2023-06-02 18:13:03,2023-06-02 18:13:05,2,21301.19921875
2023-06-02 18:13:15,2023-06-02 18:13:18,3,19490.141927083332
2023-06-02 18:13:27,2023-06-02 18:13:31,4,14476.18359375
2023-06-02 18:13:39,2023-06-02 18:13:40,1,14780.75
2023-06-02 18:14:02,2023-06-02 18:14:04,2,14924.6953125
2023-06-02 18:14:14,2023-06-02 18:14:15,1,15583.38671875
2023-06-02 18:14:17,2023-06-02 18:14:18,1,14047.44921875
2023-06-02 18:14:26,2023-06-02 18:14:27,1,14938.578125
2023-06-02 18:14:37,2023-06-02 18:14:38,1,15205.84375
2023-06-02 18:14:40,2023-06-02 18:14:41,1,15664.54296875
2023-06-02 18:14:49,2023-06-02 18:14:52,3,16393.11328125
2023-06-02 18:15:01,2023-06-02 18:15:04,3,17531.4765625
2023-06-02 18:15:13,2023-06-02 18:15:16,3,18414.673177083332
2023-06-02 18:15:25,2023-06-02 18:15:28,3,19570.548177083332
2023-06-02 18:15:37,2023-06-02 18:15:40,3,19634.807291666668
2023-06-02 18:15:49,2023-06-02 18:15:51,2,22222.517578125
2023-06-02 18:16:01,2023-06-02 18:16:03,2,21602.3359375
2023-06-02 18:16:12,2023-06-02 18:16:15,3,19945.68359375
2023-06-02 18:16:24,2023-06-02 18:16:27,3,20425.322916666668
2023-06-02 18:16:36,2023-06-02 18:16:38,2,22240.01953125
2023-06-02 18:16:48,2023-06-02 18:16:51,3,19892.162760416668
2023-06-02 18:16:59,2023-06-02 18:17:02,3,20451.6640625
2023-06-02 18:17:11,2023-06-02 18:17:14,3,20139.795572916668
2023-06-02 18:17:23,2023-06-02 18:17:26,3,22023.013020833332
2023-06-02 18:17:35,2023-06-02 18:17:38,3,21502.7421875
2023-06-02 18:17:48,2023-06-02 18:17:49,1,14772.12109375
2023-06-02 18:17:50,2023-06-02 18:17:52,2,19580.828125
2023-06-02 18:18:01,2023-06-02 18:18:03,2,19340.087890625
2023-06-02 18:18:12,2023-06-02 18:18:15,3,20494.1640625
2023-06-02 18:18:24,2023-06-02 18:18:26,2,22792.232421875
2023-06-02 18:18:36,2023-06-02 18:18:39,3,19760.522135416668
2023-06-02 18:18:47,2023-06-02 18:18:50,3,19819.532552083332
2023-06-02 18:18:59,2023-06-02 18:19:02,3,19637.764322916668
2023-06-02 18:19:10,2023-06-02 18:19:14,4,17777.423828125
2023-06-02 18:19:22,2023-06-02 18:19:24,2,21547.9921875
2023-06-02 18:19:34,2023-06-02 18:19:36,2,21718.4921875
2023-06-02 18:19:45,2023-06-02 18:19:48,3,19165.907552083332
2023-06-02 18:19:57,2023-06-02 18:20:00,3,19569.463541666668
2023-06-02 18:20:09,2023-06-02 18:20:11,2,21521.56640625
2023-06-02 18:20:21,2023-06-02 18:20:24,3,19335.098958333332
2023-06-02 18:20:32,2023-06-02 18:20:35,3,19576.053385416668
2023-06-02 18:20:44,2023-06-02 18:20:46,2,24604.39453125
2023-06-02 18:20:56,2023-06-02 18:20:58,2,23659.916015625
2023-06-02 18:21:08,2023-06-02 18:21:10,2,21899.0546875
2023-06-02 18:21:20,2023-06-02 18:21:22,2,23158.884765625
2023-06-02 18:21:32,2023-06-02 18:21:34,2,22400.69921875
2023-06-02 18:21:44,2023-06-02 18:21:47,3,20175.341145833332
2023-06-02 18:21:56,2023-06-02 18:21:59,3,20393.708333333332
2023-06-02 18:22:08,2023-06-02 18:22:11,3,20613.67578125
2023-06-02 18:22:19,2023-06-02 18:22:22,3,20348.923177083332
2023-06-02 18:22:31,2023-06-02 18:22:34,3,19762.194010416668
2023-06-02 18:22:42,2023-06-02 18:22:46,4,16964.6015625
2023-06-02 18:22:55,2023-06-02 18:22:58,3,16836.548177083332
2023-06-02 18:23:06,2023-06-02 18:23:09,3,17347.717447916668
2023-06-02 18:23:17,2023-06-02 18:23:20,3,16817.854166666668
2023-06-02 18:23:29,2023-06-02 18:23:32,3,18493.30078125
2023-06-02 18:23:41,2023-06-02 18:23:42,1,17016.59765625
2023-06-02 18:23:44,2023-06-02 18:23:45,1,15636.7421875
2023-06-02 18:23:55,2023-06-02 18:23:56,1,15651.40625
2023-06-02 18:23:57,2023-06-02 18:23:59,2,15046.841796875
2023-06-02 18:24:09,2023-06-02 18:24:10,1,18209.734375
2023-06-02 18:24:11,2023-06-02 18:24:12,1,16224.8515625
2023-06-02 18:24:22,2023-06-02 18:24:24,2,17417.380859375
2023-06-02 18:24:36,2023-06-02 18:24:38,2,15513.111328125
2023-06-02 18:24:39,2023-06-02 18:24:40,1,15909.16796875
2023-06-02 18:24:50,2023-06-02 18:24:53,3,18223.576822916668
2023-06-02 18:25:02,2023-06-02 18:25:05,3,17896.34765625
2023-06-02 18:25:14,2023-06-02 18:25:18,4,16080.9296875
2023-06-02 18:25:26,2023-06-02 18:25:29,3,18253.348958333332
2023-06-02 18:25:38,2023-06-02 18:25:41,3,17444.45703125
2023-06-02 18:25:50,2023-06-02 18:25:53,3,18679.899739583332
2023-06-02 18:26:01,2023-06-02 18:26:05,4,16896.18359375
2023-06-02 18:26:13,2023-06-02 18:26:16,3,18330.704427083332
2023-06-02 18:26:25,2023-06-02 18:26:28,3,17664.661458333332
2023-06-02 18:26:36,2023-06-02 18:26:40,4,17262.0107421875
2023-06-02 18:26:48,2023-06-02 18:26:51,3,17705.395833333332
2023-06-02 18:26:59,2023-06-02 18:27:03,4,17048.4609375
2023-06-02 18:27:11,2023-06-02 18:27:14,3,18135.766927083332
2023-06-02 18:27:22,2023-06-02 18:27:25,3,20309.391927083332
2023-06-02 18:27:33,2023-06-02 18:27:36,3,21256.095052083332
2023-06-02 18:27:45,2023-06-02 18:27:48,3,19985.45703125
2023-06-02 18:27:57,2023-06-02 18:27:59,2,23652.921875
2023-06-02 18:28:08,2023-06-02 18:28:11,3,20827.091145833332
2023-06-02 18:28:20,2023-06-02 18:28:23,3,20057.92578125
2023-06-02 18:28:32,2023-06-02 18:28:35,3,20340.384114583332
2023-06-02 18:28:44,2023-06-02 18:28:47,3,20359.447916666668
2023-06-02 18:28:56,2023-06-02 18:28:59,3,20232.953125
2023-06-02 18:29:08,2023-06-02 18:29:11,3,20719.44140625
2023-06-02 18:29:20,2023-06-02 18:29:23,3,19855.46484375
2023-06-02 18:29:32,2023-06-02 18:29:35,3,20021.953125
2023-06-02 18:29:44,2023-06-02 18:29:47,3,21934.111979166668
2023-06-02 18:29:56,2023-06-02 18:29:59,3,20878.40234375
2023-06-02 18:30:08,2023-06-02 18:30:12,4,18188.998046875
2023-06-02 18:30:21,2023-06-02 18:30:24,3,22136.375
2023-06-02 18:30:33,2023-06-02 18:30:36,3,22730.872395833332
2023-06-02 18:30:45,2023-06-02 18:30:48,3,22798.321614583332
2023-06-02 18:30:57,2023-06-02 18:30:59,2,25258.021484375
2023-06-02 18:31:08,2023-06-02 18:31:11,3,23016.963541666668
2023-06-02 18:31:20,2023-06-02 18:31:23,3,21476.251302083332
2023-06-02 18:31:32,2023-06-02 18:31:35,3,21270.3203125
2023-06-02 18:31:43,2023-06-02 18:31:47,4,18481.904296875
2023-06-02 18:31:55,2023-06-02 18:31:58,3,21233.01953125
2023-06-02 18:32:07,2023-06-02 18:32:10,3,22133.102864583332
2023-06-02 18:32:19,2023-06-02 18:32:23,4,17867.03515625
2023-06-02 18:32:31,2023-06-02 18:32:34,3,19275.8984375
2023-06-02 18:32:43,2023-06-02 18:32:47,4,17485.7587890625
2023-06-02 18:32:55,2023-06-02 18:32:58,3,17292.846354166668
2023-06-02 18:33:06,2023-06-02 18:33:07,1,14503.17578125
2023-06-02 18:33:08,2023-06-02 18:33:10,2,17369.82421875
2023-06-02 18:33:18,2023-06-02 18:33:21,3,16621.859375
2023-06-02 18:33:30,2023-06-02 18:33:32,2,17920.67578125
2023-06-02 18:33:41,2023-06-02 18:33:44,3,17841.47265625
2023-06-02 18:33:53,2023-06-02 18:33:56,3,16625.442708333332
2023-06-02 18:34:05,2023-06-02 18:34:07,2,18431.3984375
2023-06-02 18:34:16,2023-06-02 18:34:19,3,16817.220052083332
2023-06-02 18:34:28,2023-06-02 18:34:31,3,18031.82421875
2023-06-02 18:34:39,2023-06-02 18:34:42,3,17669.6328125
2023-06-02 18:34:54,2023-06-02 18:34:56,2,22286.62109375
2023-06-02 18:35:06,2023-06-02 18:35:08,2,21755.92578125
2023-06-02 18:35:17,2023-06-02 18:35:19,2,21716.681640625
2023-06-02 18:35:29,2023-06-02 18:35:31,2,23569.0703125
2023-06-02 18:35:41,2023-06-02 18:35:43,2,22624.228515625
2023-06-02 18:35:53,2023-06-02 18:35:56,3,19668.313802083332
2023-06-02 18:36:05,2023-06-02 18:36:08,3,19008.684895833332
2023-06-02 18:36:18,2023-06-02 18:36:21,3,19716.928385416668
2023-06-02 18:36:30,2023-06-02 18:36:33,3,20216.252604166668
2023-06-02 18:36:42,2023-06-02 18:36:45,3,20540.315104166668
2023-06-02 18:36:54,2023-06-02 18:36:57,3,19742.04296875
2023-06-02 18:37:06,2023-06-02 18:37:09,3,21341.46484375
2023-06-02 18:37:18,2023-06-02 18:37:20,2,23170.755859375
2023-06-02 18:37:30,2023-06-02 18:37:31,1,22765.8203125
2023-06-02 18:37:41,2023-06-02 18:37:43,2,18284.427734375
2023-06-02 18:37:53,2023-06-02 18:37:55,2,18049.73828125
2023-06-02 18:38:05,2023-06-02 18:38:07,2,18484.955078125
2023-06-02 18:38:17,2023-06-02 18:38:19,2,19274.95703125
2023-06-02 18:38:28,2023-06-02 18:38:30,2,23376.6015625
2023-06-02 18:38:39,2023-06-02 18:38:42,3,19656.466145833332
2023-06-02 18:38:51,2023-06-02 18:38:53,2,22559.60546875
2023-06-02 18:39:02,2023-06-02 18:39:04,2,23396.7265625
2023-06-02 18:39:13,2023-06-02 18:39:15,2,21654.46484375
2023-06-02 18:39:25,2023-06-02 18:39:27,2,24029.6171875
2023-06-02 18:39:37,2023-06-02 18:39:39,2,23807.30078125
2023-06-02 18:39:48,2023-06-02 18:39:51,3,19306.177083333332
2023-06-02 18:40:00,2023-06-02 18:40:02,2,23320.255859375
2023-06-02 18:40:11,2023-06-02 18:40:13,2,21968.568359375
2023-06-02 18:40:23,2023-06-02 18:40:25,2,22455.310546875
2023-06-02 18:40:34,2023-06-02 18:40:36,2,21791.193359375
2023-06-02 18:40:46,2023-06-02 18:40:48,2,23505.609375
2023-06-02 18:40:57,2023-06-02 18:40:59,2,23678.357421875
2023-06-02 18:41:09,2023-06-02 18:41:11,2,21552.5234375
2023-06-02 18:41:20,2023-06-02 18:41:22,2,23247.244140625
2023-06-02 18:41:32,2023-06-02 18:41:34,2,21617.9140625
2023-06-02 18:41:44,2023-06-02 18:41:46,2,20517.66796875
2023-06-02 18:41:55,2023-06-02 18:41:57,2,21135.583984375
2023-06-02 18:42:07,2023-06-02 18:42:10,3,19931.74609375
2023-06-02 18:42:19,2023-06-02 18:42:21,2,21418.57421875
2023-06-02 18:42:31,2023-06-02 18:42:33,2,20164.185546875
2023-06-02 18:42:42,2023-06-02 18:42:44,2,20170.958984375
2023-06-02 18:42:54,2023-06-02 18:42:56,2,18710.541015625
2023-06-02 18:43:05,2023-06-02 18:43:08,3,19400.078125
2023-06-02 18:43:17,2023-06-02 18:43:19,2,23401.94140625
2023-06-02 18:43:28,2023-06-02 18:43:31,3,19614.947916666668
2023-06-02 18:43:40,2023-06-02 18:43:43,3,19530.259114583332
2023-06-02 18:43:52,2023-06-02 18:43:55,3,19372.432291666668
2023-06-02 18:44:03,2023-06-02 18:44:06,3,19332.8515625
2023-06-02 18:44:15,2023-06-02 18:44:18,3,19566.001302083332
2023-06-02 18:44:26,2023-06-02 18:44:29,3,17643.204427083332
2023-06-02 18:44:38,2023-06-02 18:44:41,3,17345.342447916668
2023-06-02 18:44:50,2023-06-02 18:44:51,1,21550.19921875
2023-06-02 18:45:01,2023-06-02 18:45:03,2,19506.712890625
2023-06-02 18:45:12,2023-06-02 18:45:14,2,20687.18359375
2023-06-02 18:45:24,2023-06-02 18:45:26,2,19906.357421875
2023-06-02 18:45:35,2023-06-02 18:45:37,2,22375.732421875
2023-06-02 18:45:46,2023-06-02 18:45:49,3,17706.283854166668
2023-06-02 18:45:58,2023-06-02 18:46:00,2,22370.6640625
2023-06-02 18:46:10,2023-06-02 18:46:12,2,20493.892578125
2023-06-02 18:46:21,2023-06-02 18:46:23,2,22364.099609375
2023-06-02 18:46:32,2023-06-02 18:46:35,3,18619.64453125
2023-06-02 18:46:44,2023-06-02 18:46:46,2,22301.3515625
2023-06-02 18:46:55,2023-06-02 18:46:58,3,18385.608072916668
2023-06-02 18:47:07,2023-06-02 18:47:09,2,21847.86328125
2023-06-02 18:47:19,2023-06-02 18:47:21,2,23623.82421875
2023-06-02 18:47:31,2023-06-02 18:47:33,2,23550.626953125
2023-06-02 18:47:42,2023-06-02 18:47:45,3,19451.944010416668
2023-06-02 18:47:54,2023-06-02 18:47:57,3,17723.966145833332
2023-06-02 18:48:06,2023-06-02 18:48:07,1,14803.36328125
2023-06-02 18:48:31,2023-06-02 18:48:32,1,15978.90234375
2023-06-02 18:48:43,2023-06-02 18:48:44,1,14105.609375
2023-06-02 18:48:54,2023-06-02 18:48:56,2,15265.130859375
2023-06-02 18:49:05,2023-06-02 18:49:07,2,18668.744140625
2023-06-02 18:49:17,2023-06-02 18:49:19,2,20594.244140625
2023-06-02 18:49:28,2023-06-02 18:49:30,2,22021.5703125
2023-06-02 18:49:39,2023-06-02 18:49:41,2,23867.162109375
2023-06-02 18:49:50,2023-06-02 18:49:52,2,23723.9296875
2023-06-02 18:50:01,2023-06-02 18:50:04,3,19700.513020833332
2023-06-02 18:50:13,2023-06-02 18:50:15,2,24154.830078125
2023-06-02 18:50:24,2023-06-02 18:50:26,2,23129.521484375
2023-06-02 18:50:36,2023-06-02 18:50:38,2,22839.142578125
2023-06-02 18:50:47,2023-06-02 18:50:50,3,17303.419270833332
2023-06-02 18:51:00,2023-06-02 18:51:02,2,20921.923828125
2023-06-02 18:51:11,2023-06-02 18:51:13,2,22611.666015625
2023-06-02 18:51:23,2023-06-02 18:51:25,2,23037.29296875
2023-06-02 18:51:34,2023-06-02 18:51:36,2,23192.4453125
2023-06-02 18:51:46,2023-06-02 18:51:48,2,22984.4296875
2023-06-02 18:51:57,2023-06-02 18:52:00,3,18224.70703125
2023-06-02 18:52:09,2023-06-02 18:52:11,2,21335.625
2023-06-02 18:52:21,2023-06-02 18:52:23,2,21885.15234375
2023-06-02 18:52:32,2023-06-02 18:52:34,2,20816.060546875
2023-06-02 18:52:44,2023-06-02 18:52:46,2,21175.7578125
2023-06-02 18:52:56,2023-06-02 18:52:58,2,20629.18359375
2023-06-02 18:53:07,2023-06-02 18:53:10,3,17284.442708333332
2023-06-02 18:53:19,2023-06-02 18:53:21,2,20599.888671875
2023-06-02 18:53:45,2023-06-02 18:53:47,2,15912.931640625
2023-06-02 18:53:56,2023-06-02 18:53:58,2,18116.146484375
2023-06-02 18:54:08,2023-06-02 18:54:10,2,20835.568359375
2023-06-02 18:54:19,2023-06-02 18:54:21,2,21605.671875
2023-06-02 18:54:31,2023-06-02 18:54:33,2,21993.005859375
2023-06-02 18:54:42,2023-06-02 18:54:44,2,21030.654296875
2023-06-02 18:54:54,2023-06-02 18:54:55,1,14608.28125
2023-06-02 18:55:06,2023-06-02 18:55:09,3,17599.911458333332
2023-06-02 18:55:18,2023-06-02 18:55:20,2,19720.099609375
2023-06-02 18:55:29,2023-06-02 18:55:31,2,22093.220703125
2023-06-02 18:55:40,2023-06-02 18:55:42,2,20768.607421875
2023-06-02 18:55:51,2023-06-02 18:55:53,2,20245.91796875
2023-06-02 18:56:03,2023-06-02 18:56:05,2,21589.986328125
2023-06-02 18:56:14,2023-06-02 18:56:16,2,20483.40234375
2023-06-02 18:56:25,2023-06-02 18:56:27,2,20837.63671875
2023-06-02 18:56:36,2023-06-02 18:56:38,2,21145.744140625
2023-06-02 18:56:47,2023-06-02 18:56:50,3,17975.454427083332
2023-06-02 18:56:59,2023-06-02 18:57:01,2,20281.548828125
2023-06-02 18:57:10,2023-06-02 18:57:12,2,20314.404296875
2023-06-02 18:57:20,2023-06-02 18:57:23,3,18089.546875
2023-06-02 18:57:31,2023-06-02 18:57:34,3,17090.9296875
2023-06-02 18:57:43,2023-06-02 18:57:45,2,18419.5625
2023-06-02 18:57:54,2023-06-02 18:57:57,3,16685.799479166668
2023-06-02 18:58:05,2023-06-02 18:58:08,3,17794.666666666668
2023-06-02 18:58:16,2023-06-02 18:58:19,3,17695.638020833332
2023-06-02 18:58:28,2023-06-02 18:58:31,3,18772.705729166668
2023-06-02 18:58:39,2023-06-02 18:58:42,3,19179.015625
2023-06-02 18:58:51,2023-06-02 18:58:54,3,19392.9609375
2023-06-02 18:59:02,2023-06-02 18:59:05,3,18208.490885416668
2023-06-02 18:59:14,2023-06-02 18:59:16,2,20062.8515625
2023-06-02 18:59:25,2023-06-02 18:59:28,3,19014.5546875
2023-06-02 18:59:37,2023-06-02 18:59:39,2,23054.55859375
2023-06-02 18:59:49,2023-06-02 18:59:51,2,21266.603515625
2023-06-02 19:00:00,2023-06-02 19:00:03,3,18395.361979166668
2023-06-02 19:00:12,2023-06-02 19:00:14,2,19538.396484375
2023-06-02 19:00:25,2023-06-02 19:00:29,4,18549.8076171875
2023-06-02 19:00:38,2023-06-02 19:00:41,3,21460.611979166668
2023-06-02 19:00:50,2023-06-02 19:00:53,3,20596.266927083332
2023-06-02 19:01:02,2023-06-02 19:01:05,3,23319.881510416668
2023-06-02 19:01:13,2023-06-02 19:01:17,4,19948.4501953125
2023-06-02 19:01:26,2023-06-02 19:01:29,3,19734.296875
2023-06-02 19:01:38,2023-06-02 19:01:41,3,17203.71875
2023-06-02 19:01:50,2023-06-02 19:01:53,3,15928.287760416666
2023-06-02 19:02:01,2023-06-02 19:02:02,1,14404.3203125
2023-06-02 19:02:03,2023-06-02 19:02:05,2,16836.171875
2023-06-02 19:02:13,2023-06-02 19:02:16,3,16150.119791666666
2023-06-02 19:02:25,2023-06-02 19:02:28,3,18755.140625
2023-06-02 19:02:36,2023-06-02 19:02:39,3,18259.337239583332
2023-06-02 19:02:47,2023-06-02 19:02:51,4,17103.9091796875
2023-06-02 19:02:59,2023-06-02 19:03:02,3,18416.274739583332
2023-06-02 19:03:10,2023-06-02 19:03:13,3,17876.4453125
2023-06-02 19:03:22,2023-06-02 19:03:25,3,20767.145833333332
2023-06-02 19:03:33,2023-06-02 19:03:36,3,20069.12890625
2023-06-02 19:03:45,2023-06-02 19:03:47,2,24571.470703125
2023-06-02 19:03:56,2023-06-02 19:03:59,3,20830.067708333332
2023-06-02 19:04:07,2023-06-02 19:04:10,3,21517.358072916668
2023-06-02 19:04:19,2023-06-02 19:04:21,2,22952.0546875
2023-06-02 19:04:30,2023-06-02 19:04:32,2,22969.1171875
2023-06-02 19:04:43,2023-06-02 19:04:46,3,18703.794270833332
2023-06-02 19:04:55,2023-06-02 19:04:58,3,19980.703125
2023-06-02 19:05:06,2023-06-02 19:05:09,3,19989.135416666668
2023-06-02 19:05:18,2023-06-02 19:05:21,3,21032.786458333332
2023-06-02 19:05:30,2023-06-02 19:05:33,3,21675.40234375
2023-06-02 19:05:42,2023-06-02 19:05:46,4,18043.736328125
2023-06-02 19:05:55,2023-06-02 19:05:58,3,22100.212239583332
2023-06-02 19:06:06,2023-06-02 19:06:09,3,20569.16796875
2023-06-02 19:06:18,2023-06-02 19:06:21,3,20669.087239583332
2023-06-02 19:06:29,2023-06-02 19:06:32,3,21108.89453125
2023-06-02 19:06:41,2023-06-02 19:06:43,2,22853.2265625
2023-06-02 19:06:52,2023-06-02 19:06:54,2,22715.236328125
2023-06-02 19:07:03,2023-06-02 19:07:05,2,22481.6953125
2023-06-02 19:07:15,2023-06-02 19:07:17,2,22804.650390625
2023-06-02 19:07:26,2023-06-02 19:07:28,2,23324.603515625
2023-06-02 19:07:37,2023-06-02 19:07:39,2,21921.759765625
2023-06-02 19:07:49,2023-06-02 19:07:51,2,21264.474609375
2023-06-02 19:08:00,2023-06-02 19:08:03,3,18631.33203125
2023-06-02 19:08:12,2023-06-02 19:08:14,2,21057.212890625
2023-06-02 19:08:24,2023-06-02 19:08:27,3,17078.37109375
2023-06-02 19:08:36,2023-06-02 19:08:39,3,17410.361979166668
2023-06-02 19:08:48,2023-06-02 19:08:51,3,17964.305989583332
2023-06-02 19:09:00,2023-06-02 19:09:03,3,20049.162760416668
2023-06-02 19:09:12,2023-06-02 19:09:15,3,20233.412760416668
2023-06-02 19:09:24,2023-06-02 19:09:27,3,19196.268229166668
2023-06-02 19:09:35,2023-06-02 19:09:38,3,19224.080729166668
2023-06-02 19:09:47,2023-06-02 19:09:50,3,19313.3046875
2023-06-02 19:09:58,2023-06-02 19:10:01,3,20121.143229166668
2023-06-02 19:10:10,2023-06-02 19:10:13,3,20896.05859375
2023-06-02 19:10:21,2023-06-02 19:10:24,3,20114.93359375
2023-06-02 19:10:33,2023-06-02 19:10:36,3,21138.733072916668
2023-06-02 19:10:44,2023-06-02 19:10:47,3,19344.544270833332
2023-06-02 19:10:55,2023-06-02 19:10:58,3,19407.427083333332
2023-06-02 19:11:06,2023-06-02 19:11:09,3,18147.799479166668
2023-06-02 19:11:17,2023-06-02 19:11:19,2,19055.79296875
2023-06-02 19:11:32,2023-06-02 19:11:33,1,16443.55859375
2023-06-02 19:11:44,2023-06-02 19:11:45,1,14937.40234375
2023-06-02 19:12:09,2023-06-02 19:12:10,1,15007.18359375
2023-06-02 19:12:11,2023-06-02 19:12:12,1,16082.953125
2023-06-02 19:12:21,2023-06-02 19:12:23,2,14009.30859375
2023-06-02 19:12:32,2023-06-02 19:12:34,2,14835.30859375
2023-06-02 19:12:44,2023-06-02 19:12:45,1,17306.31640625
2023-06-02 19:12:56,2023-06-02 19:12:57,1,17530.8359375
2023-06-02 19:13:18,2023-06-02 19:13:19,1,15149.98828125
2023-06-02 19:13:28,2023-06-02 19:13:29,1,13925.90625
2023-06-02 19:13:37,2023-06-02 19:13:38,1,14795.66796875
2023-06-02 19:13:39,2023-06-02 19:13:40,1,16206.41796875
2023-06-02 19:13:50,2023-06-02 19:13:51,1,16573.03515625
2023-06-02 19:14:02,2023-06-02 19:14:03,1,18862.48046875
2023-06-02 19:14:13,2023-06-02 19:14:15,2,17053.853515625
2023-06-02 19:14:20,2023-06-02 19:14:21,1,14052.1015625
2023-06-02 19:14:24,2023-06-02 19:14:26,2,14847.7421875
2023-06-02 19:14:31,2023-06-02 19:14:32,1,16968.41015625
2023-06-02 19:14:35,2023-06-02 19:14:36,1,15379.109375
2023-06-02 19:14:42,2023-06-02 19:14:43,1,15408.9296875
2023-06-02 19:14:54,2023-06-02 19:14:55,1,15912.35546875
2023-06-02 19:14:58,2023-06-02 19:14:59,1,14817.8828125
2023-06-02 19:15:05,2023-06-02 19:15:06,1,15254.765625
2023-06-02 19:15:09,2023-06-02 19:15:10,1,17688.078125
2023-06-02 19:15:17,2023-06-02 19:15:18,1,15708.4296875
2023-06-02 19:15:20,2023-06-02 19:15:21,1,16352.2578125
2023-06-02 19:15:31,2023-06-02 19:15:32,1,14094.42578125
2023-06-02 19:15:33,2023-06-02 19:15:35,2,14962.892578125
2023-06-02 19:15:43,2023-06-02 19:15:44,1,14797.41015625
2023-06-02 19:15:45,2023-06-02 19:15:47,2,17956.548828125
2023-06-02 19:15:57,2023-06-02 19:16:00,3,21265.524739583332
2023-06-02 19:16:09,2023-06-02 19:16:12,3,18433.028645833332
2023-06-02 19:16:22,2023-06-02 19:16:25,3,15354.662760416666
2023-06-02 19:16:35,2023-06-02 19:16:38,3,17724.62890625
2023-06-02 19:16:47,2023-06-02 19:16:50,3,17218.46484375
2023-06-02 19:17:00,2023-06-02 19:17:02,2,22354.033203125
2023-06-02 19:17:11,2023-06-02 19:17:14,3,19974.790364583332
2023-06-02 19:17:23,2023-06-02 19:17:25,2,22478.78515625
2023-06-02 19:17:34,2023-06-02 19:17:37,3,19682.494791666668
2023-06-02 19:17:46,2023-06-02 19:17:48,2,21367.263671875
2023-06-02 19:17:57,2023-06-02 19:17:59,2,22730.53515625
2023-06-02 19:18:08,2023-06-02 19:18:11,3,18731.66796875
2023-06-02 19:18:20,2023-06-02 19:18:22,2,18848.294921875
2023-06-02 19:18:31,2023-06-02 19:18:34,3,16245.555989583334
2023-06-02 19:18:43,2023-06-02 19:18:45,2,15188.291015625
2023-06-02 19:18:54,2023-06-02 19:18:55,1,18142.80078125
2023-06-02 19:18:57,2023-06-02 19:18:58,1,14018.44921875
2023-06-02 19:19:05,2023-06-02 19:19:06,1,17683.08203125
2023-06-02 19:19:17,2023-06-02 19:19:18,1,16734.33203125
2023-06-02 19:19:41,2023-06-02 19:19:42,1,16138.3671875
2023-06-02 19:19:52,2023-06-02 19:19:53,1,15213.1640625
2023-06-02 19:20:03,2023-06-02 19:20:05,2,16531.3359375
2023-06-02 19:20:13,2023-06-02 19:20:14,1,14198.65234375
2023-06-02 19:20:15,2023-06-02 19:20:17,2,16107.052734375
2023-06-02 19:20:27,2023-06-02 19:20:29,2,17202.185546875
2023-06-02 19:20:38,2023-06-02 19:20:41,3,17964.609375
2023-06-02 19:20:50,2023-06-02 19:20:53,3,18442.33203125
2023-06-02 19:21:02,2023-06-02 19:21:05,3,18915.697916666668
2023-06-02 19:21:14,2023-06-02 19:21:17,3,19116.096354166668
2023-06-02 19:21:26,2023-06-02 19:21:29,3,19765.864583333332
2023-06-02 19:21:37,2023-06-02 19:21:40,3,19092.608072916668
2023-06-02 19:21:49,2023-06-02 19:21:52,3,19602.329427083332
2023-06-02 19:22:01,2023-06-02 19:22:04,3,18700.05078125
2023-06-02 19:22:13,2023-06-02 19:22:15,2,20060.99609375
2023-06-02 19:22:24,2023-06-02 19:22:27,3,16297.26953125
2023-06-02 19:22:37,2023-06-02 19:22:39,2,16864.982421875
2023-06-02 19:22:50,2023-06-02 19:22:51,1,17292.12109375
2023-06-02 19:23:03,2023-06-02 19:23:04,1,18379.25
2023-06-02 19:23:12,2023-06-02 19:23:13,1,16281.51171875
2023-06-02 19:23:16,2023-06-02 19:23:17,1,19360.10546875
2023-06-02 19:23:23,2023-06-02 19:23:24,1,14770.015625
2023-06-02 19:23:27,2023-06-02 19:23:29,2,16494.3125
2023-06-02 19:23:39,2023-06-02 19:23:41,2,15461.263671875
2023-06-02 19:23:51,2023-06-02 19:23:53,2,17029.107421875
2023-06-02 19:24:03,2023-06-02 19:24:04,1,16250.4765625
2023-06-02 19:24:14,2023-06-02 19:24:15,1,14364.41015625
2023-06-02 19:24:26,2023-06-02 19:24:27,1,15781.125
2023-06-02 19:24:29,2023-06-02 19:24:30,1,15711.4921875
2023-06-02 19:24:37,2023-06-02 19:24:38,1,19662.453125
2023-06-02 19:24:40,2023-06-02 19:24:41,1,15695.4609375
2023-06-02 19:24:48,2023-06-02 19:24:49,1,18940.453125
2023-06-02 19:24:51,2023-06-02 19:24:52,1,14008.484375
2023-06-02 19:24:59,2023-06-02 19:25:00,1,17272.05078125
2023-06-02 19:25:10,2023-06-02 19:25:12,2,16862.34375
2023-06-02 19:25:14,2023-06-02 19:25:15,1,14884.828125
2023-06-02 19:25:21,2023-06-02 19:25:23,2,15750.240234375
2023-06-02 19:25:33,2023-06-02 19:25:34,1,16961.72265625
2023-06-02 19:25:44,2023-06-02 19:25:45,1,16682.1640625
2023-06-02 19:25:55,2023-06-02 19:25:56,1,18660.8515625
2023-06-02 19:25:57,2023-06-02 19:25:58,1,14420.17578125
2023-06-02 19:26:06,2023-06-02 19:26:07,1,19871.0
2023-06-02 19:26:08,2023-06-02 19:26:09,1,15541.0390625
2023-06-02 19:26:17,2023-06-02 19:26:20,3,16479.5078125
2023-06-02 19:26:27,2023-06-02 19:26:28,1,15111.421875
2023-06-02 19:26:29,2023-06-02 19:26:31,2,16476.392578125
2023-06-02 19:26:38,2023-06-02 19:26:39,1,16096.12109375
2023-06-02 19:26:41,2023-06-02 19:26:42,1,18875.578125
2023-06-02 19:26:49,2023-06-02 19:26:50,1,16990.34375
2023-06-02 19:27:00,2023-06-02 19:27:01,1,18010.12890625
2023-06-02 19:27:11,2023-06-02 19:27:12,1,18358.37109375
2023-06-02 19:27:25,2023-06-02 19:27:27,2,16628.56640625
2023-06-02 19:27:37,2023-06-02 19:27:38,1,18868.38671875
2023-06-02 19:27:49,2023-06-02 19:27:50,1,14964.26953125
2023-06-02 19:28:01,2023-06-02 19:28:03,2,19876.53515625
2023-06-02 19:28:13,2023-06-02 19:28:15,2,21104.77734375
2023-06-02 19:28:24,2023-06-02 19:28:27,3,19746.87890625
2023-06-02 19:28:36,2023-06-02 19:28:39,3,19655.54296875
2023-06-02 19:28:48,2023-06-02 19:28:51,3,20814.244791666668
2023-06-02 19:29:00,2023-06-02 19:29:03,3,20649.140625
2023-06-02 19:29:11,2023-06-02 19:29:14,3,20980.744791666668
2023-06-02 19:29:23,2023-06-02 19:29:26,3,20627.014322916668
2023-06-02 19:29:34,2023-06-02 19:29:37,3,19626.834635416668
2023-06-02 19:29:46,2023-06-02 19:29:49,3,18873.4140625
2023-06-02 19:29:58,2023-06-02 19:30:00,2,21788.603515625
2023-06-02 19:30:09,2023-06-02 19:30:12,3,19414.805989583332
2023-06-02 19:30:21,2023-06-02 19:30:23,2,24096.62109375
2023-06-02 19:30:33,2023-06-02 19:30:35,2,22772.673828125
2023-06-02 19:30:44,2023-06-02 19:30:46,2,24595.869140625
2023-06-02 19:30:55,2023-06-02 19:30:58,3,18845.4765625
2023-06-02 19:31:07,2023-06-02 19:31:09,2,15671.263671875
2023-06-02 19:31:19,2023-06-02 19:31:20,1,19754.609375
2023-06-02 19:31:30,2023-06-02 19:31:31,1,18242.8671875
2023-06-02 19:31:41,2023-06-02 19:31:42,1,17754.2578125
2023-06-02 19:31:43,2023-06-02 19:31:44,1,16198.08203125
2023-06-02 19:31:52,2023-06-02 19:31:53,1,16665.0859375
2023-06-02 19:31:54,2023-06-02 19:31:55,1,19586.62109375
2023-06-02 19:32:03,2023-06-02 19:32:04,1,16539.2890625
2023-06-02 19:32:05,2023-06-02 19:32:06,1,19431.93359375
2023-06-02 19:32:14,2023-06-02 19:32:17,3,17017.30078125
2023-06-02 19:32:26,2023-06-02 19:32:29,3,18953.311197916668
2023-06-02 19:32:37,2023-06-02 19:32:40,3,20021.399739583332
2023-06-02 19:32:49,2023-06-02 19:32:51,2,25109.314453125
2023-06-02 19:33:01,2023-06-02 19:33:03,2,24950.716796875
2023-06-02 19:33:12,2023-06-02 19:33:15,3,20898.717447916668
2023-06-02 19:33:24,2023-06-02 19:33:26,2,23987.248046875
2023-06-02 19:33:35,2023-06-02 19:33:37,2,23993.82421875
2023-06-02 19:33:47,2023-06-02 19:33:49,2,20573.60546875
2023-06-02 19:33:59,2023-06-02 19:34:01,2,22615.296875
2023-06-02 19:34:10,2023-06-02 19:34:12,2,23410.728515625
2023-06-02 19:34:22,2023-06-02 19:34:24,2,23418.009765625
2023-06-02 19:34:33,2023-06-02 19:34:35,2,22604.662109375
2023-06-02 19:34:45,2023-06-02 19:34:47,2,22172.763671875
2023-06-02 19:34:56,2023-06-02 19:34:59,3,20360.809895833332
2023-06-02 19:35:08,2023-06-02 19:35:10,2,20851.935546875
2023-06-02 19:35:19,2023-06-02 19:35:20,1,25011.140625
2023-06-02 19:35:30,2023-06-02 19:35:32,2,18118.51171875
2023-06-02 19:35:41,2023-06-02 19:35:43,2,17921.412109375
2023-06-02 19:35:53,2023-06-02 19:35:55,2,17109.205078125
2023-06-02 19:36:05,2023-06-02 19:36:06,1,16567.3203125
2023-06-02 19:36:26,2023-06-02 19:36:27,1,15751.44140625
2023-06-02 19:36:37,2023-06-02 19:36:39,2,16788.76953125
2023-06-02 19:36:49,2023-06-02 19:36:52,3,16587.325520833332
2023-06-02 19:37:00,2023-06-02 19:37:01,1,14449.24609375
2023-06-02 19:37:02,2023-06-02 19:37:03,1,18651.828125
2023-06-02 19:37:12,2023-06-02 19:37:15,3,16582.782552083332
2023-06-02 19:37:24,2023-06-02 19:37:26,2,17238.994140625
2023-06-02 19:37:35,2023-06-02 19:37:38,3,14750.313802083334
2023-06-02 19:37:48,2023-06-02 19:37:49,1,18309.8203125
2023-06-02 19:38:09,2023-06-02 19:38:10,1,13931.78125
2023-06-02 19:38:19,2023-06-02 19:38:21,2,15540.27734375
2023-06-02 19:38:31,2023-06-02 19:38:32,1,17485.953125
2023-06-02 19:38:59,2023-06-02 19:39:01,2,15509.962890625
2023-06-02 19:39:12,2023-06-02 19:39:14,2,16226.642578125
2023-06-02 19:39:25,2023-06-02 19:39:27,2,17267.96484375
2023-06-02 19:39:37,2023-06-02 19:39:40,3,16913.475260416668
2023-06-02 19:39:50,2023-06-02 19:39:52,2,18890.6796875
2023-06-02 19:40:02,2023-06-02 19:40:04,2,19810.65625
2023-06-02 19:40:14,2023-06-02 19:40:16,2,17153.353515625
2023-06-02 19:40:25,2023-06-02 19:40:28,3,16494.171875
2023-06-02 19:40:36,2023-06-02 19:40:39,3,15308.299479166666
2023-06-02 19:40:48,2023-06-02 19:40:49,1,17737.71484375
2023-06-02 19:40:59,2023-06-02 19:41:00,1,16853.7734375
2023-06-02 19:41:10,2023-06-02 19:41:11,1,16404.65234375
2023-06-02 19:41:21,2023-06-02 19:41:22,1,14283.17578125
2023-06-02 19:41:42,2023-06-02 19:41:43,1,16902.33984375
2023-06-02 19:41:53,2023-06-02 19:41:54,1,19370.43359375
2023-06-02 19:42:04,2023-06-02 19:42:05,1,20146.71484375
2023-06-02 19:42:15,2023-06-02 19:42:16,1,17076.47265625
2023-06-02 19:42:26,2023-06-02 19:42:27,1,15847.66015625
2023-06-02 19:42:37,2023-06-02 19:42:38,1,16529.7109375
2023-06-02 19:42:46,2023-06-02 19:42:49,3,15845.184895833334
2023-06-02 19:42:58,2023-06-02 19:43:01,3,19224.75
2023-06-02 19:43:10,2023-06-02 19:43:13,3,19539.329427083332
2023-06-02 19:43:22,2023-06-02 19:43:24,2,22913.25
2023-06-02 19:43:33,2023-06-02 19:43:35,2,22184.95703125
2023-06-02 19:43:45,2023-06-02 19:43:47,2,24201.177734375
2023-06-02 19:43:56,2023-06-02 19:43:59,3,19627.8203125
2023-06-02 19:44:10,2023-06-02 19:44:12,2,20421.77734375
2023-06-02 19:44:22,2023-06-02 19:44:24,2,20374.568359375
2023-06-02 19:44:34,2023-06-02 19:44:36,2,21892.63671875
2023-06-02 19:44:45,2023-06-02 19:44:47,2,21927.173828125
2023-06-02 19:44:56,2023-06-02 19:44:59,3,17940.001302083332
2023-06-02 19:45:08,2023-06-02 19:45:11,3,16624.859375
2023-06-02 19:45:19,2023-06-02 19:45:20,1,14408.2578125
2023-06-02 19:45:21,2023-06-02 19:45:22,1,15471.390625
2023-06-02 19:45:30,2023-06-02 19:45:31,1,14033.94921875
2023-06-02 19:45:33,2023-06-02 19:45:34,1,14124.9453125
2023-06-02 19:45:41,2023-06-02 19:45:42,1,15432.578125
2023-06-02 19:45:52,2023-06-02 19:45:53,1,17438.92578125
2023-06-02 19:46:03,2023-06-02 19:46:04,1,17177.41796875
2023-06-02 19:46:14,2023-06-02 19:46:16,2,14418.970703125
2023-06-02 19:46:26,2023-06-02 19:46:27,1,15931.3984375
2023-06-02 19:46:37,2023-06-02 19:46:38,1,14149.5390625
2023-06-02 19:46:49,2023-06-02 19:46:50,1,16311.4375
2023-06-02 19:47:12,2023-06-02 19:47:13,1,15614.75
2023-06-02 19:47:16,2023-06-02 19:47:18,2,13932.51171875
2023-06-02 19:47:23,2023-06-02 19:47:25,2,14695.65234375
2023-06-02 19:47:28,2023-06-02 19:47:29,1,15771.09765625
2023-06-02 19:47:34,2023-06-02 19:47:36,2,14255.576171875
2023-06-02 19:47:46,2023-06-02 19:47:47,1,13890.0390625
2023-06-02 19:47:51,2023-06-02 19:47:52,1,15828.4140625
2023-06-02 19:47:57,2023-06-02 19:47:58,1,15305.71484375
2023-06-02 19:48:08,2023-06-02 19:48:09,1,16000.59765625
2023-06-02 19:48:14,2023-06-02 19:48:15,1,15518.57421875
2023-06-02 19:48:19,2023-06-02 19:48:21,2,15893.525390625
2023-06-02 19:48:25,2023-06-02 19:48:26,1,15498.42578125
2023-06-02 19:48:30,2023-06-02 19:48:32,2,15869.283203125
2023-06-02 19:48:37,2023-06-02 19:48:38,1,14364.75
2023-06-02 19:48:42,2023-06-02 19:48:43,1,18140.8515625
2023-06-02 19:48:53,2023-06-02 19:48:54,1,14856.02734375
2023-06-02 19:49:05,2023-06-02 19:49:06,1,17951.94921875
2023-06-02 19:49:16,2023-06-02 19:49:17,1,17156.28125
2023-06-02 19:49:27,2023-06-02 19:49:28,1,14073.9140625
2023-06-02 19:49:39,2023-06-02 19:49:40,1,17489.3515625
2023-06-02 21:18:42,2023-06-02 21:18:59,17,15886.633042279413
2023-06-02 21:19:00,2023-06-02 21:19:06,6,14943.7265625
2023-06-02 21:19:07,2023-06-02 21:22:08,181,15707.391790400552
2023-06-15 10:18:48,2023-06-15 10:19:32,44,15695.815696022728
2023-06-15 10:19:33,2023-06-15 10:19:36,3,14283.157552083334
2023-06-15 10:19:37,2023-06-15 10:19:48,11,14196.9609375
2023-06-15 10:19:49,2023-06-15 10:19:52,3,14181.520833333334
2023-06-15 10:19:53,2023-06-15 10:19:54,1,14295.1328125
2023-06-15 10:19:59,2023-06-15 10:20:24,25,14759.8653125
2023-06-15 10:20:26,2023-06-15 10:20:27,1,13892.4921875
2023-06-15 14:03:53,2023-06-15 14:03:54,1,15287.90625
2023-06-15 14:09:06,2023-06-15 14:09:07,1,16143.47265625
2023-06-15 14:09:08,2023-06-15 14:09:10,2,14427.078125
2023-06-15 14:10:24,2023-06-15 14:10:26,2,15900.5546875
2023-06-15 14:10:28,2023-06-15 14:10:30,2,16125.126953125
2023-06-15 14:11:45,2023-06-15 14:11:46,1,18000.87890625
2023-06-15 14:11:48,2023-06-15 14:11:50,2,15592.33203125
2023-06-15 14:13:06,2023-06-15 14:13:11,5,14977.9859375
2023-06-15 14:14:24,2023-06-15 14:14:26,2,15874.328125
2023-06-15 14:14:28,2023-06-15 14:14:30,2,15599.212890625
2023-06-15 14:15:44,2023-06-15 14:15:48,4,15644.4453125
2023-06-15 14:17:02,2023-06-15 14:17:07,5,14871.1859375
2023-06-15 14:18:23,2023-06-15 14:18:26,3,15877.772135416666
2023-06-15 14:19:41,2023-06-15 14:19:42,1,18620.875
2023-06-15 14:19:45,2023-06-15 14:19:47,2,15224.802734375
2023-06-15 14:23:33,2023-06-15 14:23:34,1,16860.3984375
2023-06-15 14:23:37,2023-06-15 14:23:39,2,15197.63671875
2023-06-15 14:24:56,2023-06-15 14:25:00,4,15627.8935546875
2023-06-15 14:26:15,2023-06-15 14:26:16,1,18366.5859375
2023-06-15 14:26:18,2023-06-15 14:26:20,2,15455.392578125
2023-06-15 14:27:35,2023-06-15 14:27:36,1,17651.03515625
2023-06-15 14:27:38,2023-06-15 14:27:40,2,15264.3359375
2023-06-15 14:28:56,2023-06-15 14:28:59,3,16101.467447916666
2023-06-15 14:30:14,2023-06-15 14:30:19,5,14803.85625
2023-06-15 14:31:32,2023-06-15 14:31:34,2,16000.58984375
2023-06-15 14:31:36,2023-06-15 14:31:38,2,15324.158203125
2023-06-15 14:32:53,2023-06-15 14:32:54,1,18895.984375
2023-06-15 14:32:56,2023-06-15 14:32:58,2,15262.255859375
2023-06-15 14:34:12,2023-06-15 14:34:13,1,18818.2734375
2023-06-15 14:34:15,2023-06-15 14:34:17,2,15400.8828125
2023-06-15 14:35:32,2023-06-15 14:35:35,3,15594.76953125
2023-06-15 14:36:51,2023-06-15 14:36:52,1,13987.7109375
2023-06-15 14:38:14,2023-06-15 14:38:16,2,15554.74609375
2023-06-15 14:38:18,2023-06-15 14:38:20,2,15658.97265625
2023-06-15 14:39:35,2023-06-15 14:39:37,2,15659.88671875
2023-06-15 14:39:38,2023-06-15 14:39:40,2,15404.484375
2023-06-15 14:40:55,2023-06-15 14:40:57,2,16026.94140625
2023-06-15 14:40:59,2023-06-15 14:41:01,2,15607.806640625
2023-06-15 14:42:15,2023-06-15 14:42:17,2,16484.1875
2023-06-15 14:42:19,2023-06-15 14:42:21,2,16373.6171875
2023-06-15 14:43:35,2023-06-15 14:43:37,2,16157.20703125
2023-06-15 14:43:39,2023-06-15 14:43:40,1,16433.3515625
2023-06-15 14:44:54,2023-06-15 14:44:56,2,15867.267578125
2023-06-15 14:44:58,2023-06-15 14:45:00,2,15255.533203125
2023-06-15 14:46:14,2023-06-15 14:46:16,2,15939.720703125
2023-06-15 14:46:18,2023-06-15 14:46:20,2,15414.205078125
2023-06-15 14:47:34,2023-06-15 14:47:36,2,15870.287109375
2023-06-15 14:47:38,2023-06-15 14:47:40,2,15635.142578125
2023-06-15 15:09:54,2023-06-15 15:09:55,1,15375.71484375
2023-06-15 15:16:39,2023-06-15 15:16:41,2,15407.87890625
2023-06-15 15:16:43,2023-06-15 15:16:45,2,15282.068359375
2023-06-15 15:18:00,2023-06-15 15:18:04,4,15524.3388671875
2023-06-15 15:19:19,2023-06-15 15:19:24,5,15077.53984375
2023-06-15 15:20:39,2023-06-15 15:20:43,4,15572.5302734375
2023-06-15 15:21:58,2023-06-15 15:22:02,4,15362.78515625
2023-06-15 15:23:16,2023-06-15 15:23:18,2,14648.0546875
2023-06-15 15:23:19,2023-06-15 15:23:20,1,13909.828125
2023-06-15 15:26:13,2023-06-15 15:26:15,2,16605.912109375
2023-06-15 15:27:32,2023-06-15 15:27:33,1,17815.0859375
2023-06-15 15:27:35,2023-06-15 15:27:37,2,15503.02734375
2023-06-15 15:28:52,2023-06-15 15:28:53,1,19125.40234375
2023-06-15 15:28:55,2023-06-15 15:28:57,2,15531.890625
2023-06-15 15:30:11,2023-06-15 15:30:13,2,15621.7265625
2023-06-15 15:30:15,2023-06-15 15:30:17,2,15657.958984375
2023-06-15 15:31:31,2023-06-15 15:31:33,2,16355.396484375
2023-06-15 15:31:35,2023-06-15 15:31:36,1,16214.51171875
2023-06-15 15:32:50,2023-06-15 15:32:55,5,15278.59921875
2023-06-15 15:34:08,2023-06-15 15:34:10,2,15655.453125
2023-06-15 15:34:11,2023-06-15 15:34:13,2,15032.916015625
2023-06-15 15:35:27,2023-06-15 15:35:29,2,15823.642578125
2023-06-15 15:35:30,2023-06-15 15:35:33,3,14741.31640625
2023-06-15 15:36:46,2023-06-15 15:36:48,2,15447.94921875
2023-06-15 15:36:49,2023-06-15 15:36:52,3,14817.266927083334
2023-06-15 16:06:09,2023-06-15 16:06:10,1,17013.65625
2023-06-15 16:06:13,2023-06-15 16:06:14,1,16031.9921875
2023-06-15 16:07:28,2023-06-15 16:07:29,1,18198.87109375
2023-06-15 16:07:32,2023-06-15 16:07:34,2,14792.681640625
2023-06-15 16:08:49,2023-06-15 16:08:51,2,15542.884765625
2023-06-15 16:08:53,2023-06-15 16:08:55,2,15165.025390625
2023-06-15 16:10:10,2023-06-15 16:10:14,4,15368.3369140625
2023-06-15 16:11:28,2023-06-15 16:11:29,1,16329.88671875
2023-06-15 16:11:30,2023-06-15 16:11:32,2,15288.203125
2023-06-15 16:12:48,2023-06-15 16:12:49,1,18584.96875
2023-06-15 16:12:52,2023-06-15 16:12:53,1,16307.1015625
2023-06-15 16:14:08,2023-06-15 16:14:10,2,15851.73828125
2023-06-15 16:14:12,2023-06-15 16:14:14,2,15399.048828125
2023-06-15 16:15:28,2023-06-15 16:15:31,3,15780.881510416666
2023-06-15 16:16:45,2023-06-15 16:16:48,3,15577.057291666666
2023-06-15 16:18:05,2023-06-15 16:18:06,1,18640.21484375
2023-06-15 16:18:09,2023-06-15 16:18:11,2,15107.501953125
2023-06-15 16:19:25,2023-06-15 16:19:29,4,15406.1435546875
2023-06-15 16:20:42,2023-06-15 16:20:44,2,15639.759765625
2023-06-15 16:20:46,2023-06-15 16:20:48,2,14893.927734375
2023-06-15 16:22:01,2023-06-15 16:22:03,2,16315.4765625
2023-06-15 16:22:05,2023-06-15 16:22:07,2,15348.6640625
2023-06-15 16:23:22,2023-06-15 16:23:23,1,18375.78515625
2023-06-15 16:23:25,2023-06-15 16:23:27,2,14978.994140625
2023-06-15 16:24:42,2023-06-15 16:24:43,1,17325.15234375
2023-06-15 16:24:45,2023-06-15 16:24:47,2,15432.16796875
2023-06-15 16:26:02,2023-06-15 16:26:03,1,18896.26953125
2023-06-15 16:26:06,2023-06-15 16:26:07,1,16601.41015625
2023-06-15 16:55:25,2023-06-15 16:55:27,2,16091.470703125
2023-06-15 16:56:42,2023-06-15 16:56:44,2,16726.408203125
2023-06-15 16:58:00,2023-06-15 16:58:01,1,17578.6171875
2023-06-15 16:58:03,2023-06-15 16:58:05,2,15553.6484375
2023-06-15 16:59:19,2023-06-15 16:59:21,2,15894.15625
2023-06-15 16:59:22,2023-06-15 16:59:24,2,15392.435546875
2023-06-15 17:00:37,2023-06-15 17:00:39,2,15452.294921875
2023-06-15 17:00:41,2023-06-15 17:00:43,2,15359.111328125
2023-06-15 17:01:55,2023-06-15 17:01:57,2,16143.51953125
2023-06-15 17:01:59,2023-06-15 17:02:01,2,14949.859375
2023-06-15 17:03:15,2023-06-15 17:03:20,5,15027.98515625
2023-06-15 17:04:34,2023-06-15 17:04:36,2,15516.869140625
2023-06-15 17:04:38,2023-06-15 17:04:40,2,15417.662109375
2023-06-15 17:05:54,2023-06-15 17:05:56,2,15887.892578125
2023-06-15 17:05:58,2023-06-15 17:06:00,2,14734.28515625
2023-06-15 17:07:17,2023-06-15 17:07:18,1,17372.8125
2023-06-15 17:07:20,2023-06-15 17:07:22,2,15248.224609375
2023-06-15 17:08:38,2023-06-15 17:08:40,2,15418.541015625
2023-06-15 17:08:42,2023-06-15 17:08:44,2,15112.298828125
2023-06-15 17:09:58,2023-06-15 17:09:59,1,17785.7265625
2023-06-15 17:10:01,2023-06-15 17:10:03,2,15399.095703125
2023-06-15 17:11:16,2023-06-15 17:11:18,2,15618.025390625
2023-06-15 17:11:20,2023-06-15 17:11:22,2,15210.005859375
2023-06-15 17:12:35,2023-06-15 17:12:37,2,16085.44921875
2023-06-15 17:12:39,2023-06-15 17:12:40,1,15584.99609375
2023-06-15 17:13:55,2023-06-15 17:13:56,1,16437.39453125
2023-06-15 17:13:58,2023-06-15 17:14:00,2,15501.87890625
2023-06-15 17:15:15,2023-06-15 17:15:16,1,17851.42578125
2023-06-15 17:15:18,2023-06-15 17:15:20,2,15399.765625
2023-06-15 17:16:34,2023-06-15 17:16:35,1,15439.84375
2023-06-15 17:16:39,2023-06-15 17:16:40,1,14400.8203125
2023-06-15 17:17:56,2023-06-15 17:17:58,2,15650.283203125
2023-06-15 17:18:00,2023-06-15 17:18:02,2,15463.083984375
2023-06-15 17:19:15,2023-06-15 17:19:17,2,15970.486328125
2023-06-15 17:19:19,2023-06-15 17:19:21,2,14873.015625
2023-06-15 17:20:36,2023-06-15 17:20:37,1,16560.3671875
2023-06-15 17:21:53,2023-06-15 17:21:55,2,15618.046875
2023-06-15 17:21:57,2023-06-15 17:21:59,2,14643.583984375
2023-06-15 17:23:12,2023-06-15 17:23:14,2,14799.2578125
2023-06-15 17:23:16,2023-06-15 17:23:18,2,14700.8671875
2023-06-15 17:24:31,2023-06-15 17:24:33,2,15946.34765625
2023-06-15 17:24:35,2023-06-15 17:24:37,2,15632.513671875
2023-06-15 17:25:51,2023-06-15 17:25:53,2,15840.330078125
2023-06-15 17:25:55,2023-06-15 17:25:56,1,16362.05078125
2023-06-15 17:27:09,2023-06-15 17:27:11,2,15514.01171875
2023-06-15 17:27:13,2023-06-15 17:27:15,2,15351.99609375
2023-06-15 17:28:27,2023-06-15 17:28:29,2,15512.2890625
2023-06-15 17:28:31,2023-06-15 17:28:33,2,15377.275390625
2023-06-15 17:29:46,2023-06-15 17:29:47,1,17724.546875
2023-06-15 17:29:50,2023-06-15 17:29:51,1,16378.59375
2023-06-15 17:31:05,2023-06-15 17:31:07,2,16651.8984375
2023-06-15 17:31:08,2023-06-15 17:31:10,2,15299.763671875
2023-06-15 17:32:23,2023-06-15 17:32:25,2,16190.55078125
2023-06-15 17:32:27,2023-06-15 17:32:28,1,15934.0546875
2023-06-15 17:33:43,2023-06-15 17:33:45,2,15971.271484375
2023-06-15 17:33:47,2023-06-15 17:33:48,1,16745.23828125
2023-06-15 17:35:01,2023-06-15 17:35:03,2,15337.314453125
2023-06-15 17:35:05,2023-06-15 17:35:07,2,15346.896484375
2023-06-15 17:36:20,2023-06-15 17:36:22,2,15749.47265625
2023-06-15 17:36:24,2023-06-15 17:36:26,2,15387.205078125
2023-06-15 17:37:39,2023-06-15 17:37:41,2,15875.58984375
2023-06-15 17:37:43,2023-06-15 17:37:45,2,15714.291015625
2023-06-15 17:44:18,2023-06-15 17:44:20,2,15712.794921875
2023-06-15 17:44:21,2023-06-15 17:44:23,2,15306.640625
2023-06-15 17:45:37,2023-06-15 17:45:42,5,14738.378125
2023-06-15 17:46:55,2023-06-15 17:47:00,5,14961.48515625
2023-06-15 17:48:13,2023-06-15 17:48:16,3,15460.505208333334
2023-06-15 17:48:17,2023-06-15 17:48:19,2,15128.27734375
2023-06-15 17:49:33,2023-06-15 17:49:34,1,17048.1328125
2023-06-15 17:49:36,2023-06-15 17:49:38,2,15433.23046875
2023-06-15 17:50:52,2023-06-15 17:50:57,5,15308.41953125
2023-06-15 17:52:12,2023-06-15 17:52:16,4,15580.68359375
2023-06-15 17:53:29,2023-06-15 17:53:31,2,16015.234375
2023-06-15 17:53:33,2023-06-15 17:53:35,2,15804.171875
2023-06-15 17:54:49,2023-06-15 17:54:54,5,15198.44921875
2023-06-15 17:56:07,2023-06-15 17:56:09,2,16193.708984375
2023-06-15 17:56:11,2023-06-15 17:56:13,2,15261.56640625
2023-06-15 17:57:27,2023-06-15 17:57:33,6,15022.766927083334
2023-06-15 17:58:48,2023-06-15 17:58:49,1,16276.17578125
2023-06-15 18:00:07,2023-06-15 18:00:08,1,16152.34765625
2023-06-15 18:01:25,2023-06-15 18:01:26,1,15979.22265625
2023-06-15 18:02:44,2023-06-15 18:02:45,1,15926.23046875
2023-06-15 18:02:47,2023-06-15 18:02:48,1,14031.46875
2023-06-15 18:04:02,2023-06-15 18:04:04,2,15639.412109375
2023-06-15 18:04:06,2023-06-15 18:04:08,2,15373.68359375
2023-06-15 18:05:24,2023-06-15 18:05:25,1,14047.62109375
2023-06-17 22:33:59,2023-06-17 22:34:00,1,15352.5859375
2023-06-17 22:35:29,2023-06-17 22:35:30,1,18096.20703125
2023-06-17 22:35:40,2023-06-17 22:35:41,1,14248.46484375
2023-06-17 22:36:46,2023-06-17 22:36:47,1,20411.3671875
2023-06-17 22:36:57,2023-06-17 22:36:58,1,16865.10546875
2023-06-17 22:38:02,2023-06-17 22:38:03,1,20849.41015625
2023-06-17 22:38:13,2023-06-17 22:38:14,1,15571.19140625
2023-06-17 22:39:17,2023-06-17 22:39:18,1,18600.140625
2023-06-17 22:39:28,2023-06-17 22:39:29,1,14636.3671875
2023-06-17 22:40:46,2023-06-17 22:40:47,1,18482.83203125
2023-06-17 22:40:57,2023-06-17 22:40:58,1,15086.6875
2023-06-17 22:42:02,2023-06-17 22:42:03,1,19266.94921875
2023-06-17 22:42:13,2023-06-17 22:42:14,1,14809.265625
2023-06-17 22:43:07,2023-06-17 22:43:08,1,16587.3828125
2023-06-17 22:43:18,2023-06-17 22:43:19,1,15563.765625
2023-06-17 22:44:23,2023-06-17 22:44:24,1,19539.640625
2023-06-17 22:44:34,2023-06-17 22:44:35,1,15621.43359375
2023-06-17 22:45:27,2023-06-17 22:45:28,1,16687.2109375
2023-06-17 22:45:39,2023-06-17 22:45:40,1,16287.203125
2023-06-17 22:46:43,2023-06-17 22:46:44,1,18079.84375
2023-06-17 22:46:54,2023-06-17 22:46:55,1,14869.19921875
2023-06-17 22:47:47,2023-06-17 22:47:48,1,14937.8359375
2023-06-17 22:47:59,2023-06-17 22:48:00,1,14208.8046875
2023-06-17 22:50:02,2023-06-17 22:50:03,1,18593.58203125
2023-06-17 22:50:13,2023-06-17 22:50:14,1,14926.30859375
2023-06-17 22:50:56,2023-06-17 22:50:57,1,15257.41015625
2023-06-17 22:51:08,2023-06-17 22:51:09,1,18420.76953125
2023-06-17 22:51:19,2023-06-17 22:51:20,1,15616.53515625
2023-06-17 22:52:24,2023-06-17 22:52:25,1,16011.1484375
2023-06-17 22:52:35,2023-06-17 22:52:36,1,15525.2890625
2023-06-17 22:53:51,2023-06-17 22:53:52,1,17209.93359375
2023-06-17 22:54:02,2023-06-17 22:54:03,1,14365.046875
2023-06-17 22:54:57,2023-06-17 22:54:58,1,13863.82421875
2023-06-17 22:55:52,2023-06-17 22:55:53,1,17199.2734375
2023-06-17 22:56:56,2023-06-17 22:56:57,1,16417.8203125
2023-06-17 22:58:00,2023-06-17 22:58:01,1,16565.1015625
2023-06-17 22:59:04,2023-06-17 22:59:05,1,14177.73828125
2023-06-17 22:59:15,2023-06-17 22:59:16,1,13926.4296875
2023-06-17 23:00:20,2023-06-17 23:00:21,1,14654.8828125
2023-06-17 23:00:31,2023-06-17 23:00:33,2,14738.546875
2023-06-17 23:02:01,2023-06-17 23:02:02,1,17828.85546875
2023-06-17 23:02:12,2023-06-17 23:02:13,1,13875.296875
2023-06-17 23:03:06,2023-06-17 23:03:07,1,15183.55859375
2023-06-17 23:03:17,2023-06-17 23:03:18,1,14689.76171875
2023-06-17 23:04:24,2023-06-17 23:04:25,1,17905.6875
2023-06-17 23:04:35,2023-06-17 23:04:36,1,14454.453125
2023-06-17 23:05:41,2023-06-17 23:05:42,1,16754.83984375
2023-06-17 23:06:46,2023-06-17 23:06:47,1,15919.62109375
2023-06-17 23:06:57,2023-06-17 23:06:58,1,15067.80859375
2023-06-17 23:08:13,2023-06-17 23:08:15,2,14563.595703125
2023-06-17 23:09:42,2023-06-17 23:09:43,1,18208.15234375
2023-06-17 23:09:53,2023-06-17 23:09:54,1,15589.1953125
2023-06-17 23:10:05,2023-06-17 23:10:06,1,14563.28515625
2023-06-17 23:11:21,2023-06-17 23:11:22,1,16020.46875
2023-06-17 23:12:26,2023-06-17 23:12:27,1,17955.4296875
2023-06-17 23:13:43,2023-06-17 23:13:45,2,14769.09375
2023-06-17 23:15:01,2023-06-17 23:15:02,1,19147.6015625
2023-06-17 23:15:12,2023-06-17 23:15:13,1,15467.2265625
2023-06-17 23:16:16,2023-06-17 23:16:17,1,17373.828125
2023-06-17 23:16:27,2023-06-17 23:16:28,1,14459.03125
2023-06-17 23:17:33,2023-06-17 23:17:34,1,17645.49609375
2023-06-17 23:17:44,2023-06-17 23:17:45,1,16020.0078125
2023-06-17 23:18:50,2023-06-17 23:18:51,1,17538.140625
2023-06-17 23:19:01,2023-06-17 23:19:02,1,15836.328125
2023-06-17 23:20:07,2023-06-17 23:20:08,1,17771.3828125
2023-06-17 23:21:25,2023-06-17 23:21:26,1,16078.12109375
2023-06-17 23:22:42,2023-06-17 23:22:43,1,16795.6484375
2023-06-17 23:22:54,2023-06-17 23:22:55,1,14236.55078125
2023-06-17 23:23:08,2023-06-17 23:23:09,1,19045.0
2023-06-17 23:23:19,2023-06-17 23:23:20,1,15351.10546875
2023-06-17 23:23:32,2023-06-17 23:23:33,1,15130.78515625
2023-06-17 23:24:35,2023-06-17 23:24:36,1,15434.5859375
2023-06-17 23:25:52,2023-06-17 23:25:53,1,16947.2109375
2023-06-17 23:26:03,2023-06-17 23:26:04,1,14714.00390625
2023-06-17 23:26:58,2023-06-17 23:26:59,1,17782.78125
2023-06-17 23:27:09,2023-06-17 23:27:10,1,14647.84765625
2023-06-17 23:28:14,2023-06-17 23:28:15,1,13909.3203125
2023-06-17 23:28:25,2023-06-17 23:28:26,1,15764.109375
2023-06-17 23:29:54,2023-06-17 23:29:55,1,18403.59375
2023-06-17 23:30:05,2023-06-17 23:30:06,1,14863.06640625
2023-06-17 23:31:09,2023-06-17 23:31:10,1,19354.46875
2023-06-17 23:31:21,2023-06-17 23:31:22,1,17661.18359375
2023-06-17 23:32:47,2023-06-17 23:32:49,2,15091.435546875
2023-06-17 23:32:58,2023-06-17 23:32:59,1,14792.59765625
2023-06-17 23:34:02,2023-06-17 23:34:03,1,18802.1875
2023-06-17 23:34:13,2023-06-17 23:34:14,1,14059.3828125
2023-06-17 23:36:10,2023-06-17 23:36:11,1,14188.3203125
2023-06-17 23:37:03,2023-06-17 23:37:04,1,15654.28515625
2023-06-17 23:37:15,2023-06-17 23:37:16,1,14388.421875
2023-06-17 23:38:08,2023-06-17 23:38:09,1,19366.453125
2023-06-17 23:38:19,2023-06-17 23:38:20,1,15721.36328125
2023-06-17 23:39:37,2023-06-17 23:39:38,1,18297.18359375
2023-06-17 23:39:48,2023-06-17 23:39:49,1,14729.4375
2023-06-17 23:41:16,2023-06-17 23:41:17,1,20598.296875
2023-06-17 23:41:27,2023-06-17 23:41:28,1,14187.27734375
2023-06-17 23:42:42,2023-06-17 23:42:43,1,16074.78125
2023-06-17 23:42:53,2023-06-17 23:42:54,1,16315.90625
2023-06-17 23:43:04,2023-06-17 23:43:05,1,13892.375
2023-06-17 23:44:08,2023-06-17 23:44:09,1,16239.33984375
2023-06-17 23:44:20,2023-06-17 23:44:21,1,18056.78125
2023-06-17 23:45:24,2023-06-17 23:45:25,1,18162.3359375
2023-06-17 23:45:34,2023-06-17 23:45:35,1,14274.75390625
2023-06-17 23:46:17,2023-06-17 23:46:18,1,14960.5390625
2023-06-17 23:46:28,2023-06-17 23:46:29,1,15414.28125
2023-06-17 23:47:21,2023-06-17 23:47:22,1,15058.7578125
2023-06-17 23:47:33,2023-06-17 23:47:34,1,14659.31640625
2023-06-17 23:48:49,2023-06-17 23:48:50,1,19169.69140625
2023-06-17 23:49:00,2023-06-17 23:49:01,1,16365.0390625
2023-06-17 23:50:15,2023-06-17 23:50:16,1,16184.375
2023-06-17 23:50:26,2023-06-17 23:50:27,1,13860.9296875
2023-06-17 23:51:44,2023-06-17 23:51:45,1,18297.7734375
2023-06-17 23:51:55,2023-06-17 23:51:56,1,14771.47265625
2023-06-17 23:53:00,2023-06-17 23:53:01,1,16465.55859375
2023-06-17 23:53:12,2023-06-17 23:53:13,1,16757.98828125
2023-06-17 23:53:23,2023-06-17 23:53:24,1,14330.5859375
2023-06-17 23:54:28,2023-06-17 23:54:30,2,14875.94140625
2023-06-17 23:55:45,2023-06-17 23:55:46,1,18270.04296875
2023-06-17 23:55:56,2023-06-17 23:55:57,1,15261.17578125
2023-06-17 23:57:02,2023-06-17 23:57:03,1,15253.54296875
2023-06-17 23:58:19,2023-06-17 23:58:20,1,14327.6015625
2023-06-17 23:59:36,2023-06-17 23:59:37,1,18085.09765625
2023-06-17 23:59:47,2023-06-17 23:59:48,1,16357.7890625
2023-06-18 00:01:15,2023-06-18 00:01:16,1,15504.12109375
2023-06-18 00:01:27,2023-06-18 00:01:28,1,18776.66015625
2023-06-18 00:01:38,2023-06-18 00:01:40,2,13934.201171875
2023-06-18 00:01:50,2023-06-18 00:01:51,1,14833.03515625
2023-06-18 00:03:20,2023-06-18 00:03:21,1,19252.85546875
2023-06-18 00:03:43,2023-06-18 00:03:44,1,14914.8515625
2023-06-18 00:04:38,2023-06-18 00:04:39,1,15894.53515625
2023-06-18 00:04:49,2023-06-18 00:04:50,1,15447.2734375
2023-06-18 00:07:02,2023-06-18 00:07:03,1,15357.0234375
2023-06-18 00:07:46,2023-06-18 00:07:47,1,17405.53125
2023-06-18 00:07:57,2023-06-18 00:07:58,1,15361.00390625
2023-06-18 00:09:03,2023-06-18 00:09:04,1,18225.76953125
2023-06-18 00:10:08,2023-06-18 00:10:09,1,16109.15625
2023-06-18 00:10:19,2023-06-18 00:10:20,1,14329.6328125
2023-06-18 00:11:13,2023-06-18 00:11:14,1,19414.73046875
2023-06-18 00:11:25,2023-06-18 00:11:26,1,13904.63671875
2023-06-18 00:12:33,2023-06-18 00:12:34,1,17175.86328125
2023-06-18 00:12:44,2023-06-18 00:12:45,1,15448.56640625
2023-06-18 00:14:15,2023-06-18 00:14:16,1,18569.125
2023-06-18 00:14:26,2023-06-18 00:14:27,1,15678.375
2023-06-18 00:15:31,2023-06-18 00:15:32,1,15102.37890625
2023-06-18 00:16:47,2023-06-18 00:16:48,1,15508.1015625
2023-06-18 00:18:03,2023-06-18 00:18:04,1,17569.359375
2023-06-18 00:19:07,2023-06-18 00:19:08,1,16005.8828125
2023-06-18 00:19:19,2023-06-18 00:19:20,1,18430.33984375
2023-06-18 00:19:30,2023-06-18 00:19:31,1,14419.09375
2023-06-18 00:21:55,2023-06-18 00:21:57,2,14572.05859375
2023-06-18 00:23:03,2023-06-18 00:23:04,1,18591.66015625
2023-06-18 00:24:22,2023-06-18 00:24:23,1,15745.1796875
2023-06-18 00:24:33,2023-06-18 00:24:34,1,15186.44140625
2023-06-18 00:25:51,2023-06-18 00:25:52,1,15994.328125
2023-06-18 00:26:02,2023-06-18 00:26:03,1,16173.94140625
2023-06-18 00:27:08,2023-06-18 00:27:09,1,16652.16015625
2023-06-18 00:27:19,2023-06-18 00:27:20,1,14392.34765625
2023-06-18 00:28:37,2023-06-18 00:28:38,1,16012.62890625
2023-06-18 00:28:48,2023-06-18 00:28:49,1,15291.40625
2023-06-18 00:30:16,2023-06-18 00:30:17,1,14811.6015625
2023-06-18 00:30:28,2023-06-18 00:30:29,1,17330.140625
2023-06-18 00:30:39,2023-06-18 00:30:40,1,14369.28125
2023-06-18 00:31:56,2023-06-18 00:31:57,1,15228.3671875
2023-06-18 00:32:50,2023-06-18 00:32:51,1,14821.9140625
2023-06-18 00:33:01,2023-06-18 00:33:02,1,15380.67578125
2023-06-18 00:34:17,2023-06-18 00:34:18,1,15998.23046875
2023-06-18 00:35:21,2023-06-18 00:35:22,1,13926.26171875
2023-06-18 00:35:33,2023-06-18 00:35:34,1,16008.41796875
2023-06-18 00:36:37,2023-06-18 00:36:38,1,16092.24609375
2023-06-18 00:36:48,2023-06-18 00:36:49,1,15384.46484375
2023-06-18 00:36:59,2023-06-18 00:37:00,1,14106.39453125
2023-06-18 00:37:52,2023-06-18 00:37:53,1,14026.64453125
2023-06-18 00:38:03,2023-06-18 00:38:04,1,16743.44921875
2023-06-18 00:38:14,2023-06-18 00:38:15,1,14136.88671875
2023-06-18 00:39:18,2023-06-18 00:39:19,1,16680.65234375
2023-06-18 00:39:29,2023-06-18 00:39:30,1,15160.51171875
2023-06-18 00:40:45,2023-06-18 00:40:46,1,16686.88671875
2023-06-18 00:40:57,2023-06-18 00:40:58,1,14866.91015625
2023-06-18 00:41:10,2023-06-18 00:41:11,1,16381.65625
2023-06-18 00:41:22,2023-06-18 00:41:23,1,15999.08984375
2023-06-18 00:41:33,2023-06-18 00:41:34,1,15508.890625
2023-06-18 00:42:38,2023-06-18 00:42:39,1,18799.60546875
2023-06-18 00:42:49,2023-06-18 00:42:50,1,15640.4296875
2023-06-18 00:43:53,2023-06-18 00:43:54,1,15249.86328125
2023-06-18 00:44:58,2023-06-18 00:44:59,1,19017.54296875
2023-06-18 00:45:09,2023-06-18 00:45:10,1,14009.08203125
2023-06-18 00:46:13,2023-06-18 00:46:14,1,16776.9453125
2023-06-18 00:47:41,2023-06-18 00:47:43,2,14677.98046875
2023-06-18 00:47:53,2023-06-18 00:47:54,1,15550.91015625
2023-06-18 00:48:04,2023-06-18 00:48:05,1,14473.42578125
2023-06-18 00:49:45,2023-06-18 00:49:46,1,15806.484375
2023-06-18 00:49:56,2023-06-18 00:49:57,1,14151.0859375
2023-06-19 16:22:39,2023-06-19 16:22:40,1,14028.125
2023-06-19 16:22:51,2023-06-19 16:22:54,3,17196.669270833332
2023-06-19 16:23:12,2023-06-19 16:23:22,10,16615.440625
2023-06-19 16:23:35,2023-06-19 16:23:37,2,14015.41796875
2023-06-19 16:23:41,2023-06-19 16:23:43,2,16421.337890625
2023-06-19 16:24:03,2023-06-19 16:24:04,1,17407.70703125
2023-06-19 16:24:09,2023-06-19 16:24:10,1,15693.48828125
2023-06-19 16:24:31,2023-06-19 16:24:32,1,16770.34375
2023-06-19 16:24:36,2023-06-19 16:24:38,2,14595.060546875
2023-06-19 16:24:58,2023-06-19 16:25:00,2,14944.357421875
2023-06-19 16:25:25,2023-06-19 16:25:27,2,14689.3828125
2023-06-19 16:25:31,2023-06-19 16:25:32,1,13898.09765625
2023-06-19 16:25:54,2023-06-19 16:25:55,1,14260.75
2023-06-19 16:26:58,2023-06-19 16:27:04,6,18041.065755208332
2023-06-19 16:27:18,2023-06-19 16:27:19,1,15744.97265625
2023-06-19 16:27:21,2023-06-19 16:27:28,7,15604.96986607143
2023-06-19 16:27:46,2023-06-19 16:27:48,2,15943.294921875
2023-06-19 16:27:52,2023-06-19 16:27:54,2,14613.16015625
2023-06-19 16:28:15,2023-06-19 16:28:17,2,15336.544921875
2023-06-19 16:28:21,2023-06-19 16:28:22,1,15265.35546875
2023-06-19 16:28:44,2023-06-19 16:28:45,1,14159.68359375
2023-06-19 16:29:12,2023-06-19 16:29:13,1,14048.66796875
2023-06-19 16:29:40,2023-06-19 16:29:41,1,13956.1875
2023-06-19 16:29:52,2023-06-19 16:29:55,3,16883.190104166668
2023-06-19 16:30:14,2023-06-19 16:30:24,10,17145.5796875
2023-06-19 16:30:37,2023-06-19 16:30:39,2,14919.734375
2023-06-19 16:30:43,2023-06-19 16:30:45,2,15936.8046875
2023-06-19 16:31:05,2023-06-19 16:31:07,2,15269.150390625
2023-06-19 16:31:11,2023-06-19 16:31:12,1,15118.58984375
2023-06-19 16:31:35,2023-06-19 16:31:37,2,14938.94140625
2023-06-19 16:31:41,2023-06-19 16:31:43,2,16105.193359375
2023-06-19 16:32:03,2023-06-19 16:32:04,1,16353.08203125
2023-06-19 16:32:09,2023-06-19 16:32:11,2,15236.140625
2023-06-19 16:32:31,2023-06-19 16:32:32,1,17088.6640625
2023-06-19 16:32:36,2023-06-19 16:32:38,2,15240.134765625
2023-06-19 16:33:05,2023-06-19 16:33:06,1,14202.27734375
2023-06-19 16:33:07,2023-06-19 16:33:14,7,15792.859933035714
2023-06-19 16:33:27,2023-06-19 16:33:29,2,15265.791015625
2023-06-19 16:33:33,2023-06-19 16:33:35,2,15205.48828125
2023-06-19 16:33:55,2023-06-19 16:33:56,1,18394.84375
2023-06-19 16:34:00,2023-06-19 16:34:02,2,15467.451171875
2023-06-19 16:34:23,2023-06-19 16:34:24,1,17071.3828125
2023-06-19 16:34:28,2023-06-19 16:34:30,2,14633.63671875
2023-06-19 16:34:51,2023-06-19 16:34:52,1,17055.42578125
2023-06-19 16:34:56,2023-06-19 16:34:58,2,14460.833984375
2023-06-19 16:35:19,2023-06-19 16:35:20,1,16894.234375
2023-06-19 16:35:25,2023-06-19 16:35:26,1,15822.734375
2023-06-19 16:35:47,2023-06-19 16:35:48,1,16771.03515625
2023-06-19 16:35:52,2023-06-19 16:35:55,3,14611.24609375
2023-06-19 16:36:14,2023-06-19 16:36:16,2,15516.595703125
2023-06-19 16:36:20,2023-06-19 16:36:22,2,15478.125
2023-06-19 16:36:42,2023-06-19 16:36:44,2,15080.55859375
2023-06-19 16:36:48,2023-06-19 16:36:49,1,15325.2109375
2023-06-19 16:37:10,2023-06-19 16:37:12,2,15582.974609375
2023-06-19 16:37:16,2023-06-19 16:37:18,2,15883.56640625
2023-06-19 16:37:40,2023-06-19 16:37:41,1,14792.71484375
2023-06-19 16:37:44,2023-06-19 16:37:45,1,14072.97265625
2023-06-19 16:38:47,2023-06-19 16:38:53,6,18319.923177083332
2023-06-19 16:39:10,2023-06-19 16:39:18,8,16083.591796875
2023-06-19 16:39:34,2023-06-19 16:39:36,2,15269.947265625
2023-06-19 16:39:40,2023-06-19 16:39:42,2,15086.732421875
2023-06-19 16:40:02,2023-06-19 16:40:03,1,17948.92578125
2023-06-19 16:40:07,2023-06-19 16:40:09,2,14757.830078125
2023-06-19 16:40:29,2023-06-19 16:40:31,2,15792.89453125
2023-06-19 16:40:35,2023-06-19 16:40:36,1,14695.60546875
2023-06-19 16:40:57,2023-06-19 16:40:59,2,14724.44921875
2023-06-19 16:41:26,2023-06-19 16:41:27,1,14547.88671875
2023-06-19 16:42:26,2023-06-19 16:42:29,3,15014.942708333334
2023-06-19 16:43:51,2023-06-19 16:43:59,8,17582.474609375
2023-06-19 16:44:12,2023-06-19 16:44:14,2,14911.513671875
2023-06-19 16:44:18,2023-06-19 16:44:23,5,15747.02109375
2023-06-19 16:44:41,2023-06-19 16:44:44,3,15746.630208333334
2023-06-19 16:44:45,2023-06-19 16:44:46,1,15469.83984375
2023-06-19 16:44:49,2023-06-19 16:44:50,1,17553.6171875
2023-06-19 16:45:13,2023-06-19 16:45:15,2,15636.07421875
2023-06-19 16:45:19,2023-06-19 16:45:21,2,15446.216796875
2023-06-19 16:45:41,2023-06-19 16:45:42,1,17577.59375
2023-06-19 16:45:47,2023-06-19 16:45:48,1,15240.46875
2023-06-19 16:46:08,2023-06-19 16:46:10,2,15411.412109375
2023-06-19 16:46:14,2023-06-19 16:46:15,1,15196.24609375
2023-06-19 16:46:36,2023-06-19 16:46:37,1,17807.44921875
2023-06-19 16:46:41,2023-06-19 16:46:43,2,15076.46484375
2023-06-19 16:47:06,2023-06-19 16:47:08,2,14427.525390625
2023-06-19 16:47:12,2023-06-19 16:47:14,2,16060.611328125
2023-06-19 16:47:34,2023-06-19 16:47:35,1,17427.77734375
2023-06-19 16:47:40,2023-06-19 16:47:41,1,15575.21875
2023-06-19 16:48:01,2023-06-19 16:48:03,2,15742.703125
2023-06-19 16:48:07,2023-06-19 16:48:09,2,15462.013671875
2023-06-19 16:48:29,2023-06-19 16:48:31,2,15038.17578125
2023-06-19 16:48:35,2023-06-19 16:48:37,2,16268.2578125
2023-06-19 16:48:57,2023-06-19 16:48:58,1,17139.09765625
2023-06-19 16:49:02,2023-06-19 16:49:04,2,16364.1953125
2023-06-19 16:49:24,2023-06-19 16:49:25,1,16536.70703125
2023-06-19 16:49:29,2023-06-19 16:49:31,2,16415.255859375
2023-06-19 16:49:51,2023-06-19 16:49:53,2,15674.03515625
2023-06-19 16:49:57,2023-06-19 16:49:59,2,15178.974609375
2023-06-19 16:50:19,2023-06-19 16:50:20,1,17017.5546875
2023-06-19 16:50:24,2023-06-19 16:50:26,2,15552.544921875
2023-06-19 16:50:47,2023-06-19 16:50:48,1,17095.0546875
2023-06-19 16:50:52,2023-06-19 16:50:54,2,15508.19921875
2023-06-19 16:51:14,2023-06-19 16:51:16,2,15876.744140625
2023-06-19 16:51:19,2023-06-19 16:51:21,2,15335.84765625
2023-06-19 16:51:41,2023-06-19 16:51:44,3,15401.270833333334
2023-06-19 16:51:47,2023-06-19 16:51:48,1,14144.84765625
2023-06-19 16:52:09,2023-06-19 16:52:11,2,14840.322265625
2023-06-19 16:52:37,2023-06-19 16:52:39,2,14174.005859375
2023-06-19 16:53:42,2023-06-19 16:53:48,6,17606.573567708332
2023-06-19 16:54:04,2023-06-19 16:54:13,9,16574.019097222223
2023-06-19 16:54:28,2023-06-19 16:54:30,2,15306.498046875
2023-06-19 16:54:33,2023-06-19 16:54:36,3,15017.946614583334
2023-06-19 16:54:56,2023-06-19 16:54:58,2,15841.16796875
2023-06-19 16:55:02,2023-06-19 16:55:04,2,15565.326171875
2023-06-19 16:55:24,2023-06-19 16:55:26,2,15587.5234375
2023-06-19 16:55:29,2023-06-19 16:55:31,2,14440.9296875
2023-06-19 16:55:51,2023-06-19 16:55:53,2,15721.6484375
2023-06-19 16:55:57,2023-06-19 16:55:59,2,14890.04296875
2023-06-19 16:56:19,2023-06-19 16:56:21,2,15904.306640625
2023-06-19 16:56:24,2023-06-19 16:56:26,2,15068.486328125
2023-06-19 16:56:46,2023-06-19 16:56:49,3,14111.701822916666
2023-06-19 16:57:55,2023-06-19 16:57:59,4,17527.54296875
2023-06-19 16:58:15,2023-06-19 16:58:25,10,17080.8875
2023-06-19 16:58:39,2023-06-19 16:58:40,1,16671.2109375
2023-06-19 16:58:44,2023-06-19 16:58:46,2,15294.64453125
2023-06-19 16:59:06,2023-06-19 16:59:08,2,15728.74609375
2023-06-19 16:59:12,2023-06-19 16:59:14,2,15165.666015625
2023-06-19 16:59:34,2023-06-19 16:59:35,1,17823.625
2023-06-19 16:59:39,2023-06-19 16:59:41,2,15751.779296875
2023-06-19 17:00:02,2023-06-19 17:00:03,1,16656.421875
2023-06-19 17:00:07,2023-06-19 17:00:09,2,15767.017578125
2023-06-19 17:00:29,2023-06-19 17:00:31,2,15672.673828125
2023-06-19 17:00:34,2023-06-19 17:00:36,2,15653.30078125
2023-06-19 17:00:56,2023-06-19 17:00:58,2,15752.3828125
2023-06-19 17:01:02,2023-06-19 17:01:04,2,15577.138671875
2023-06-19 17:01:24,2023-06-19 17:01:26,2,15631.4375
2023-06-19 17:01:30,2023-06-19 17:01:32,2,14854.46875
2023-06-19 17:01:52,2023-06-19 17:01:53,1,16862.34765625
2023-06-19 17:01:57,2023-06-19 17:01:59,2,14223.208984375
2023-06-19 17:02:20,2023-06-19 17:02:21,1,14167.19140625
2023-06-19 17:03:23,2023-06-19 17:03:30,7,18964.72042410714
2023-06-19 17:03:32,2023-06-19 17:03:33,1,15398.08203125
2023-06-19 17:03:48,2023-06-19 17:03:56,8,15821.92724609375
2023-06-19 17:04:13,2023-06-19 17:04:14,1,16711.390625
2023-06-19 17:04:18,2023-06-19 17:04:20,2,15325.8828125
2023-06-19 17:04:41,2023-06-19 17:04:42,1,17693.84765625
2023-06-19 17:04:47,2023-06-19 17:04:48,1,16772.8359375
2023-06-19 17:05:09,2023-06-19 17:05:11,2,15031.65625
2023-06-19 17:05:15,2023-06-19 17:05:17,2,15804.546875
2023-06-19 17:05:37,2023-06-19 17:05:39,2,15699.384765625
2023-06-19 17:05:43,2023-06-19 17:05:45,2,15071.513671875
2023-06-19 17:06:05,2023-06-19 17:06:06,1,16873.97265625
2023-06-19 17:06:10,2023-06-19 17:06:13,3,15033.256510416666
2023-06-19 17:06:32,2023-06-19 17:06:34,2,15614.638671875
2023-06-19 17:06:38,2023-06-19 17:06:40,2,15451.779296875
2023-06-19 17:07:01,2023-06-19 17:07:02,1,16789.83984375
2023-06-19 17:07:05,2023-06-19 17:07:08,3,14757.9140625
2023-06-19 17:40:48,2023-06-19 17:40:49,1,16869.37109375
2023-06-19 17:59:39,2023-06-19 17:59:40,1,18013.171875
2023-06-19 17:59:42,2023-06-19 17:59:43,1,14853.98828125
2023-06-19 18:19:36,2023-06-19 18:19:37,1,15200.671875
2023-06-19 18:19:38,2023-06-19 18:19:39,1,15384.8671875
2023-08-16 13:48:57,2023-08-16 13:50:11,74,65534.49751900338
2023-08-16 14:30:25,2023-08-16 14:32:47,142,66810.2547590229
2023-08-16 14:36:15,2023-08-16 14:36:53,38,41804.47687088816
2023-08-16 15:04:00,2023-08-16 15:04:02,2,14912.5625
2023-08-16 15:04:10,2023-08-16 15:04:11,1,13865.265625
2023-08-16 16:58:14,2023-08-16 16:59:12,58,41992.637931034486
2023-08-16 17:12:10,2023-08-16 17:13:02,52,23389.97453425481
2023-08-16 17:39:13,2023-08-16 17:41:02,109,57814.828160837154
2023-08-16 18:43:06,2023-08-16 18:44:08,62,62244.82648689516
2023-08-16 19:39:06,2023-08-16 19:40:28,82,50955.57960175305
2023-08-16 19:51:19,2023-08-16 19:53:02,103,27485.365556735436
2023-08-16 20:15:44,2023-08-16 20:16:35,51,17706.34099264706
2023-08-16 20:24:51,2023-08-16 20:25:45,54,22501.092375578704
2023-08-16 20:33:45,2023-08-16 20:33:46,1,15127.96875
2023-08-16 20:33:48,2023-08-16 20:36:02,134,18933.60645988806
2023-08-16 20:53:28,2023-08-16 20:55:45,137,68742.94804972627
2023-08-16 21:18:13,2023-08-16 21:19:34,81,37868.626929012345
2023-08-16 21:35:30,2023-08-16 21:36:08,38,37382.99393503289
2023-08-16 21:50:52,2023-08-16 21:51:49,57,42370.20086348684
2023-08-16 22:07:22,2023-08-16 22:08:13,51,23533.804764093136
2023-08-17 13:15:12,2023-08-17 13:16:54,102,95179.50934436274
2023-08-17 13:49:09,2023-08-17 13:50:06,57,42898.49424342105
2023-08-17 13:57:51,2023-08-17 13:59:48,117,45887.54190037393
2023-08-17 14:55:41,2023-08-17 14:55:42,1,14111.98828125
2023-08-17 14:55:47,2023-08-17 14:55:50,3,14447.966145833334
2023-08-17 15:07:13,2023-08-17 15:07:48,35,54299.88426339286
2023-08-17 15:07:53,2023-08-17 15:08:41,48,25208.31298828125
2023-08-17 15:11:08,2023-08-17 15:12:10,62,27122.57642389113
2023-08-17 15:17:34,2023-08-17 15:18:07,33,91065.73425662878
2023-08-17 15:18:45,2023-08-17 15:19:57,72,95230.59217664931
2023-08-17 15:30:21,2023-08-17 15:30:39,18,17586.29904513889
2023-08-17 15:30:41,2023-08-17 15:30:51,10,18262.738671875
2023-08-17 15:30:55,2023-08-17 15:33:00,125,71806.99584375
2023-08-17 15:33:04,2023-08-17 15:34:42,98,70545.80050223214
2023-08-17 15:53:44,2023-08-17 15:56:18,154,95904.61594460228
2023-08-17 16:07:19,2023-08-17 16:11:37,258,93657.60580184108
2023-08-17 16:28:08,2023-08-17 16:35:16,428,79285.55596524532
2023-08-17 17:08:19,2023-08-17 17:09:13,54,43054.52387152778
2023-08-17 17:30:39,2023-08-17 17:32:45,126,87852.17764136905
2023-08-17 17:37:28,2023-08-17 17:38:41,73,66944.29312928082
2023-08-17 17:47:46,2023-08-17 17:51:57,251,96189.36418388944
2023-08-17 18:49:28,2023-08-17 18:51:08,100,72225.5725
2023-08-17 19:08:05,2023-08-17 19:08:06,1,23328.7578125
2023-08-17 19:08:36,2023-08-17 19:13:33,297,56992.12965593435
2023-08-17 19:32:26,2023-08-17 19:41:20,534,43721.17398174157
2023-08-17 19:43:40,2023-08-17 19:49:19,339,67290.2208702065
2023-08-17 19:58:43,2023-08-17 20:01:03,140,131319.65186941964
2023-08-17 20:02:10,2023-08-17 20:03:10,60,97364.11158854167
2023-08-17 20:17:03,2023-08-17 20:20:00,177,118671.002427613
2023-08-17 20:35:59,2023-08-17 20:39:10,191,112173.00744437173
2023-08-17 20:55:31,2023-08-17 20:56:28,57,42903.82874177631
2023-08-17 21:04:58,2023-08-17 21:13:16,498,40625.128561119476
2023-08-17 21:35:19,2023-08-17 21:37:52,153,129563.70631638072
2023-08-17 22:03:45,2023-08-17 22:06:35,170,117083.50974264706
2023-08-17 22:07:08,2023-08-17 22:15:44,516,42407.64627240795
2023-08-17 22:21:52,2023-08-17 22:22:47,55,44402.09254261364
2023-08-17 22:36:44,2023-08-17 22:38:51,127,118203.36832554133
2023-08-17 22:46:18,2023-08-17 22:47:04,46,45678.458389945656
2023-08-17 23:18:31,2023-08-17 23:19:22,51,95768.87814031863
2023-08-17 23:25:39,2023-08-17 23:27:00,81,121855.22882908951
2023-08-17 23:33:00,2023-08-17 23:35:05,125,119949.78603125
2023-08-17 23:46:09,2023-08-17 23:48:41,152,130488.6775287829
2023-08-18 00:01:50,2023-08-18 00:04:59,189,128545.24429563493
2023-08-18 00:23:25,2023-08-18 00:24:16,51,43173.056832107846
2023-08-18 00:25:25,2023-08-18 00:26:34,69,70765.42855525362
2023-08-18 00:26:50,2023-08-18 00:28:17,87,94130.04714439655
2023-08-18 00:32:40,2023-08-18 00:34:06,86,101378.0734465843
2023-08-18 00:44:16,2023-08-18 00:46:19,123,112153.15218495936
2023-08-18 01:01:08,2023-08-18 01:01:26,18,57467.199869791664
2023-08-18 01:16:03,2023-08-18 01:16:39,36,37069.39409722222
2023-08-18 01:25:11,2023-08-18 01:28:51,220,76669.19857954545
2023-08-18 01:48:04,2023-08-18 01:50:54,170,99024.10160845588
2023-08-18 01:58:06,2023-08-18 02:00:40,154,98647.43638392857
2023-08-18 02:10:16,2023-08-18 02:15:37,321,64358.54913843458
2023-08-18 02:23:40,2023-08-18 02:28:28,288,59583.15687391493
2023-08-18 02:43:34,2023-08-18 02:46:37,183,82324.01323428961
2023-08-18 03:03:28,2023-08-18 03:05:46,138,115881.44551064311
2023-08-18 03:21:07,2023-08-18 03:28:17,430,35727.727579941864
2023-08-18 03:41:43,2023-08-18 03:44:52,189,87307.15835813493
2023-08-18 03:52:40,2023-08-18 03:55:21,161,100115.42755240684
2023-08-18 04:02:09,2023-08-18 04:04:35,146,112323.5764661815
2023-08-18 04:12:41,2023-08-18 04:14:53,132,112290.85626775568
2023-08-18 04:31:20,2023-08-18 04:31:48,28,68983.09012276786
2023-08-18 04:45:14,2023-08-18 04:50:38,324,103939.1495949074
2023-08-18 04:57:19,2023-08-18 04:57:24,6,97977.12565104167
2023-08-18 04:57:25,2023-08-18 04:59:13,108,113199.73784722222
2023-08-18 05:16:33,2023-08-18 05:20:37,244,78022.62578445184
2023-08-18 05:33:07,2023-08-18 05:37:23,256,113087.88548278809
2023-08-18 05:51:44,2023-08-18 05:57:09,325,118869.60096153847
2023-08-18 06:10:04,2023-08-18 06:16:34,390,122377.53587740385
2023-08-18 06:42:32,2023-08-18 06:45:52,200,108767.8980078125
2023-08-18 07:03:37,2023-08-18 07:26:29,1372,60876.89604022413
2023-08-18 07:28:07,2023-08-18 07:35:19,432,108973.95067455151
2023-08-18 07:58:41,2023-08-18 08:06:14,453,104972.4464852373
