jobid,degradation_percent
1,0.48406718078941613
2,0.48131754856932607
3,0.1428571428571429
4,0.1142208052538135
5,0.20207463576723184
6,0.1428571428571429
7,0.3698508853681267
8,0.5519127545369344
9,0.5107679972039186
10,0.3640260950605779
11,0.37116058641742666
12,0.20000000000000018
13,0.3640260950605779
14,0.49763691783291264
15,0.3728215284249766
16,0.32308699094349647
17,0.3756756756756756
18,0.49789638310057716
19,0.56468433160092
20,0.5472833164960624
21,0.5646928516656726
22,0.264904228544648
23,0.32481527093596063
24,0.2564920578261646
25,0.27977206142751365
26,0.5519127545369344
27,0.26113665485791804
28,0.5153422023150234
29,0.46650549544176523
30,0.5290716780876105
31,0.4611911050523986
32,0.3310810810810809
33,0.06808519336113183
34,0.3363615876091327
35,0.2606141720574022
36,0.4573038255090738
37,0.25574251078634047
38,0.10559722117534731
39,0.2396257921621605
40,0.29771946266791605
41,0.29061940870750613
42,0.03901367586992521
43,0.2249432045970866
44,0.2499999999999999
45,0.12445380299175979
46,0.1428571428571429
47,0.12445380299175979
48,0.12376625112158979
49,0.1428571428571428
50,0.1428571428571429
51,0.030385460286950217
52,0.0455070800836217
53,0.03908998356970761
54,5.503627808012279e-05
55,0.05709452428345019
56,0.11103203163574382
57,0.0019555071718727612
58,0.09269636107731782
59,0.09427656049313127
60,0.13900845698080722
61,0.15792614617905398
62,0.20496677648109884
63,0.27075667093012334
64,0.10526315789473673
65,0.2777344648463286
66,0.0526060307502032
67,0.05657252060203044
68,0.052751458949451546
69,0.10444665131098918
70,0.001103810119714721
71,0.031543134651549676
72,0.09991971970352276
73,0.4315896636168567
74,0.05573541547641736
75,0.002205541500973851
76,0.002650874523505209
77,0.10005787649280884
78,0.2035722262549554
79,0.05555555555555569
80,0.055559465553835174
81,0.05561616052888951
82,0.26086956521739135
83,0.05882742991766021
84,0.15005454447600042
85,0.05657252060203044
86,0.11065162393162398
87,0.11653358646490575
88,0.29999999999999993
89,0.09096718673046467
90,0.16085414272741405
91,0.3000866765725606
92,0.18181818181818188
93,0.15005630397522618
94,0.23819312221938027
95,0.15003180469836452
96,0.16390171363413286
97,0.10706542413540066
98,0.00012654000219858297
99,0.01710601350796981
100,0.1826668107449999
101,0.16374889426368966
102,0.05355327929125375
103,0.10520922010218836
104,0.10526315789473673
105,0.15003180469836452
106,0.04497048181298813
107,4.144287514162848e-06
108,0.05232006756335805
109,0.3717590446487612
110,0.03055230184173996
111,0.3000448261900629
112,0.10532242523708024
113,0.15005477475829465
114,0.11658166905528589
115,0.2631852927477464
116,0.2434729545400156
117,0.11653358646490586
118,0.13130329422183484
119,0.05647632120574231
120,0.1817451997304752
121,0.2056033279356746
122,0.05786695954072141
123,0.15005454447600042
124,0.18181818181818177
125,0.21818193133234154
126,0.008827614607180512
127,0.05257065632335889
128,0.260964425175653
129,0.04459748009763309
130,0.19042402403971947
131,0.19047619047619058
132,0.009698336032162636
133,0.10087561532669098
134,0.14994522524170528
135,0.054693687494932974
136,0.3333305818664578
137,0.150828689085168
138,0.058444329074759716
139,0.10526315789473673
140,0.26320508020006617
141,0.0010102455913254538
142,0.06795301737870874
143,0.07096321824725904
144,0.15788885917401108
145,0.05657252060203044
146,0.3333141115413132
147,0.008749092634987576
148,0.23529411764705876
149,0.009750684013624333
150,0.0009770547710763466
151,0.016704097192253964
152,0.06700870085037747
153,0.29999999999999993
154,0.009698336032162636
155,0.14914834085490192
156,0.2777777777777777
157,0.054693687494932974
158,0.05355327929125375
159,0.10532057313263221
160,0.016302180876538785
161,0.07136904281835321
162,0.11971169058387776
163,0.27716384347128675
164,0.03015533483836963
165,0.0026512823503549443
166,0.11656150538835208
167,0.12365601404632054
168,0.315745610497734
169,0.16666666666666663
170,0.05232006756335794
171,0.11973340530211363
172,0.001989352701632252
173,0.001103810119714721
174,0.06882178858477328
175,0.03094926884511029
176,0.06713023028184983
177,0.10532081553504713
178,0.0451833721916689
179,0.06666278255200231
180,0.1666666666666663
181,0.45829748807455817
182,0.24993351351685655
183,0.19999999999999996
184,0.349958200310749
185,0.3157880587397852
186,0.07136885758678435
187,0.4091642289384039
188,0.046593772584753834
189,0.1499999999999999
190,0.23998125739839526
191,0.1333333333333333
192,0.046219185722253364
193,0.177168407549936
194,0.06666278255200231
195,0.06663947786401447
196,0.042857142857142705
197,0.09999628551971762
198,0.3157483126998887
199,0.05524242116381217
200,0.18747647654892874
201,0.06745752855659404
202,0.1875
203,0.06648833506403606
204,2.4893115186497283e-05
205,0.1333333333333333
206,0.10439362093816207
207,0.26315482833052817
208,0.13327598091929305
209,0.2173412882270387
210,0.15915563721419734
211,0.18968946656309904
212,0.06654842506057468
213,0.0001084689778725334
214,0.34995698568946976
215,0.13328119608652567
216,0.22217376254759447
217,0.007860521928889752
218,0.014705882352941346
219,0.12577414330218073
220,0.1429349726328103
221,0.33333055896571595
222,0.22217376254759447
223,0.13330986404477208
224,0.029213565745838332
225,0.1875524127009891
226,0.23524811419399327
227,0.22288127379716183
228,0.30434782608695643
229,0.43476736617222256
230,0.07142857142857151
231,0.38027048740423186
232,0.2777777777777779
233,0.18747808887257
234,0.0008515057113189783
235,0.1499999999999999
236,0.11111111111111116
237,0.22288127379716183
238,0.23603421681353498
239,0.12483644859813092
240,0.1333333333333332
241,0.23534344724798995
242,0.40905180517224526
243,0.21732192714802412
244,0.10526315789473661
245,0.1874477503884363
246,0.02939431219923716
247,0.3499420197858776
248,0.23603421681353498
249,0.1875033847679195
250,0.3157695407988923
251,0.1499999999999999
252,0.31587632393236886
253,0.18181480501792524
254,0.07136885758678435
255,0.13547620257553827
256,0.22725363155600864
257,0.2499783321983533
258,0.5185796353598151
259,0.17719919369617032
260,0.3157441954625998
261,0.06666278255200231
262,0.22222222222222232
263,0.1491510427027385
264,0.0714285714285714
265,0.299911318795431
266,0.17631323682120836
267,0.4898620010352569
268,0.2324273664479849
269,0.2604979243647645
270,0.12140051038891009
271,0.9444720080289176
272,0.9444720080289176
273,0.9438684428987971
274,0.9438810127583395
275,0.9438810127583395
276,0.9438810127583395
277,0.050181670034005865
278,0.26315022864129956
279,0.11781596814908657
280,0.1575645069422298
281,0.19490023683737812
282,0.05361399333836936
283,0.18190099853296104
284,0.014703061484985458
285,0.3656095698129974
286,0.08213262383497
287,0.059777378164550865
288,0.0598615988963167
289,0.44766077236378155
290,0.10011526734587639
291,0.1790773841320804
292,0.09923831965682894
293,0.054244169709290135
294,0.310992762130365
295,0.3148685565951962
296,0.1177627249921176
297,0.001102948827336414
298,0.05555555555555558
299,0.008627117207353319
300,0.11109467536665418
301,0.0009698879769046709
302,0.23324115042297022
303,0.09915804452262222
304,0.09353047214412602
305,0.0002009794069636195
306,0.04857820173571459
307,0.04420679609424716
308,0.05567506555763213
309,0.2294735300734536
310,0.06256047229250583
311,0.02678173146210061
312,0.22722015634836557
313,0.00104051776163816
314,0.13144360277193567
315,0.1167251454332009
316,0.04851911626651506
317,0.0486038054390342
318,0.2333403284655442
319,0.1110965015604829
320,0.1279871124975971
321,0.19057862762082767
322,0.15788089621519397
323,0.04240919407259525
324,6.450377867284196e-05
325,0.16583089189999
326,0.04913509266418892
327,0.00010185162089559885
328,0.20283414541527844
329,0.12497265961058956
330,0.04285401111802467
331,0.0516843913173155
332,0.09050097155080572
333,0.040113488565359456
334,0.0009698879769046709
335,0.14207839404689782
336,0.16755934963048436
337,0.11076436011095114
338,0.04759344391572806
339,0.11781596814908657
340,0.16656646785105456
341,0.0009480128033587665
342,0.11235840149601795
343,0.20207607000540206
344,0.0009729059185455968
345,0.06662976719345515
346,0.04492550184195343
347,0.06256242301161885
348,0.0009729059185455968
349,0.19922880124439712
350,0.3070633182686482
351,0.21551290438998938
352,0.11200959847476288
353,0.4091262716935966
354,0.23921286871831726
355,0.16675163132137027
356,0.004271175533377858
357,0.13112602444085286
358,0.210577239825268
359,0.2500967556680094
360,0.027378247238076248
361,0.1107607101004231
362,0.05260799751259515
363,0.15848073863802847
364,0.06666666666666654
365,6.403741437599475e-05
366,0.051829810165083035
367,0.09999999999999998
368,0.04851911626651506
369,0.058808060475805335
370,0.08975107322375053
371,0.2916475646581378
372,0.09050097155080572
373,0.1874966466497452
374,0.16669787817247594
375,0.3200437289056779
376,0.05263157894736836
377,0.06249999999999989
378,0.0009698879769046709
379,0.11200959847476288
380,0.04919433289266917
381,0.11200777228093461
382,0.10092957536997094
383,0.04913509266418892
384,0.15874593539714377
385,0.3176759808186469
386,0.19126378098167984
387,0.028982330119734945
388,0.21067744518602471
389,0.189270439579328
390,0.022213684114738785
391,0.008119066155728327
392,0.023198487406853152
393,0.37908343416164203
394,0.5447382036256885
395,2.0852404594151608e-06
396,0.06250000000000011
397,0.11770391843421601
398,0.21055585575699487
399,0.0525708453045548
400,0.11108336385531481
401,0.11775894386391239
402,0.3174849909845362
403,0.05879806897257467
404,0.049964601696634636
405,0.0524859813084112
406,0.052426955238563555
407,0.06255852912409221
408,0.00012640888923876048
409,0.050000000000000044
410,0.04165474128059943
411,0.17614731095321234
412,0.09834718441415136
413,0.05879411936264489
414,0.26211145267770286
415,0.05257071944763114
416,0.05084182648724511
417,0.0009470305308549865
418,0.0009718978533284073
419,0.01733508516942639
420,2.220446049250313e-16
421,0.16664414700006858
422,0.05257255287752072
423,0.05879414996445087
424,0.13649593305298247
425,0.05775300362380831
426,0.05257255287752072
427,0.06261692198964863
428,0.05559085514524964
429,0.0002039632637230726
430,0.05226201538140851
431,0.05502998660534342
432,0.05882352941176494
433,0.0004081767871745301
434,0.347155208965077
435,0.04999999999999993
436,0.027175541605538367
437,0.014285714285714346
438,0.00012652871579577063
439,0.014284907981725992
440,0.11767640395034351
441,0.00020437200773870678
442,0.02480833333333332
443,0.04147108195614524
444,0.28654124926627234
445,0.10535419367868504
446,0.04088363235001791
447,0.15010942872805189
448,0.028367629134280814
449,0.11672635546974841
450,0.028397617857663704
451,0.050059115875412896
452,0.2857142857142857
453,0.027771386754860017
454,0.09978087288754589
455,0.19999999999999996
456,0.09210563425443519
457,0.015897515958538055
458,0.21210506438872123
459,0.10927024289149911
460,0.09049856250448063
461,0.019184694590943185
462,0.04159545922036567
463,0.005075931279699519
464,0.005924399510592981
465,0.036672822064505395
466,0.10544246011093095
467,0.019293673685594648
468,0.012447431978246604
469,0.005652775737141957
470,0.004236618605569564
471,0.004058365540105857
472,0.06070138646161005
473,0.3223255371090701
474,0.17786936486358818
475,0.36361794081763454
476,0.028174273179675247
477,0.1250583259210809
478,0.06666666666666676
479,0.04913688673531191
480,0.4583523958376461
481,0.06666666666666676
482,0.05555516959841966
483,0.3326247441014082
484,0.3810292717260796
485,0.0660943944198692
486,0.06666666666666676
487,0.11689798268410112
488,0.11678598845737298
489,0.09999999999999987
490,0.06666666666666676
491,0.3630968382307326
492,0.06666666666666654
493,0.041861567519312026
494,0.10522999042045311
495,0.027975496707326353
496,0.056133719344957145
497,0.3499569411667288
498,0.06666666666666654
499,0.40065439386098567
500,4.161534107649523e-06
501,0.11670704170738433
502,0.06666666666666654
503,0.31574414859655653
504,0.3906951361061336
505,8.920366025444437e-05
506,0.014089439041610974
507,0.35061358837411505
508,0.22220118195438632
509,0.06628502474858267
510,0.08339209717644036
511,0.1756660336180319
512,0.125
513,0.06666666666666654
514,0.014895088766123776
515,0.1167621208352837
516,0.40966339585144707
517,0.1665618619367777
518,0.029166508310724204
519,0.02857142857142847
520,0.3182225842540999
521,0.00040825183621384653
522,0.06247659137064254
523,0.015074709860967594
524,0.05263157894736836
525,0.11758884520307034
526,0.12414958952831945
527,0.208216395671586
528,0.029567848342812675
529,0.11756519591975889
530,0.15787223736429867
531,0.042059062323623886
532,0.04284968256369015
533,0.06666666666666676
534,0.04244882630949831
535,0.11762500137859
536,0.23565143357227925
537,0.06256047619344896
538,0.15625100176047257
539,0.12231706688874211
540,0.11762318966178864
541,0.23576863482613464
542,0.07319517415839638
543,0.22672605524154532
544,0.3443304651124529
545,0.1561214635325272
546,0.15619848626265687
547,0.0472345149662744
548,0.05876287916036582
549,0.11775906027477434
550,0.05405366732495698
551,0.06256047619344896
552,6.665389133753141e-05
553,0.15625100176047257
554,0.06249999999999989
555,0.07321463319712018
556,0.09540788312238957
557,0.0555555555555558
558,0.11103165710793428
559,0.06954641586302435
560,0.0489542599456515
561,0.01408410397249027
562,0.06249999999999989
563,0.0035594610509788183
564,0.10937605741383205
565,0.05386068950549483
566,0.05652476833952158
567,0.15699672182945612
568,0.2365415295812896
569,0.050178277278508765
570,0.05873940164369518
571,0.06261900154194777
572,0.05264014796290506
573,0.21052631578947356
574,0.23804614027267712
575,0.12737691730693768
576,0.10256410256410253
577,0.01368103420929645
578,0.05873940164369518
579,0.05778464929909222
580,0.05680641943781872
581,0.11108709013340656
582,0.16677244581506467
583,0.1034230745584448
584,0.15699672182945612
585,0.15707374455958567
586,0.014095389925859458
587,0.012673359801312456
588,0.05458440046140156
589,0.05886070214649286
590,0.2918939169586987
591,0.2904197035257726
592,0.198368606060354
593,0.1499999999999999
594,0.04011503946748962
595,0.7139120539778001
596,0.15606894803471127
597,0.06256047619344896
598,0.0277777777777779
599,0.0625
600,0.15792799665738844
601,0.0659031396756442
602,0.25009520123355833
603,0.05778464929909222
604,0.09907234091677464
605,0.05555555555555536
606,0.10250119280696268
607,0.1982854565221458
608,0.05680641943781872
609,0.16669961427026592
610,0.5879004056705845
611,0.05974967259391428
612,0.1658282926964464
613,0.10000371063633284
614,0.00012433687002644245
615,0.2777777777777778
616,0.05250959933632604
617,0.2105230337687115
618,0.00012654000219891604
619,0.12425274427711464
620,0.4001131581882523
621,0.2749318776983507
622,0.06936918971325934
623,0.06873745658199537
624,0.26043805675172427
625,0.1907163335465054
626,0.1298932845024805
627,0.07287409601653005
628,0.05309857661621675
629,0.002723787746317874
630,0.2065315758410391
631,0.22702700534514209
632,0.10707726954557084
633,0.0005265161126621898
634,0.10888284639648693
635,0.08732989177366401
636,0.01641818904858905
637,0.0037584148052994815
638,0.030360119933313445
639,0.03844438817954943
640,0.21496003182985512
641,0.03610395039364567
642,2.496858120215606e-05
643,0.049938969169587066
644,0.0625
645,0.08688783113643828
646,0.10165000262655632
647,0.19992863973646469
648,0.08693575481273497
649,0.10078796687037084
650,0.26315789473684204
651,0.2272727272727273
652,0.5529241342817559
653,8.911122946564376e-05
654,2.9130011402478395e-05
655,0.05555555555555558
656,2.694060425723066e-05
657,0.02740760068483583
658,0.041653742614730316
659,0.04332441471571902
660,0.11016314528777371
661,0.054389989226511504
662,0.10083366894885226
663,0.1240084572761736
664,0.0019086308637866756
665,0.028119724854105188
666,0.11108713996315356
667,0.055219428037428187
668,0.058882226985965014
669,0.0625
670,0.04987990707563894
671,0.20002987173822395
672,0.05876337546131161
673,0.0520640378759446
674,0.16836301260181474
675,0.18749831964577113
676,0.15007942704548005
677,0.15800129684395692
678,0.4582997284032315
679,0.19999999999999996
680,0.15791576301574917
681,0.06666472031236204
682,0.015096494608898281
683,0.11105394914290467
684,0.06250195097080313
685,0.13633868556174011
686,0.08329935076124395
687,0.11762318812193895
688,6.236617258792432e-05
689,2.0586636803043845e-06
690,0.16666666666666674
691,8.882388908160177e-05
692,0.002623054159589522
693,0.17647058823529416
694,0.014084910111192506
695,0.055616351565676125
696,0.00273161848395187
697,2.6994812842962013e-05
698,0.014273226630336588
699,0.23802727593949047
700,0.09531871968380212
701,0.05519786262834425
702,0.0001908468697030541
703,0.27772998409941096
704,0.11105763701182103
705,0.15000000000000002
706,0.42420520585967747
707,0.6499999999999999
708,0.1424195297776878
709,2.9041967717691186e-05
710,1.2264812004891823e-06
711,0.18181531648410776
712,0.5268210886008527
713,0.11491334745651072
714,0.0017265229648565361
715,0.38093445717393826
716,0.21875894075935665
717,0.09979995366410044
718,0.38091141494235214
719,0.46668220267274785
720,0.16666666666666674
721,0.10472780122222425
722,0.5335220532182701
723,0.15172328417395398
724,0.46212570856899937
725,0.41641168115722726
726,0.024880996837251868
727,0.22062369834484274
728,0.5000174695823743
729,0.0714285714285714
730,0.2173394072194672
731,0.36525413797420814
732,0.35
733,0.18191991198456703
734,0.2174916404558065
735,0.15083678284905266
736,0.06666666666666665
737,0.062436305765267375
738,0.06247271820241529
739,0.18187057606630752
740,0.22150939291475435
741,0.12425274427711464
742,0.26210993613596645
743,0.40004566689088694
744,0.05879608008976889
745,0.13639588426285543
746,0.10011190318302388
747,0.052666841382600804
748,0.1429104300871541
749,0.09999999999999998
750,0.05254519754292897
751,0.00012654000219891604
752,0.6985792077659374
753,0.22155799491299077
754,0.14197183298098015
755,0.07046143243105707
756,0.05265718121052121
757,0.042639942079792825
758,0.3236237738581105
759,0.21739130434782616
760,0.062436305765267375
761,0.10520573897227092
762,0.2621114505270081
763,0.0714285714285714
764,0.05882156874590794
765,0.21741887469726673
766,0.23754632500173622
767,0.1666424161799248
768,0.1666117652387491
769,0.05882156874590794
770,0.052485990379349756
771,0.05555555555555569
772,0.1191624189307624
773,0.11764705882352933
774,0.052631578947368474
775,6.430721423222874e-05
776,0.10011190318302388
777,0.06253117919723972
778,0.05263157894736825
779,0.11762138183756754
780,0.04140531397561498
781,0.05269230869693542
782,0.05003547268914099
783,0.19057841556242372
784,0.16666666666666652
785,0.5734925669306965
786,0.3894665781767702
787,0.003634518895328731
788,0.06672687019342805
789,2.220446049250313e-16
790,0.6975664729496127
791,0.06672687019342805
792,0.22089313225840568
793,0.17475701536732147
794,0.2208448977141827
795,0.052633525253538815
796,0.3320737756766653
797,0.22144216577332398
798,0.2594199609954738
799,0.38756674738836594
800,0.329214801744515
801,0.2197946606592609
802,0.005468904082571724
803,0.12323576963411786
804,0.05457788511776429
805,0.10306932483071451
806,0.12505644080633882
807,0.22181601987120292
808,0.3291967684300474
809,0.26171975616038445
810,0.2197946606592609
811,0.18545228931216018
812,0.22171794296461633
813,0.7444085105006786
814,0.31578662036981153
815,0.12505644080633882
816,0.286884051423554
817,0.2949021207177813
818,0.17650143254691764
819,0.26093322621398507
820,0.2526995266583394
821,0.06666666666666665
822,0.296384875320438
823,0.014487931092862616
824,0.12497815194593309
825,6.450377867284196e-05
826,0.1904256478866262
827,0.05555555555555547
828,0.17475701536732147
829,0.29706944768119314
830,0.2624664229905921
831,0.2986774644604987
832,0.1477032598589364
833,0.06084051891555964
834,0.17478785967894495
835,0.2986337683523653
836,0.33132053800312933
837,0.06667055076516715
838,0.12414792589140045
839,0.12499999999999989
840,0.21896605297910343
841,0.26011909872560657
842,0.2970869261244464
843,0.2616277643537881
844,3.749523498031149e-05
845,0.21898547347160713
846,0.19853911674555358
847,0.2617657520636828
848,0.054987268271399214
849,0.2197946606592609
850,0.1721900832110984
851,0.2206540174525492
852,0.17650143254691764
853,0.2986337683523653
854,0.13240448438596863
855,0.2608856971139104
856,0.22058442735441086
857,0.32917179922539963
858,0.09722651370718538
859,0.1721078317134357
860,0.04186130817620304
861,0.3320141270211181
862,0.05683560027542367
863,0.06667055076516715
864,0.26019365473753653
865,0.2593249027953243
866,0.1439982343604721
867,0.1739533496922423
868,0.2593249027953243
869,0.005468904082571724
870,0.25937243189539927
871,0.2985696807271031
872,0.21984644863927072
873,0.12408966441388947
874,0.17650143254691764
875,0.06569952613998264
876,0.005528482677010227
877,0.1747364524929056
878,0.26007310282230856
879,0.3319461552973556
880,0.17647401538102991
881,0.141432539421659
882,0.32917179922539963
883,0.12414610522022829
884,0.0008833041667588581
885,0.033205439192997455
886,0.002139428407054944
887,0.10820918136347935
888,0.1081777686926616
889,0.3973673846153847
890,0.2727618713899692
891,0.2955722918528103
892,0.3102484317071913
893,0.09467464346078569
894,0.24111117142546934
895,0.1015117375083664
896,0.001203394840180838
897,0.05939588595986722
898,0.0660542328766992
899,0.007060718335048954
900,0.21850185462773153
901,0.06041781218921849
902,0.26717471423328265
903,0.7569731386183738
904,0.8190488937324896
905,0.2142983667383921
906,0.22581777884258358
907,0.25714571805992426
908,0.3787913392658877
909,0.06789161814144695
910,0.1228734622853741
911,0.15888039535310539
912,0.31031941775922456
913,0.20751733691753305
914,6.222723727677959e-05
915,0.085129627577468
916,0.25072591479710493
917,0.16661679334490376
918,0.11192592592592576
919,0.05555555555555547
920,0.0002039632637230726
921,0.014083331984624747
922,0.044406029203956754
923,0.23968761602882338
924,0.011845818407439923
925,0.21123761346445802
926,5.3350772725724305e-05
927,0.027974701601437002
928,0.08655722864852589
929,0.3809344397718514
930,0.1771557419665416
931,0.18267906477621154
932,0.014895088766123776
933,0.21052631578947367
934,0.3157880572752214
935,0.36301656737769983
936,0.04109549870480411
937,0.2784774838184353
938,0.35004036765619184
939,0.24995051842260974
940,0.09439168496983208
941,0.3994906282251889
942,0.23814131505428604
943,0.4962635490707036
944,0.1271058624997351
945,0.29860448865504763
946,0.37526891294323017
947,0.5323607914063356
948,0.20725629147364466
949,0.062436305765267375
950,0.042591319589985854
951,0.3478260869565216
952,0.1428571428571428
953,0.0009031963309845681
954,0.8818324180065727
955,0.37532423952963645
956,0.14997712504217886
957,0.3749987114172557
958,0.0009857843223390894
959,0.062496102600345216
960,0.1904041301695012
961,0.6900865170062352
962,0.31999999999999995
963,0.5982261174408413
964,0.06255605334938741
965,0.2214501351894479
966,0.30162691621156856
967,0.115616152060938
968,0.12148391670432357
969,0.25
970,0.06666666666666665
971,0.15005454797634254
972,0.09527187875156284
973,0.17571582779209316
974,0.14285714285714268
975,0.18179790017374575
976,0.18184700536532428
977,0.3102768706161104
978,0.10787427705826436
979,0.2971471144360408
980,0.26097717163675394
981,0.06776652683547169
982,0.2366866330200369
983,0.25
984,0.1429670347849309
985,0.1499454520236575
986,0.3478668877768901
987,0.03997073505315696
988,0.4666666666666667
989,0.6981407908990787
990,0.8064229517669312
991,0.7728418252713282
992,0.03679301620369102
993,0.8140612795246774
994,0.6742165912235897
995,0.8137193157702455
996,0.4545008308606503
997,0.33284456606631085
998,0.2495400524396425
999,0.007250280574702561
1000,0.16525383524875747
1001,0.2650351458611879
1002,0.11760941382344992
1003,0.33333787398397163
1004,0.35544326155974726
1005,0.058829049632476926
1006,0.17859230381524638
1007,0.08002074678077908
1008,0.0011138648266380002
1009,0.04757629437886479
1010,0.05554797100776898
1011,4.607833246961235e-06
1012,0.3600007596469399
1013,0.238099387427264
1014,0.0908520302632132
1015,0.3043439873161913
1016,0.049975240376570196
1017,0.33324588874912775
1018,0.2608699265228813
1019,0.27999798835579315
1020,2.513967709560916e-06
1021,0.3181792755070849
1022,0.20832454262721345
1023,0.454546521159813
1024,4.050105107289426e-06
1025,0.16666544457701238
1026,0.15998750803438933
1027,0.38462827782770403
1028,0.09999602786018236
1029,0.1000029631217434
1030,0.2941374452519354
1031,0.0555290708316295
1032,0.4347907009657579
1033,4.959062462894792e-06
1034,0.2500407832676984
1035,0.0625511015395449
1036,0.2142897610195218
1037,0.7701526967554855
1038,0.028722926446452468
1039,0.059909445781712645
1040,0.18087276472240443
1041,0.3137134377377535
1042,0.3996922760041194
1043,0.0237235185004393
1044,0.48647425118719845
1045,0.4698473895582329
1046,0.6418067575023247
1047,0.000840257370898656
1048,0.006949779935736311
1049,0.020258950517146768
1050,0.053694801391914515
1051,0.18828299487137057
1052,0.2629956823522982
1053,0.1875490312364091
1054,0.17644317095530881
1055,0.1114659131695116
1056,0.2624802189414108
1057,0.06745365178262364
1058,0.043341971272282565
1059,0.22207038190838801
1060,0.12579595015576328
1061,0.05561426629533839
1062,0.29993603322949125
1063,0.015204970427349696
1064,0.2285871857258719
1065,0.0009240705274885519
1066,0.2778214064925545
1067,0.17646716755237946
1068,0.23524176889012205
1069,0.10994575685271313
1070,0.26306301579493896
1071,0.3410661844898307
1072,0.10671901389579197
1073,1.2646973643892778e-06
1074,0.35509330758153
1075,0.10977800968147977
1076,0.09235354400363494
1077,0.25527452877499235
1078,0.0653910770445808
1079,0.27592665976731423
1080,0.36196864463106504
1081,0.1706411103849308
1082,0.3563547869100997
1083,0.23187555308532226
1084,0.12111434696053447
1085,0.392633845125145
1086,0.5831959511451039
1087,0.3782272340185975
1088,0.047647385992382385
1089,0.023153264210924673
1090,0.047765816079300416
1091,0.5185155066803729
1092,0.23644359965904316
1093,0.3333202612079511
1094,0.10439090980300525
1095,0.0004304281927969278
1096,0.00019123161474299266
1097,0.053592429075704606
1098,0.023080775220323924
1099,0.03317169614984394
1100,0.015381747150759906
1101,0.012400309915609142
1102,0.011784334824115117
1103,0.0007814850091988346
1104,0.10450435784905132
1105,0.18973917670632645
1106,0.0971210544571629
1107,0.0010416324538889965
1108,1.1102230246251565e-16
1109,0.0002601474446900509
1110,0.031274527177908684
1111,0.10340335386119381
1112,0.0519771071800208
1113,0.05573616319170194
1114,0.0556164124764309
1115,0.0018896982310092625
1116,0.0008532778355878623
1117,6.44367397503176e-05
1118,0.10526315789473661
1119,0.10346100778623357
1120,4.157209015920316e-06
1121,0.10526315789473661
1122,1.1102230246251565e-16
1123,0.10433325587796549
1124,0.05457399231562998
1125,0.10349448425883745
1126,0.05263157894736825
1127,0.16666666666666674
1128,0.03968922305764411
1129,0.28571130697947367
1130,0.024797724570316704
1131,0.012716499449404006
1132,0.09523809523809512
1133,0.06244531774038331
1134,0.05567518964367968
1135,0.16666322378070186
1136,0.10613095240038828
1137,0.16661684475423355
1138,0.16666666666666663
1139,0.15170330113470687
1140,0.19136513136029232
1141,0.05555555555555558
1142,0.11762321447066104
1143,0.2257659796144017
1144,0.21052302350362861
1145,0.054490616049795326
1146,0.2728210964053426
1147,0.058796112131779155
1148,0.16664414700006858
1149,0.0020038836878903954
1150,0.09999999999999998
1151,0.0545180730536271
1152,0.06249999999999989
1153,6.249609399400224e-05
1154,0.166772335871473
1155,0.05665124634396368
1156,0.11770391843421601
1157,0.16666322378070186
1158,0.0545180730536271
1159,0.11035648625953931
1160,0.15783929642647543
1161,0.2857113346691731
1162,0.05745201857791571
1163,0.11762138183756754
1164,0.33026827187411123
1165,0.24997830981842217
1166,0.05653210706037559
1167,0.05648578084204925
1168,0.33777713093825656
1169,0.21279887175591305
1170,0.1458638326991466
1171,0.16162048502308024
1172,0.1768756293432625
1173,0.18675527064319386
1174,0.1926163561832146
1175,0.20342439232058152
1176,0.3842883056853512
1177,0.18404940796667169
1178,0.24998557324566895
1179,0.141562916388406
1180,0.1740840621701385
1181,0.20153078415233483
1182,0.2214280014260923
1183,0.35630014844266533
1184,0.3562120929627577
1185,0.2740270776535987
1186,0.33951125030916507
1187,0.2690546394732819
1188,0.2123748194219819
1189,0.17473135707811271
1190,0.17509891011227408
1191,0.21236124645688026
1192,0.18843953895390353
1193,0.24767420198651513
1194,0.2321468674521443
1195,0.18911681719863638
1196,0.34502320032824907
1197,0.2848505149155821
1198,0.40155957483485094
1199,0.2777820438677815
1200,0.25
1201,0.2774761042703654
1202,0.1296791972078558
1203,0.06333366949195895
1204,0.11515954465336398
1205,0.23469117857244293
1206,0.20693319094627316
1207,0.21841541641160211
1208,0.2343750000000001
1209,0.09331068423445132
1210,0.19871416406433917
1211,0.3782157189770027
1212,0.39728066065214196
1213,0.3689854621196387
1214,0.030053924794649522
1215,0.17851580260526567
1216,0.18679584564680451
1217,0.3595116980805896
1218,0.02898427920690705
1219,0.1896591580715059
1220,0.13906701600038585
1221,0.28949829066679944
1222,0.1798963389138094
1223,0.34776998732462683
1224,0.014924128624650979
1225,0.13770410925639964
1226,0.2168994681607962
1227,0.23529315093185654
1228,0.1426826251744322
1229,0.18893751915847945
1230,0.17796558887227587
1231,0.31288586790485595
1232,0.3078589640715437
1233,0.2221803262863209
1234,0.13132109265095038
1235,0.35421677774291793
1236,0.3548881096418739
1237,0.0010726290428860752
1238,0.34374771937445703
1239,0.23812049851437156
1240,0.3566138304125611
1241,0.23807313522849638
1242,0.2793698305321153
1243,0.14072751529648775
1244,0.23941673380503004
1245,0.14826134315606532
1246,0.2766435362616054
1247,0.43476507572490064
1248,0.27597094401494415
1249,0.2272695446532743
1250,0.4347300097833977
1251,0.09991598573624494
1252,0.4399815089978536
1253,0.08360583790688159
1254,0.09090534279158291
1255,0.335057326856143
1256,0.24216076513803897
1257,0.1111645263724037
1258,0.2752805851806355
1259,0.17387905113780866
1260,0.17652162374580216
1261,0.04547084991247552
1262,0.055467209171209175
1263,0.30619897209807057
1264,0.3055544091263317
1265,0.0565685940960593
1266,0.16242935777659573
1267,0.00153706978419621
1268,0.1165304843623004
1269,0.11822423238471036
1270,0.04508064577784776
1271,0.2181494620516633
1272,0.09997199524541489
1273,0.2049639845887542
1274,0.23807313522849638
1275,0.16307443184990789
1276,0.1052929166768325
1277,0.08341920752254883
1278,0.4090359193190065
1279,0.14288737021129794
1280,0.10529279156590843
1281,0.18181481891119522
1282,0.20074064019434856
1283,0.1913663854727461
1284,0.04508064577784776
1285,0.11735564365526951
1286,0.23823732795286412
1287,0.24215810619294897
1288,0.05300154585588368
1289,0.053525765848152496
1290,0.16233972333816282
1291,0.2319531665243424
1292,0.05567138748169842
1293,0.05834264424688351
1294,0.1173060100135872
1295,0.001008188150774969
1296,0.31574278061473526
1297,0.20416271148584508
1298,0.04576084771219424
1299,0.03183471919693959
1300,0.16383558986807545
1301,0.15794534077385625
1302,0.1578912469157775
1303,0.33796554804846723
1304,0.001008188150774969
1305,0.0011620147964603866
1306,0.43481650577243836
1307,0.3312620998989908
1308,0.14279846622848835
1309,0.008770031827572633
1310,0.22734790587601228
1311,0.2000265234400902
1312,0.06794809050986528
1313,0.33332920587749715
1314,0.11114058160009999
1315,0.07105211332717043
1316,0.15787030735781182
1317,0.10438713374679798
1318,0.20014919435050726
1319,0.14296204955685787
1320,0.04213486402790623
1321,0.05558696760332282
1322,0.2002642051282052
1323,0.23812049851437156
1324,0.058535999487768775
1325,0.00874560276955716
1326,0.04879090511201212
1327,0.29999422191956093
1328,0.03183471919693959
1329,0.20566909529941024
1330,0.2213845733013864
1331,0.32309473664679156
1332,0.17100807452472266
1333,0.2896793585611428
1334,0.20967741935483875
1335,0.10956093271103484
1336,0.35725231741920427
1337,0.15548441238499022
1338,0.14924896373909935
1339,0.12499999999999989
1340,0.16669243895918429
1341,0.12499817738330576
1342,0.05352671100284501
1343,2.070273358911745e-05
1344,0.2631107551383519
1345,0.17649460624193658
1346,0.22227218370353174
1347,0.2222206236589196
1348,0.00010383094660593173
1349,0.05161969486078055
1350,0.09269526182639476
1351,0.1991718875937908
1352,3.332784812504208e-05
1353,0.17651175793003693
1354,0.035934771576646596
1355,0.1761723749973373
1356,0.06666666666666654
1357,0.13696024654338734
1358,0.2858293788511935
1359,0.22219809655368272
1360,0.035934771576646596
1361,0.12499999999999989
1362,0.08180243153191069
1363,0.21050987129883858
1364,0.11820804137933216
1365,0.12405761490900602
1366,0.22221250064810505
1367,0.3277889361112939
1368,0.21941474697653418
1369,0.15134198659986842
1370,0.2077382627200013
1371,0.2862737973670786
1372,0.2670542725799824
1373,0.2136756502642917
1374,0.17891486889837416
1375,0.2904406605870161
1376,0.22267072174482305
1377,0.5069225881096916
1378,0.22264528078379708
1379,0.1789573898455813
1380,0.14039788716016655
1381,0.4561133878051373
1382,0.19054803600083725
1383,0.26884925072021415
1384,0.2688496365604994
1385,0.7343759873617693
1386,0.4851307994488655
1387,0.31022325773390014
1388,0.4016006691921036
1389,0.29432430151923616
1390,0.32913222862163316
1391,0.27924525192634053
1392,0.2253648054049079
1393,0.22494266980987754
1394,0.4239856111607103
1395,0.25617966916892465
1396,0.2557777488302603
1397,0.2637913531404775
1398,0.11455787723861
1399,8.325902466355117e-07
1400,0.5987473577527955
1401,0.06715044181221352
1402,0.16743673219691924
1403,0.19015434803531728
1404,0.0026911994851619436
1405,0.6032832339636083
1406,0.37534134526079255
1407,0.0020165839350182457
1408,0.5435024819739844
1409,0.5834668400695306
1410,0.3865890927756781
1411,0.3034408954461997
1412,0.30836727649020035
1413,0.30018465213647805
1414,0.302173882285496
1415,0.09433962264150941
1416,0.20081651984945104
1417,0.3725726403290597
1418,0.2013371981884441
1419,0.36391983858710586
1420,0.04546940753842377
1421,0.06001210349565944
1422,0.3041770110633879
1423,0.1442692913283583
1424,0.13115680810018027
1425,0.37767094784250155
1426,0.35526315789473684
1427,0.2924924917766367
1428,0.3895800071317138
1429,0.37837363954744674
1430,0.36640540747342765
1431,0.07383033957168872
1432,0.1965096946917424
1433,0.2693325642612293
1434,0.009783564862988259
1435,0.3505430678883067
1436,0.3940226027911512
1437,0.21776533590971503
1438,0.3037028995519411
1439,0.30180072020679793
1440,0.36948586291650676
1441,0.0017616917724880832
1442,0.0025688482168867433
1443,0.0019068684329273111
1444,0.07724443378137258
1445,0.07481668085236026
1446,0.11382559823225813
1447,0.07807531782337196
1448,0.0010363556905915727
1449,0.14168317399267427
1450,0.1313860586628025
1451,0.461571023370252
1452,0.42205206199196854
1453,0.06713485609275316
1454,0.04411130372217442
1455,0.23833003444462442
1456,0.08137658418338156
1457,0.052627648708239105
1458,0.11781229620722677
1459,0.044918800622860466
1460,0.16885653663669176
1461,0.16752488310678493
1462,0.05559477976529148
1463,0.05010150259454882
1464,0.06249999999999989
1465,0.0625469538153327
1466,2.7079215036085458e-05
1467,0.0555947797652917
1468,0.30004334079070116
1469,0.05255295948761052
1470,0.40901171982406304
1471,0.31574702025942736
1472,0.38095238095238104
1473,0.05614576476850108
1474,0.09517042684172927
1475,0.06666666666666643
1476,6.443928468213844e-05
1477,1.1102230246251565e-16
1478,0.055533632087703455
1479,0.0625
1480,0.10439402997081626
1481,0.11759813215881254
1482,0.38095238095238093
1483,0.3157413157785782
1484,0.051589871105579554
1485,0.06171352359317417
1486,0.06245903327902291
1487,0.05547318471511009
1488,2.220446049250313e-16
1489,0.2777777777777779
1490,0.05589722367248462
1491,2.0808493194413025e-05
1492,0.10524272001703239
1493,0.4346952091703705
1494,0.055533982240200785
1495,0.22220603645774095
1496,0.11672903706494486
1497,0.06250000000000011
1498,0.01953043978455804
1499,0.39129178608174886
1500,0.055616414879977816
1501,0.0001245945485732758
1502,0.09523809523809523
1503,0.05563604692011381
1504,0.0555555555555558
1505,0.05614537869741554
1506,0.1043908753535272
1507,0.05567322818476361
1508,6.217204247582764e-05
1509,0.014706285456574486
1510,0.2597969880314345
1511,0.12498443149144522
1512,0.0008156548492109783
1513,0.29999999999999993
1514,0.30000000000000004
1515,0.10530031767238146
1516,0.06849152985008478
1517,0.028985904507928262
1518,0.38086942076806607
1519,0.016707567144911062
1520,0.12499999999999989
1521,0.11110741533792068
1522,0.12428236135832205
1523,0.16074801271048977
1524,0.18257463001373775
1525,0.17081246191550448
1526,0.1852539894052181
1527,0.4090346972078298
1528,0.2506920975678091
1529,0.1825287846685525
1530,0.31082962809310677
1531,0.25204608730672906
1532,0.13643701654096618
1533,0.28124057504071165
1534,0.1861820856129982
1535,0.2201512439598724
1536,0.02866602681530539
1537,0.15005295136365338
1538,0.1451490007829641
1539,0.2381221068544871
1540,0.22777581983803108
1541,0.10472149748726134
1542,0.3398565316616762
1543,0.15860776794902498
1544,0.12499817921138001
1545,0.22221735633646067
1546,0.36357538641003206
1547,0.11116285193577669
1548,0.08007820226335405
1549,0.11203141603141609
1550,0.1101826497953039
1551,0.007981228878110258
1552,0.11764339069792673
1553,0.1812421302902042
1554,0.12256920026816953
1555,0.05873567135816471
1556,0.3809088545667253
1557,0.3313433117512653
1558,0.3306159062396048
1559,0.7699975056123721
1560,0.3722042066676067
1561,0.1431424420805092
1562,0.376719586072638
1563,0.052726567017196024
1564,0.06804296986015823
1565,0.06878204893215889
1566,0.06853568924149189
1567,0.285493842794981
1568,0.2734436483420706
1569,0.8337255913423821
1570,0.15475449339608982
1571,0.5174610951008645
1572,0.17211455953014188
1573,0.3152518298234278
1574,0.15853626862989534
1575,0.21310701404683619
1576,0.06779661016949146
1577,0.3649844340247662
1578,0.15213220157967522
1579,0.16636991557079694
1580,0.06755025047882468
1581,0.2186419449777368
1582,0.06781188447031272
1583,0.09883722038522436
1584,0.13827266307677566
1585,0.052977174288736495
1586,0.288474337728846
1587,0.051974745202574835
1588,0.294379065491155
1589,0.08406009442080042
1590,0.3430005910203232
1591,0.2229885309779538
1592,0.0670575310974908
1593,0.05147353065949423
1594,0.024481925217906042
1595,0.13078177793312362
1596,0.08747266069189208
1597,0.013943783943625387
1598,0.6068212218779198
1599,0.009651244264629821
1600,0.00396146741865544
1601,2.220446049250313e-16
1602,0.09999999999999998
1603,0.20000561116059834
1604,0.20000000000000007
1605,0.11111111111111105
1606,0.11110487491357002
1607,6.617126446561983e-06
1608,0.11089660793876266
1609,0.11111111111111116
1610,0.11110487491357002
1611,0.11424016421270677
1612,0.11111111111111105
1613,0.11110487491357002
1614,2.220446049250313e-16
1615,0.12518592667848605
1616,0.11111111111111105
1617,0.12507553271313487
1618,0.2222167846237142
1619,0.08319901693718668
1620,0.11110487491357002
1621,0.29999510616134284
1622,0.19981607657902434
1623,0.11111111111111116
1624,0.045499057080255256
1625,0.20000559155116604
1626,0.11111111111111116
1627,0.00014041563026589987
1628,0.08671847819547307
1629,0.11070239239783208
1630,2.220446049250313e-16
1631,0.11110487491357002
1632,0.2222167846237142
1633,0.19999999999999984
1634,0.11110487491357002
1635,0.11110487491357002
1636,0.11111730381888818
1637,0.20000000000000007
1638,0.2227170436864434
1639,0.0431125542362768
1640,0.22221678462371453
1641,0.11111730381888818
1642,1.3365142371712935e-05
1643,4.440892098500626e-16
1644,0.125
1645,0.1304868919062101
1646,6.989438957605287e-06
1647,0.11090675175447151
1648,0.023895014010335336
1649,0.11112336843524517
1650,0.22261372931479273
1651,0.12499388270167855
1652,2.220446049250313e-16
1653,0.11111111111111116
1654,2.220446049250313e-16
1655,0.0906134927874056
1656,0.9091954939626536
1657,6.989438957605287e-06
1658,0.08713292940130579
1659,1.3837191603638388e-05
1660,0.11110487491357002
1661,0.11111111111111127
1662,0.08348043542218275
1663,0.19999438742221298
1664,0.16655044242693928
1665,6.9667962494524005e-06
1666,0.11110487491357002
1667,0.08305664739367458
1668,0.11111111111111105
1669,0.11111728232210338
1670,0.11111111111111116
1671,2.220446049250313e-16
1672,0.1108943663389177
1673,0.11110487491357002
1674,0.29999510616134284
1675,0.35298023801501066
1676,0.11110487491357002
1677,0.2966328736149708
1678,2.0822921872443168e-05
1679,0.1250173737507443
1680,0.11112353678036935
1681,0.04557493766157872
1682,0.1999943874222132
1683,2.220446049250313e-16
1684,0.11111111111111116
1685,0.1738362160468242
1686,0.04555628631331077
1687,0.2222167846237142
1688,0.1585647183005674
1689,0.07161807356123451
1690,0.2964842927650815
1691,0.5835516328806136
1692,0.46817442131197384
1693,0.19357082637378464
1694,0.18410274354931044
1695,0.0007604576344577563
1696,0.07627053990891797
1697,0.014706702740537647
1698,2.0808926197712907e-06
1699,0.052013483348740674
1700,0.014714906616504209
1701,0.02898591157950281
1702,0.06569463480068494
1703,0.09997759772990333
1704,0.26309264221445816
1705,0.12497448246268195
1706,0.014706702911343461
1707,0.3157894736842106
1708,0.04764473184433993
1709,0.08693569910949295
1710,0.014705882352941124
1711,0.05263157894736803
1712,0.21052959778294777
1713,0.04761904761904756
1714,0.17391304347826098
1715,0.11770391453400708
1716,6.243080585710548e-05
1717,0.16608658691340072
1718,0.1175924309570534
1719,0.12406314184417866
1720,0.02898550724637683
1721,0.05561634904089352
1722,0.05561634904089352
1723,0.0009297723636568778
1724,1.1102230246251565e-16
1725,0.29995530960966965
1726,0.04266866466672381
1727,0.0943016089229205
1728,0.3636193262441556
1729,0.042857142857142705
1730,0.27589241902852857
1731,0.08954578881033037
1732,0.05077276897754435
1733,0.11764705882352933
1734,0.0714285714285714
1735,0.17646889394647536
1736,0.05011714126002864
1737,0.1875
1738,0.18747990080273114
1739,0.09916117868587948
1740,4.1614284684854397e-07
1741,6.4037149809959e-05
1742,0.00012640836533250877
1743,0.05555555555555536
1744,0.04285793980509356
1745,0.15005471413680416
1746,4.1631609370984535e-07
1747,0.06666666666666676
1748,0.13641727148896
1749,0.06250000000000011
1750,0.09529603361173267
1751,0.4085037689040212
1752,0.4400347421840426
1753,0.35
1754,0.21078893224041662
1755,0.04285754141408116
1756,0.09999999999999998
1757,6.436957271083177e-05
1758,0.12085950819420344
1759,0.11834681794735036
1760,0.18173985771579426
1761,0.0012045893662193663
1762,0.3668102382594439
1763,0.12064111201540739
1764,0.16236872125998913
1765,0.34881449466461545
1766,0.20264213987905766
1767,0.026375574160143134
1768,0.16653290803499998
1769,0.09436990955639568
1770,0.038162986251930375
1771,0.07248418106595278
1772,0.3909781893628864
1773,0.34116327996184614
1774,0.17570797735066046
1775,0.2520528634361233
1776,0.1417484689200832
1777,0.11447581221216385
1778,0.2754122104887431
1779,0.0067008102962227145
1780,0.01740318081862091
1781,0.4095701283623804
1782,0.1731210940521275
1783,0.25416955524744034
1784,0.07615953501485617
1785,0.0880610069255312
1786,0.4002391093951361
1787,0.1512211592810011
1788,0.168746397437338
1789,0.2246901071293138
1790,0.004787030664525571
1791,0.1098584360901268
1792,0.39233383883551676
1793,0.07416792080018875
1794,0.3438284133453704
1795,0.36363636363636365
1796,0.11110488103276006
1797,0.6363636363636364
1798,0.5
1799,0.33333333333333337
1800,0.4398164516567039
1801,0.4615384615384617
1802,0.3836578943662964
1803,0.500679395654684
1804,0.6111111111111112
1805,0.20042613825523026
1806,0.4615384615384617
1807,0.2671468116900615
1808,0.3999999999999999
1809,0.30751854173895743
1810,0.7079668278380273
1811,0.5624969655564649
1812,0.5555555555555555
1813,0.41678750799854536
1814,0.26631742752505283
1815,0.46153846153846156
1816,0.6111111111111112
1817,0.8703712712330107
1818,0.08395814538853064
1819,0.42856746903394216
1820,0.6000000000000001
1821,0.8292694833304248
1822,0.36363636363636376
1823,0.28565245761921865
1824,0.38461966665399905
1825,0.6111083923118571
1826,0.7804893247403695
1827,0.24144037206944224
1828,0.4666666666666668
1829,0.6
1830,0.8292694833304248
1831,0.24140984120713482
1832,0.1818296106943803
1833,0.6
1834,0.3528630533817435
1835,0.36363192338408146
1836,0.3333333333333335
1837,0.2727323673146559
1838,0.2897941997539416
1839,0.3846111015038539
1840,0.6499975530806714
1841,0.813953488372093
1842,0.3333333333333335
1843,0.4242233098004372
1844,0.36363636363636354
1845,0.6000028161477915
1846,0.8292682926829269
1847,0.40542135846859284
1848,0.631576376696047
1849,0.5555555555555556
1850,0.8292682926829269
1851,0.36352230786127915
1852,0.2727171612546063
1853,0.35708485043192684
1854,0.4666704074403989
1855,0.2498754616222535
1856,0.3846153846153846
1857,0.6499975658439219
1858,0.3635261443727009
1859,0.752584156261682
1860,0.4285714285714285
1861,0.4999964955809276
1862,0.11110487491357002
1863,0.11111111111111116
1864,0.21414911948892545
1865,0.6
1866,0.11111111111111105
1867,0.160526454677398
1868,0.6102226164829131
1869,0.125
1870,0.08018939217860765
1871,0.12475920689631459
1872,0.23065607758605178
1873,0.20001113330039733
1874,0.2727272727272727
1875,0.04546721831844358
1876,0.2727322935259311
1877,0.8048340894003289
1878,0.16010073485812537
1879,0.36363192338408146
1880,0.8095264915693252
1881,0.16007274471401722
1882,0.12008791618656833
1883,0.21456941117135298
1884,0.12027742376883155
1885,0.49994340351297717
1886,0.19982466743263994
1887,0.7812758404441603
1888,0.7499982477904639
1889,2.220446049250313e-16
1890,6.966796249119334e-06
1891,0.7777762210982997
1892,0.5999971964647421
1893,0.1853491472235017
1894,0.2142013909517232
1895,0.5996251716293007
1896,0.11111111111111105
1897,0.48845445534947995
1898,0.20000000000000018
1899,0.1108943663389177
1900,0.20813288601932745
1901,0.2222273852408475
1902,0.33326201110843656
1903,0.08323124797589376
1904,0.1248775930292978
1905,0.2141592292847273
1906,0.3445514821314897
1907,0.22417136196280274
1908,0.007354769396055616
1909,0.5831751029717869
1910,0.06572571042127096
1911,0.29885874597553275
1912,0.18820607114187604
1913,0.2631548410639607
1914,0.10008970993786748
1915,0.052627648724544285
1916,0.222225402894639
1917,0.21055073164554305
1918,2.903997975511885e-05
1919,0.14291232158876765
1920,0.2211575790626572
1921,0.09897148819530133
1922,0.29883259125364325
1923,0.14287311353734
1924,0.45833333333333337
1925,0.4615196476780534
1926,0.14285004477705543
1927,0.1428997313376691
1928,0.39128552405033157
1929,0.1881555971171761
1930,0.3182888628476134
1931,0.2500433812592959
1932,0.22876859573481867
1933,0.22222061384431946
1934,0.009789148321827312
1935,0.22217610247217767
1936,0.04998226207320067
1937,0.12168785995987164
1938,0.4388329209040013
1939,0.07567723260743242
1940,0.07490943289029206
1941,0.43938286662415416
1942,0.48092397265776154
1943,0.07433204442564945
1944,0.4411084007238302
1945,0.11765073465084785
1946,0.07471709829181017
1947,0.42357666817922324
1948,0.10238659981772225
1949,0.2800357743236417
1950,0.4399618625441891
1951,0.034861539280185205
1952,0.4999683068712747
1953,0.07413970982716722
1954,0.0741450951959246
1955,0.1324111357263279
1956,0.05181722629831764
1957,0.39124679954719155
1958,0.4091055568847074
1959,0.11068534860496915
1960,0.39081833895948814
1961,0.08247753423070858
1962,0.033857849420918074
1963,0.12150843426015523
1964,0.14427799779410577
1965,0.09826807494889356
1966,0.07202133655948606
1967,0.6907122938532848
1968,0.6400047424581742
1969,0.025301486956699204
1970,0.17152678587241976
1971,0.29017479015759984
1972,0.2845958108763975
1973,4.2396684579393273e-05
1974,0.0005540226388860425
1975,0.0004159098686461471
1976,0.0669561438554438
1977,0.00024548913710586984
1978,0.06689761071187283
1979,3.6986938326988295e-05
1980,0.06249503408603363
1981,0.05499961835513878
1982,0.002938247556932283
1983,0.06305504106285442
1984,0.0016654511413241035
1985,1.5901284823871542e-05
1986,0.0004580273236989285
1987,0.00021770603154569468
1988,0.05881854095847516
1989,0.06257451318055385
1990,0.06250497247239284
1991,0.00030008686725091493
1992,0.16660486862619428
1993,0.06285397112393332
1994,0.0002444217524496528
1995,0.11122443197914877
1996,0.0002737634578431347
1997,6.828950547854706e-05
1998,0.06692651699007857
1999,0.06663232191545576
2000,0.06657344519909436
2001,0.0004678596210861974
2002,0.0625
2003,0.05897351291357944
2004,0.16659133008942928
2005,3.704036871032823e-05
2006,0.006371686220146167
2007,0.02043192159518259
2008,0.004791958370776284
2009,0.0072293489490101726
2010,0.0639728115456657
2011,0.9030695404776261
2012,0.9035913865833054
2013,0.9022865608630906
2014,0.06412768290519733
2015,0.5460093613662771
2016,0.06234553301407941
2017,0.06132949828600187
2018,0.061930150481343205
2019,4.771397065062022e-05
2020,0.06915851194322431
2021,0.005716976792578654
2022,0.0005163492477605613
2023,0.06137570230102818
2024,0.05883348152654244
2025,0.06457918067618018
2026,0.06224331102763192
2027,0.0001304461257496392
2028,0.06438409705718051
2029,0.06774672259520098
2030,0.0708372578225106
2031,0.06176624054265589
2032,0.06301851172418305
2033,0.07203856221319271
2034,0.061093344431423446
2035,0.0010733021564610645
2036,8.442959890664348e-05
2037,0.06205668699452116
2038,0.0008612888806512897
2039,0.06242579429783601
2040,0.001144751043903769
2041,0.8667219650051908
2042,0.917857016694067
2043,0.905910299437737
2044,0.9006443388377132
2045,0.9053136296389008
2046,0.8659257647966145
2047,0.06920968149630691
2048,0.8712388024283653
2049,0.5785851735765364
2050,0.0008452279806380192
2051,0.4344393962688269
2052,0.33746229330901734
2053,0.7838716696889385
2054,0.5979604551546169
2055,0.8015343841539964
2056,0.16368910311619667
2057,0.365890979702161
2058,0.9279877136440619
2059,0.15936037693806115
2060,0.07117157508684402
2061,0.5985736742496427
2062,0.923935459467857
2063,0.5981277242931533
2064,0.5442180205357833
2065,0.2898343845212953
2066,0.9004025286898761
2067,0.8919345092039203
2068,0.8018865123740523
2069,0.8651704375096615
2070,0.8883125377358622
2071,0.8998954429307279
2072,0.9743422147018099
2073,0.967810893198515
2074,0.9672993345883907
2075,0.8995263889511487
2076,0.5008908747779749
2077,0.8997207276573875
2078,0.9573877574225205
2079,0.6324273857327178
2080,0.8865581503277618
2081,0.7965048353939702
2082,0.9068541509859149
2083,0.7229767246476196
2084,0.89869430208236
2085,0.8075937991159545
2086,0.9071701376548914
2087,0.9065331750415616
2088,0.9172365269754512
2089,0.9007118989686018
2090,0.9147626067822114
2091,0.0919101890506201
2092,0.21297390208007838
2093,0.31817221305100085
2094,0.5692584242159995
2095,0.9760191841689146
2096,0.9759965235198687
2097,0.06847571927672569
2098,0.04839218274795998
2099,0.06872123508559436
2100,0.028148972746947276
2101,0.6118734515499789
2102,0.10528386412329227
2103,0.04612424161668438
2104,0.12504054680259502
2105,0.06663830841468787
2106,0.05557748877535218
2107,0.11065773656190958
2108,0.013888241631966114
2109,0.2941029363750669
2110,0.05555555555555558
2111,0.25
2112,0.36842684204736886
2113,0.02776789388806622
2114,0.35257901221399623
2115,2.3142255444086324e-05
2116,0.2941176470588234
2117,0.1578947368421052
2118,3.863987635255306e-05
2119,0.428547829364624
2120,0.04127605702159254
2121,0.0769230769230771
2122,0.0666557596466748
2123,0.07145026246149855
2124,0.06475847565047343
2125,0.0005025611288297371
2126,0.20000000000000007
2127,0.06669720468104134
2128,0.0666557596466748
2129,0.1999737925257219
2130,4.660918200893871e-05
2131,0.05994849812903724
2132,0.47619047619047616
2133,0.013326842891927315
2134,0.05825765229538016
2135,0.03963812708147629
2136,0.04018063006022865
2137,0.10575353851419078
2138,0.06561394861907843
2139,0.22688178913738
2140,0.29248789853148416
2141,0.31947526531105164
2142,0.03754157984025075
2143,0.16667549238693324
2144,0.06340867896218227
2145,0.06465105358844325
2146,0.0013642490651362138
2147,0.009194256738256468
2148,0.012529159867260664
2149,0.004013931023908124
2150,0.0017030457686701972
2151,0.0014457778937299048
2152,0.004391777191234181
2153,0.007650015880490746
2154,0.0022240877424416494
2155,0.3142595653984258
2156,0.3144512049738555
2157,0.051573654650836076
2158,0.2777612160867525
2159,0.06655854185974652
2160,0.544461024571973
2161,0.003771793125362466
2162,0.25636994459062656
2163,0.06896594673736112
2164,0.15067340126023832
2165,0.31373111566693146
2166,0.6126175982150822
2167,0.2045847133169384
2168,0.47982971087553006
2169,0.3201971014492754
2170,0.22814343898833145
2171,0.133215411120024
2172,0.35427358497529005
2173,0.8299342099317609
2174,0.8085168961955727
2175,0.3146472306790362
2176,0.7041965957821703
2177,0.703501581609763
2178,0.84873246217065
2179,0.7727961630731474
2180,0.5090294792374432
2181,0.7736541004984367
2182,0.2824304565297153
2183,0.4621827442714326
2184,0.7590929150967455
2185,0.6406098634292343
2186,0.6406324308891093
2187,0.009503285628392977
2188,0.5969929379490997
2189,0.21242249263405188
2190,0.055804523266749784
2191,0.054115426572454384
2192,0.21273688421452808
2193,0.4622844408993959
2194,0.6581573459950257
2195,0.3704954938980016
2196,0.5507144447972867
2197,0.6071658583156129
2198,0.3700852421435794
2199,0.44546281870258697
2200,0.8078031413435528
2201,0.6067974722420428
2202,0.27390890067130225
2203,0.5291470607844999
2204,0.14346908274841852
2205,0.14308896925471826
2206,0.7051250349323979
2207,0.1436733574809108
2208,0.21405935032123613
2209,0.5035798101603834
2210,0.26030822727724134
2211,0.6294818089094993
2212,0.6328253274023761
2213,0.4450580242878319
2214,0.36896583540937933
2215,0.5041365260020605
2216,0.4445424558913026
2217,0.5708556377311422
2218,0.4087574280108889
2219,0.10760645125286006
2220,0.26032061094987546
2221,0.14276166542197488
2222,0.13864541349706594
2223,0.4754565327485022
2224,0.27202034148580834
2225,0.13987164221796466
2226,0.1425132859176944
2227,0.2729955569154472
2228,0.28549233493885595
2229,0.21210597319177849
2230,0.2744392293037342
2231,0.31758882922752396
2232,0.1718217547860439
2233,0.2532103933615889
2234,0.05269635554017171
2235,0.0006781906059897258
2236,0.2222216409859893
2237,0.07300108957491103
2238,0.30571669655933775
2239,0.01819672106416692
2240,0.0940607778532081
2241,0.00541764774932163
2242,0.1572929606479193
2243,0.3778303317999412
2244,0.22365455331653183
2245,0.02558640017571734
2246,0.11507637765873457
2247,0.0008077118214104839
2248,0.1889917445065531
2249,0.24776417875539591
2250,0.20306060279365834
2251,0.3548849112016732
2252,0.379521997914649
2253,0.04710694653766645
2254,0.40745120801535994
2255,0.3606931167392856
2256,0.023484353829176463
2257,0.2508709379017232
2258,0.3128058387308438
2259,0.13171601844722258
2260,0.3176754121601978
2261,0.2511304701510534
2262,0.015192787729773949
2263,0.018477197177961813
2264,0.2763696925270569
2265,0.024889043214561868
2266,0.06039270279990916
2267,0.26930198312527265
2268,0.1348248084071042
2269,0.3235859614619855
2270,0.3267324870513423
2271,0.44814546669905286
2272,0.3765398396044134
2273,0.27262567145804373
2274,0.24960317460317494
2275,0.32365872904541104
2276,0.24638899097344114
2277,0.028521572822723606
2278,0.18461412576165626
2279,0.27085787730263644
2280,0.35058033332609284
2281,0.23395936550452667
2282,0.2885914881561271
2283,0.41880360130674354
2284,0.06099611447526865
2285,0.2484936345533859
2286,0.12924428572211077
2287,0.2735475456580674
2288,0.21684472062506144
2289,0.13985723817585793
2290,0.2928631034713335
2291,0.29520491317953457
2292,0.0038857833038324907
2293,0.030335971597941658
2294,0.27235761735254027
2295,0.41765268438850756
2296,0.3300167188218236
2297,0.001527838989275887
2298,0.29785556680825376
2299,0.21382569854772304
2300,0.3330737867609599
2301,0.23080063948319918
2302,0.27593637210247723
2303,0.19615964063518676
2304,0.09963217887527687
2305,0.22020352375885888
2306,0.4282744045317777
2307,0.23570349158248283
2308,0.006442372268340657
2309,0.005154639175257603
2310,0.28961040763894563
2311,0.4483604712581858
2312,0.23488913072813555
2313,0.12350519853977682
2314,0.2655711585073569
2315,0.2992645783298902
2316,0.0179078485234907
2317,0.12883380991304894
2318,0.006582805015290849
2319,0.3945039620425913
2320,0.22169753128609615
2321,0.3302152801433037
2322,0.24732596489650316
2323,0.23426959694390725
2324,0.03483954969152658
2325,0.1204100950250162
2326,0.0763652135797116
2327,0.23811105720205117
2328,0.2762031878717829
2329,0.3018178078128798
2330,0.3288393377802862
2331,0.2241202922177571
2332,0.44071042693400586
2333,0.12689852690954684
2334,0.15650267258394823
2335,0.3942051209025532
2336,0.3377295312412715
2337,0.44253118686037096
2338,0.12318200695264869
2339,0.4093911825585408
2340,0.2603118995659084
2341,0.36803432291932114
2342,0.006508109949619034
2343,0.3587259272424438
2344,0.1626453639985651
2345,0.3891372781991528
2346,0.005154639175257603
2347,0.07131639214178509
2348,0.12950367540007734
2349,0.04910353941542678
2350,0.3356310953795061
2351,0.29890911466320536
2352,0.004222841599858307
2353,0.386174926127566
2354,0.15948072308276795
2355,0.025439918227429414
2356,0.1803374069742174
2357,0.05654447487550762
2358,0.2410880395529269
2359,0.21976193667146493
2360,0.14491481332663192
2361,0.24285271392701258
2362,0.23512451187529015
2363,0.12788130654125873
2364,0.012050283400526496
2365,0.12042076926034717
2366,0.14805458165535368
2367,0.07625894560866342
2368,0.2518824404516169
2369,0.2775178363272277
2370,0.31524480109563324
2371,0.32248656078234794
2372,0.22289724541214684
2373,0.19098366755766705
2374,0.2062924128383119
2375,0.030078471975198084
2376,0.01297021725580172
2377,0.18042056223438507
2378,0.3599818203534484
2379,0.03253037985868723
2380,0.02305531113929693
2381,0.022167672573639274
2382,0.006948251518310911
2383,0.03733335203892019
2384,0.01491411229058004
2385,0.23746910368026863
2386,0.27928312608529693
2387,0.08807445440908535
2388,0.013489254450360533
2389,0.12849105352083212
2390,0.29400871557792874
2391,0.3344808296964986
2392,0.006757037627429074
2393,0.015408840695021797
2394,0.18602236670319638
2395,0.15673646321371038
2396,0.30261097985130003
2397,0.30531689141478346
2398,0.3822525023110044
2399,0.22468455965198963
2400,0.2063458461231934
2401,0.28500002538972247
2402,0.21889229095021523
2403,0.3192502266900642
2404,0.318781903447665
2405,0.3924215608592947
2406,0.06985550190356016
2407,0.2468949296013846
2408,0.02175850390901335
2409,0.1282449690361347
2410,0.0723459017467617
2411,0.35584079393566703
2412,0.008460598599984492
2413,0.2199823788441283
2414,0.037856985843653934
2415,0.25459254304779955
2416,0.3963022194379786
2417,0.021185243129180242
2418,0.34889343081324775
2419,0.24732602777505952
2420,0.2128731232396026
2421,0.016777749069491255
2422,0.33143404035316093
2423,0.18138014221440568
2424,0.11104036409895701
2425,0.3630674045427451
2426,0.01058910789257228
2427,0.29707772235889607
2428,0.22446309079695592
2429,0.2165455743020721
2430,0.16975887238776166
2431,0.3237708365215175
2432,0.04826576477565159
2433,0.27563582296133704
2434,0.01660013170456598
2435,0.2718026522958601
2436,0.22356252078347338
2437,0.1298772191355012
2438,0.36893360865276303
2439,0.03954735849282587
2440,0.15467246487305353
2441,0.1285744217425514
2442,0.2771596411528934
2443,0.1526938849247469
2444,0.035341856648302805
2445,0.0044066829407474195
2446,0.016283970806094894
2447,0.27833716288338195
2448,0.006855720762134143
2449,0.16897696889124858
2450,0.13356084139249857
2451,0.042629790091506914
2452,0.14897741907185968
2453,0.2934757296857703
2454,0.12640381886117602
2455,0.012084438258338825
2456,0.15494441452150554
2457,0.00023239998602209155
2458,0.32645326283374965
2459,0.3242566524986512
2460,0.2458594600993207
2461,0.26788817442208845
2462,0.28582874544786385
2463,0.12379667767056668
2464,0.282732319451251
2465,0.2391033538096794
2466,0.021877253729777668
2467,0.36839928014107326
2468,0.1786280921424639
2469,0.007852868152497416
2470,0.007757784283104696
2471,0.2483734754007132
2472,0.24837731213974457
2473,0.27287658544421556
2474,0.22690137240722996
2475,0.3173799304940529
2476,0.25035982964131087
2477,0.3956055703896292
2478,0.13467863442013805
2479,0.37087970239473733
2480,0.1489182249416494
2481,0.04593906541106296
2482,0.10362634738059984
2483,0.3056702652303511
2484,0.3692441098293212
2485,0.16767382760273142
2486,0.2462081977191518
2487,0.3833376555170438
2488,0.14353457746513099
2489,0.32052225522752553
2490,0.40359923791611585
2491,0.33440346036603863
2492,0.039446210793229186
2493,0.22171928929587292
2494,0.00014387078822242216
2495,0.7805065368079089
2496,0.25
2497,0.4937403468237126
2498,0.0954295867260978
2499,0.6340595561137696
2500,0.03321997347660821
2501,0.10512158839175045
2502,0.1891241179738481
2503,0.26818423039016936
2504,0.16398617814280336
2505,0.047076145284541404
2506,0.020277200548907803
2507,0.1989019158989236
2508,0.3690308445888737
2509,0.2253155996393148
2510,0.02398913001648484
2511,0.2693142513629122
2512,0.06381526230905898
2513,0.03965307343750335
2514,0.01754018876893526
2515,0.3141448401698178
2516,0.07871554887521526
2517,0.276094021750506
2518,0.6386709522256611
2519,0.08509398031711901
2520,0.690588572285952
2521,0.5863456984269271
2522,0.2449144651406555
2523,0.09496153557559606
2524,0.029733805581254047
2525,0.4038334197452963
2526,0.3058382733516075
2527,0.04008347657415068
2528,0.09814061959162823
2529,0.4189368648064872
2530,0.3128095525286676
2531,0.4119991155814413
2532,0.061526924687199
2533,0.0848752298870512
2534,0.016618259962839943
2535,0.7654250052406496
2536,0.7678172900970384
2537,0.2812085345704465
2538,0.012013511149692957
2539,0.7671591987831129
2540,0.020442259444726663
2541,0.11062655542993016
2542,0.11451504727042716
2543,0.33716677825335917
2544,0.14184303843229829
2545,0.3724517435741058
2546,0.21651387474348383
2547,0.09613916405764344
2548,0.006659751349238463
2549,0.0034044818029987933
2550,0.2579766113331283
2551,0.15514761922392584
2552,0.22658645436796254
2553,0.13102827337651046
2554,0.024304510735744578
2555,0.12463412870067347
2556,0.2137417294402023
2557,0.34925197402045904
2558,0.23245234261250236
2559,0.1078946502663839
2560,0.16818894139342688
2561,0.24832974838274025
2562,0.13506305241231786
2563,0.010983955538410917
2564,0.06056611867653838
2565,0.11921147268358545
2566,0.2174377431963408
2567,0.025413419400456938
2568,0.15208215234866718
2569,0.18172213847127605
2570,0.03962583675917419
2571,0.10376065765381626
2572,0.1806938914356454
2573,0.19646404804524586
2574,0.3086327881704519
2575,0.3835058063002592
2576,0.31889849265599934
2577,0.41670287192735433
2578,0.0272209462358044
2579,0.2984218573395474
2580,0.11310033070467451
2581,0.28331585725194697
2582,0.14557891843268422
2583,0.6876013745526577
2584,0.1736208236873057
2585,0.0742345199484642
2586,0.23162652347173018
2587,0.00508721900285658
2588,0.20710476551102164
2589,0.3467325663129126
2590,0.2480682946742968
2591,0.15125293991642919
2592,0.167493403739442
2593,0.6899413056216663
2594,0.03993536433014111
2595,0.214488149309359
2596,0.6949595730230065
2597,0.2380642923815054
2598,0.35564524203970727
2599,0.15244682310306668
2600,0.30415658206608365
2601,0.3988033924609995
2602,0.1837457479578336
2603,0.17009491645371755
2604,0.23023621559492424
2605,0.3934998675626673
2606,0.02348258052706642
2607,0.04750969519904891
2608,0.2519442302043312
2609,0.08781796981603396
2610,0.21100870550760265
2611,0.2809959680570735
2612,0.2504178491610325
2613,0.2545546404835969
2614,0.1636051284409228
2615,0.0975052308647254
2616,0.03286712356037369
2617,0.13152786596977295
2618,0.26086956521739113
2619,0.041086563824591193
2620,0.25645545415647075
2621,0.24974728932291745
2622,0.06762022199587558
2623,0.2975948314577036
2624,0.05593725321154053
2625,0.020839971006847424
2626,0.18443383081314868
2627,0.4216370113540103
2628,0.26430665498779826
2629,0.20000957042599177
2630,0.20185636682172048
2631,0.055653951590320605
2632,0.18062845089044788
2633,0.0824744405445299
2634,0.20361750081052987
2635,0.006167298838926305
2636,0.07339411633587956
2637,0.29787178098533273
2638,0.01579973569436366
2639,0.08691125917286469
2640,0.3069011549491699
2641,0.05717281383053929
2642,0.22235427435757427
2643,0.10909090909090924
2644,0.06326951484660126
2645,0.057170376827345715
2646,0.0538760734492848
2647,0.10582485757192384
2648,0.19999999999999996
2649,0.04166548509483081
2650,0.08898979724829781
2651,0.05219733677339755
2652,0.42572956023335384
2653,0.23620443212578057
2654,0.46673784958910347
2655,0.03183941399727985
2656,0.07581356408024065
2657,0.19063217754307982
2658,0.18938998095996606
2659,0.018241930919566718
2660,0.28260869565217395
2661,0.11919859584682813
2662,0.1709036911894216
2663,0.15016738508113192
2664,0.12037034474315422
2665,0.14292266829071243
2666,0.0880952365576052
2667,0.2552235892147976
2668,0.06723032600924927
2669,0.37735849056603776
2670,0.053120747030839466
2671,0.20315266581466118
2672,0.0018144791576184538
2673,0.23646821897527603
2674,0.02857142857142847
2675,0.04166784823850245
2676,0.2708381887486109
2677,0.03958185216305399
2678,0.2734475292816918
2679,0.12209580148273325
2680,0.05179184048158414
2681,0.17915977427538787
2682,0.004477371931857044
2683,0.26396739530005
2684,0.20521664046674026
2685,0.2638232644924544
2686,0.20930232558139528
2687,0.08396714426561147
2688,0.12591764903649572
2689,0.13609985454526263
2690,0.15000000000000002
2691,0.061700956716863375
2692,0.1290206916868012
2693,0.19936472376431313
2694,0.04238709433138588
2695,0.19716281659095225
2696,0.3461367832953094
2697,0.15384615384615397
2698,0.00012188856581651919
2699,0.21182134306725964
2700,0.0875059495696221
2701,0.14987398880444347
2702,0.07191851090234191
2703,0.2165934297209835
2704,0.05958849324588822
2705,0.028955527551476345
2706,0.14360883305389338
2707,0.22727272727272718
2708,0.09100393742105728
2709,0.21735045768516592
2710,0.25332576840760435
2711,0.250951325828639
2712,0.1863823836128219
2713,0.3121104703645371
2714,0.2619644039335901
2715,0.3271918666839574
2716,0.0009651484880950356
2717,0.14966231087422555
2718,0.05882426496160076
2719,0.12587006334256323
2720,0.2604467601949684
2721,0.3587705714477105
2722,0.2536612641485053
2723,0.2765511962014765
2724,0.020574464066280496
2725,0.26334180177575583
2726,0.23819897864315098
2727,0.22729301279745417
2728,0.2628598571143961
2729,0.26165499546099713
2730,0.03685605107268841
2731,0.2746508175275202
2732,0.0015667841754798406
2733,0.3334023462344582
2734,0.08476821086057429
2735,0.038739946679258064
2736,0.17901232176027737
2737,0.22727272727272718
2738,0.3336312465721555
2739,0.24448381531063512
2740,0.07497666664164426
2741,0.24133312409223906
2742,2.9532137117871393e-05
2743,0.0322587964422536
2744,0.028572196769388714
2745,0.07690087993964712
2746,0.09387979780171207
2747,0.08011518868474199
2748,0.24562972006452677
2749,0.10526315789473684
2750,0.07745233793439421
2751,0.05908520355386171
2752,0.27510857990675397
2753,0.09161301928147292
2754,0.7054927538386662
2755,0.18576422233319245
2756,0.0981064957766874
2757,0.3060257853773124
2758,0.09201275012493682
2759,0.0006176950323807384
2760,0.0442624310312596
2761,0.1887836906455328
2762,0.1253487292306834
2763,0.2779748182066041
2764,0.16195306763718342
2765,0.20930232558139528
2766,0.3058085411921072
2767,0.0009361940334521313
2768,0.2387002233345651
2769,0.18663135739082914
2770,0.0009411132024735869
2771,0.23283445514105539
2772,0.24166343248688316
2773,0.2736835333299066
2774,0.05133788303114739
2775,0.2144969845964736
2776,0.11055063620640371
2777,0.12901071914208528
2778,0.36280913671717274
2779,0.16746291416934478
2780,0.25243912550921543
2781,0.25897152758654607
2782,0.2618790997285293
2783,0.16708489767817458
2784,0.24556080400009783
2785,0.05597896365520283
2786,0.3532083712753723
2787,0.41795150097785283
2788,0.19047619047619058
2789,0.3251345645688545
2790,0.23687916159429767
2791,0.034375566179963846
2792,0.1948063261366606
2793,0.26086956521739135
2794,0.09584715724779369
2795,0.1776792708593674
2796,0.055353086039145794
2797,0.125
2798,0.48379798103071825
2799,0.2979257954745034
2800,0.1707317073170731
2801,0.2426624905880006
2802,0.23670766391210596
2803,0.23618903214021691
2804,0.24899972013122995
2805,0.2608689774649491
2806,0.17525363631657964
2807,0.01764418872638507
2808,0.22779531813364684
2809,0.21855395421335566
2810,0.23421038238213854
2811,0.1338434995579797
2812,0.21580872436339138
2813,0.023110390138529335
2814,0.23766345656451449
2815,0.4141691579621646
2816,0.24716446234132916
2817,0.25438241401011985
2818,0.27591788446648735
2819,0.25731797545342094
2820,0.24191841389642066
2821,0.19015458178497668
2822,0.4671207855345575
2823,2.220446049250313e-16
2824,0.0292550922410012
2825,0.23033363783078986
2826,0.20930232558139528
2827,0.020035115205551457
2828,0.40501202876211095
2829,0.19547226354511615
2830,0.4190077139855418
2831,0.4262734914965989
2832,0.00026888948642089794
2833,0.018240032622585334
2834,0.44176386134132506
2835,0.44819146474477256
2836,0.020097285812913812
2837,0.10438001376505801
2838,0.020907602108884316
2839,0.04956877804939708
2840,0.08164398371166137
2841,0.15356676899717436
2842,0.12818248514488106
2843,0.07674102842232233
2844,0.16077287847170496
2845,0.02902814936800191
2846,0.20354997305454525
2847,0.020546103097628943
2848,0.2979075613808474
2849,0.1580513944971046
2850,0.19300048521193003
2851,0.03219155999378642
2852,0.00012701607184939512
2853,0.040012714426790774
2854,0.05290750293877444
2855,0.10292248891194333
2856,0.12534942668914473
2857,0.18606792198067434
2858,0.10256410256410253
2859,0.00030486043437305543
2860,0.1250006974584612
2861,0.274176435144891
2862,0.09615384615384603
2863,0.00012886582046856
2864,0.07179970699666915
2865,0.05750729251881803
2866,0.26086956521739135
2867,0.25551877135158474
2868,0.13982546023743248
2869,0.11890920901607693
2870,0.08869081306023197
2871,0.15153805231682071
2872,3.820834889389779e-05
2873,0.03194425981892235
2874,0.23288131397570655
2875,0.0006855698524925735
2876,0.00012596941681619622
2877,0.0004422845615720261
2878,0.0005663399873787611
2879,0.062040681511656426
2880,0.05845754154091187
2881,0.0592265475265894
2882,0.062324034300239584
2883,0.06286380099277256
2884,0.062243592837492034
2885,0.00021933578704103063
2886,0.3166324033801746
2887,0.2727464982002554
2888,0.20038066436505697
2889,0.19954244073972083
2890,0.3182215583342084
2891,0.2727118666915732
2892,0.2730194999166097
2893,0.34812014104448474
2894,0.347519337292051
2895,0.4221591927713342
2896,0.3167873448603391
2897,0.17822863364741315
2898,0.28548779318514217
2899,0.4840728972259086
2900,0.3741379128109461
2901,0.3047854981588579
2902,0.33347079546515956
2903,0.4230860894129226
2904,0.36013873101304295
2905,0.23752228029136124
2906,0.33338649597913195
2907,0.3474469581577375
2908,0.3331462141913982
2909,0.30434782608695665
2910,0.23807909843879105
2911,0.5897769229658124
2912,0.3596712351981698
2913,0.4667372866394073
2914,0.30471193982744593
2915,0.4825523274063973
2916,0.2856801853242533
2917,0.4439218339049754
2918,0.33344284475343156
2919,0.3602692542111424
2920,0.3747192436357488
2921,0.3329569288287848
2922,0.39973998657654275
2923,0.3048292672640611
2924,0.35985086957442747
2925,0.09091324636517772
2926,0.42301269511537176
2927,0.07229283452434498
2928,0.3183265195086328
2929,0.3174827798759605
2930,0.23826039406314647
2931,0.30437837818484725
2932,0.27325789578159476
2933,0.3596546030660389
2934,2.220446049250313e-16
2935,1.1102230246251565e-16
2936,3.3306690738754696e-16
2937,0.46444191494050746
2938,1.1102230246251565e-16
2939,1.1102230246251565e-16
2940,0.3335744671797227
2941,0.30805690375449
2942,0.42859932047456994
2943,0.17167995904375188
2944,0.5635705222429385
2945,0.30973329920312653
2946,0.5993156471252299
2947,1.1102230246251565e-16
2948,0.39940070076788525
2949,0.761933708770502
2950,0.16404922402892852
2951,2.220446049250313e-16
2952,0.42472388263494854
2953,0.5873546265913594
2954,0.6396023606517584
2955,0.6800544817658026
2956,0.7116466152865856
2957,0.7102239281488001
2958,0.7376771247382954
2959,0.7110181448554176
2960,0.6798311267543904
2961,0.7374188681118923
2962,0.6583203534571985
2963,0.5945357839696012
2964,0.5930832898217984
2965,0.632134292457019
2966,0.5930208330730968
2967,0.6314806541924263
2968,0.5952847653000297
2969,0.5544796339645905
2970,0.5931927140455235
2971,0.5946297189196483
2972,0.5939112164825858
2973,0.6621514601138712
2974,0.5182800160389665
2975,0.34778111397836264
2976,0.8413495034341019
2977,0.42903366387185504
2978,0.38440681059360493
2979,1.1102230246251565e-16
2980,0.85940451139526
2981,0.11105471639036169
2982,0.0003941209284276104
2983,0.24958381997769807
2984,0.19997458004109558
2985,0.11053680833586332
2986,0.020695758877876447
2987,0.09013887701100598
2988,0.15801939885639293
2989,0.16405781155058619
2990,0.0007795180256628953
2991,0.15819451379783045
2992,0.006601949649502559
2993,0.1581796785890487
2994,0.19970231292227691
2995,0.28590361984130774
2996,0.23833290156125264
2997,0.3476995474807748
2998,0.05763370206099239
2999,0.05782832666473081
3000,0.1087266634970312
3001,0.49366706821285233
3002,0.5625621271834786
3003,0.16066014905408865
3004,0.23809929382193695
3005,0.1609534503492993
3006,0.2729403711430567
3007,0.27285485290343947
3008,0.25005171892488276
3009,0.21966287209856816
3010,0.8133621934611857
3011,1.1102230246251565e-16
3012,3.3306690738754696e-16
3013,0.18916012555984196
3014,0.6354348838572794
3015,0.2732478828196713
3016,0.31970083555600115
3017,0.3635346996091351
3018,0.30647366186476344
3019,0.5175746719800545
3020,0.2726613930642279
3021,0.2728775006692846
3022,0.28581620735240054
3023,0.27534074386424834
3024,0.03478809444357245
3025,0.0326234204251894
3026,2.220446049250313e-16
3027,1.1102230246251565e-16
3028,1.1102230246251565e-16
3029,0.28571601070876584
3030,1.1102230246251565e-16
3031,0.29038307638626926
3032,0.28586739423837315
3033,1.1102230246251565e-16
3034,2.220446049250313e-16
3035,0.3060323349749762
3036,0.43143361025836247
3037,0.27465722064380826
3038,0.23847738570381716
3039,0.2728829629038212
3040,1.1102230246251565e-16
3041,0.37279358527858963
3042,0.2754332205352489
3043,0.397846962017958
3044,1.1102230246251565e-16
3045,0.05094969487962486
3046,0.12670071156134033
3047,0.20513721907245897
3048,0.16284364383796301
3049,0.3265921833505161
3050,0.4371261310228909
3051,0.14760018051325585
3052,0.7112006505667935
3053,0.4634462676577329
3054,0.6342658655400794
3055,0.48632283751206806
3056,0.20717560688688696
3057,0.07903417946123903
3058,0.845806099342678
3059,0.1161941287806395
3060,0.6813812224696065
3061,0.07073226628095464
3062,0.21346105630623502
3063,0.3861325837453059
3064,0.7956989247311828
3065,0.36063335152923326
3066,0.16278747249075098
3067,0.09762526550694417
3068,0.14186685127286847
3069,0.881567130642814
3070,0.450134860854269
3071,0.5806647624119057
3072,0.40940864943003263
3073,0.7732048745760327
3074,0.4999662204410893
3075,0.435487105470417
3076,0.8377720451621936
3077,0.8427179725243191
3078,0.8153272476532446
3079,0.8306308187669769
3080,0.8165064859283244
3081,0.8260251469444935
3082,0.7956809401443881
3083,0.9325862663899136
3084,0.7945371946496608
3085,0.904336562885796
3086,0.9095236101220677
3087,0.9211880983612403
3088,0.8099196658348665
3089,0.7884447678050137
3090,0.9382957101005781
3091,0.8304396577672384
3092,0.9389420438656623
3093,0.790352653848798
3094,0.9355039668237745
3095,0.9357045447807655
3096,0.8104868495006445
3097,0.9356859356192314
3098,0.939401746180937
3099,0.8124918859164363
3100,0.9427031333679696
3101,0.6888215100298095
3102,1.1102230246251565e-16
3103,0.8442383696271124
3104,0.9022109017626312
3105,0.8487920213631063
3106,0.037143458685252595
3107,0.32662749509527855
3108,0.2123283347495435
3109,0.14241753213683872
3110,0.3721841650199379
3111,0.21519722441707223
3112,0.14229972597008866
3113,0.14303615959376148
3114,0.3266124480725726
3115,0.14240128301039034
3116,0.2747672473837939
3117,0.12495259601679976
3118,0.1817950256113584
3119,0.001026747075411505
3120,0.0010044113130639465
3121,0.0010518748080522444
3122,2.093977720107887e-05
3123,0.16316974772471515
3124,0.2889763807805751
3125,0.6487600371001769
3126,0.9104199567101265
3127,0.16771549343335668
3128,0.0008755856537432383
3129,0.16667002180166712
3130,0.9131020485202886
3131,0.9237383346785611
3132,0.9555710220675893
3133,0.9357282305750418
3134,0.8819352570288463
3135,0.13751574059954286
3136,0.2894069707452632
3137,0.9140170280152513
3138,0.896009029016638
3139,0.6990972930263935
3140,0.28664494233308646
3141,0.9082102697465029
3142,0.9188466849169301
3143,0.8661765352508346
3144,0.05573366546891689
3145,0.1415487841978018
3146,0.4077317986248338
3147,0.0004548562714694615
3148,0.7271156699980557
3149,0.7
3150,0.18727568169268927
3151,0.4374730709882765
3152,0.7224738338028396
3153,0.30724322867425324
3154,0.9648241292894816
3155,0.8812143372506817
3156,0.9426229839158146
3157,0.9288661456064347
3158,0.9640201873530091
3159,0.9351977883579806
3160,0.8650915165360339
3161,0.9311111542569054
3162,0.9629671667249764
3163,0.9602845059597822
3164,0.9712039063708955
3165,0.9275303935622741
3166,0.24974868677158812
3167,1.1102230246251565e-16
3168,1.1102230246251565e-16
3169,0.9380643119447849
3170,0.9639318072008857
3171,2.220446049250313e-16
3172,1.1102230246251565e-16
3173,1.1102230246251565e-16
3174,1.1102230246251565e-16
3175,2.220446049250313e-16
3176,0.17530786919067698
3177,0.0655732848848688
3178,0.3380964076000803
3179,0.22345498399211616
3180,0.33591440298688713
3181,0.23408818290865474
3182,0.1785619148895361
3183,0.08480731723720492
3184,0.2254475145735143
3185,0.23680977694195748
3186,0.06442795267381307
3187,0.0029029582526953757
3188,0.25050636646278934
3189,0.11377192368515054
3190,0.19768463622975285
3191,0.12148800211104982
3192,0.2218467737227473
3193,0.17224126105250515
3194,0.18747906852128848
3195,0.036438958610797934
3196,0.03515499022828006
3197,2.220446049250313e-16
3198,0.031124154888017563
3199,0.32516127858713817
3200,0.23659294531533648
3201,0.15483322388971332
3202,0.25722556841492183
3203,0.25914692766969727
3204,0.09745325924575554
3205,0.24988285626369688
3206,0.0534346649355093
3207,0.02137410772225845
3208,0.4264593394965589
3209,2.220446049250313e-16
3210,0.26151715628072325
3211,0.06144814801352183
3212,0.3014031596915
3213,0.3978574617152856
3214,0.1509611632231631
3215,0.005784993694829543
3216,0.332439457308793
3217,0.06332399819123402
3218,0.14144671805509135
3219,0.03332115111996192
3220,0.2823874653892907
3221,0.36531623506128885
3222,0.12433871089903825
3223,0.22777774905442727
3224,0.1840284905080427
3225,0.3659304425832549
3226,0.09917235624178755
3227,0.07888976446896057
3228,0.1530098652376075
3229,0.09954514568104611
3230,0.11916644777164864
3231,0.21567680842998616
3232,0.1774372958457331
3233,0.295101081804487
3234,0.22089955665699323
3235,0.03181958603645363
3236,0.354605215044292
3237,0.13269203124208395
3238,0.3242806916917733
3239,0.16473143360761766
3240,0.0002702094122940535
3241,5.547603989741745e-06
3242,0.002598667263020382
3243,2.220446049250313e-16
3244,1.1102230246251565e-16
3245,1.1102230246251565e-16
3246,1.1102230246251565e-16
3247,1.1102230246251565e-16
3248,1.1102230246251565e-16
3249,1.1102230246251565e-16
3250,1.1102230246251565e-16
3251,1.1102230246251565e-16
3252,2.220446049250313e-16
3253,0.07955670640812174
3254,0.4568608548956027
3255,2.220446049250313e-16
3256,1.1102230246251565e-16
3257,1.1102230246251565e-16
3258,1.1102230246251565e-16
3259,1.1102230246251565e-16
3260,1.1102230246251565e-16
3261,1.1102230246251565e-16
3262,1.1102230246251565e-16
3263,0.8106466165413535
3264,1.1102230246251565e-16
3265,1.1102230246251565e-16
3266,2.220446049250313e-16
3267,0.19193089063228952
3268,1.1102230246251565e-16
3269,0.21841505072239764
3270,0.012119414722573052
3271,0.3080992336648408
3272,0.3804699535936559
3273,0.05882717395614445
3274,0.13855989321951656
3275,0.12014266320621136
3276,0.2175500834724542
3277,0.203460698720755
3278,0.2048054203319386
3279,0.29133708436717276
3280,0.011157046878044086
3281,0.07403407783282356
3282,0.1454534003851714
3283,0.11641513318022001
3284,0.060262295126517595
3285,0.05230679249772008
3286,0.3409767885699867
3287,0.20253545253054916
3288,0.22035391522048975
3289,0.09208360241643809
3290,0.2273388930575725
3291,0.08844927345094722
3292,0.19807544526160203
3293,0.26392776768081627
3294,0.3989195203444772
3295,0.32128585082224814
3296,2.220446049250313e-16
3297,0.03707397444961047
3298,1.1102230246251565e-16
3299,2.220446049250313e-16
3300,2.220446049250313e-16
3301,2.220446049250313e-16
3302,0.49070902107339354
3303,0.13010761524011216
3304,0.002876874805474383
3305,0.1691604916128877
3306,0.3093050656108879
3307,0.3369452471197508
3308,0.22072776628230562
3309,0.24188527654554748
3310,0.14911755902250057
3311,0.02327199822594117
3312,0.1389182255252569
3313,0.1408941419729799
3314,0.1746694373313885
3315,0.3543120281993779
3316,0.21129760862182978
3317,0.05367655260450899
3318,0.08203995646379203
3319,0.24245958569094417
3320,0.31194708134889537
3321,0.10877566207831069
3322,0.0724252734109666
3323,0.2147089357364549
3324,0.15999870297185537
3325,0.08490226977412851
3326,0.08530096814929133
3327,0.11030214754819401
3328,0.1718961487608892
3329,0.11667686131734412
3330,0.23501894744184304
3331,0.1572883371280528
3332,0.2519790593647253
3333,0.04536302877735632
3334,0.42485329529863947
3335,1.1102230246251565e-16
3336,1.1102230246251565e-16
3337,1.1102230246251565e-16
3338,1.1102230246251565e-16
3339,1.1102230246251565e-16
3340,1.1102230246251565e-16
3341,0.11255087775704842
3342,0.35097111821070137
3343,0.08608092766973241
3344,0.04185587364264576
3345,0.31344702527361523
3346,0.07178966145849008
3347,0.1505080487813707
3348,0.08639748163732452
3349,0.31644524066211244
3350,0.009656653553241856
3351,0.033256941853648025
3352,0.0499451632409339
3353,0.07842790368130015
3354,0.05343863112866076
3355,0.3537358676159954
3356,0.042666176416799484
3357,0.11531882202304744
3358,0.21043650255606783
3359,0.0006355662895637382
3360,0.030298214402210033
3361,0.2215397324521663
3362,0.09385419071497991
3363,0.16546965470488206
3364,0.004184089960137971
3365,0.22252722678552095
3366,0.19010526367957026
3367,0.052676252544253344
3368,0.13264637163602866
3369,1.1102230246251565e-16
3370,1.1102230246251565e-16
3371,0.01834862385321101
3372,1.1102230246251565e-16
3373,1.1102230246251565e-16
3374,1.1102230246251565e-16
3375,1.1102230246251565e-16
3376,1.1102230246251565e-16
3377,1.1102230246251565e-16
3378,1.1102230246251565e-16
3379,2.220446049250313e-16
3380,0.1319180949660934
3381,0.11859990576476898
3382,0.06724227599577803
3383,0.027431860652536666
3384,0.12900712613791265
3385,0.01528493802124975
3386,0.19845084063022267
3387,0.033030510721757333
3388,0.0520178596062385
3389,0.17058275373001286
3390,0.26386448064906676
3391,0.30184428376820704
3392,0.8960525803193595
3393,1.1102230246251565e-16
3394,1.1102230246251565e-16
3395,1.1102230246251565e-16
3396,1.1102230246251565e-16
3397,1.1102230246251565e-16
3398,1.1102230246251565e-16
3399,1.1102230246251565e-16
3400,1.1102230246251565e-16
3401,1.1102230246251565e-16
3402,1.1102230246251565e-16
3403,1.1102230246251565e-16
3404,1.1102230246251565e-16
3405,0.5673922547447598
3406,0.02247882326841477
3407,0.04519715680010661
3408,0.1047331454715621
3409,0.11576334871817595
3410,0.197521382462018
3411,0.04990054760031659
3412,0.0371644399595924
3413,0.19497523494792413
3414,0.222818951347873
3415,0.06952314923827574
3416,0.4619020456058509
3417,0.21079593940878627
3418,0.21036911957641158
3419,0.03809525810333303
3420,0.08519559009131006
3421,0.37674302246605584
3422,0.09462483345422645
3423,0.6309784514056866
3424,0.6050428403273932
3425,0.4279893711248891
3426,0.07078615786323073
3427,0.4901012201688918
3428,0.015956234384506218
3429,0.5301767948938524
3430,1.1102230246251565e-16
3431,1.1102230246251565e-16
3432,1.1102230246251565e-16
3433,2.220446049250313e-16
3434,1.1102230246251565e-16
3435,1.1102230246251565e-16
3436,2.220446049250313e-16
3437,1.1102230246251565e-16
3438,1.1102230246251565e-16
3439,1.1102230246251565e-16
3440,0.009803921568627527
3441,1.1102230246251565e-16
3442,1.1102230246251565e-16
3443,1.1102230246251565e-16
3444,1.1102230246251565e-16
3445,1.1102230246251565e-16
3446,0.19705921555231154
3447,0.3022059388617273
3448,0.028559729492669605
3449,0.45144676959838714
3450,0.23366743029549686
3451,0.22929167442339282
3452,0.34477996381875686
3453,0.02829284811165278
3454,0.05673387897747195
3455,0.2330496346585773
3456,0.042530614237504816
3457,0.4487801796672306
3458,0.01679960996732255
3459,0.07864025278269016
3460,0.015151515151515027
3461,1.1102230246251565e-16
3462,1.1102230246251565e-16
3463,1.1102230246251565e-16
3464,2.220446049250313e-16
3465,0.08200913745575888
3466,0.019898217524788597
3467,0.03259347023497361
3468,0.017457296971108427
3469,0.045283155533292985
3470,0.0007430132783660115
3471,0.06452795898715646
3472,0.11069357317305983
3473,0.009390050207599088
3474,0.06454459559039605
3475,0.244118682584899
3476,0.15852672415807778
3477,0.025556731523373122
3478,0.29997146487869064
3479,0.21962673682552392
3480,0.004964407721653963
3481,0.5135601852974704
3482,1.1102230246251565e-16
3483,1.1102230246251565e-16
3484,1.1102230246251565e-16
3485,1.1102230246251565e-16
3486,1.1102230246251565e-16
3487,1.1102230246251565e-16
3488,0.15014733688315418
3489,0.3058894937333928
3490,0.27181650007569513
3491,0.24391913399845766
3492,0.3989904841599349
3493,0.13794529697294589
3494,0.058446826623291925
3495,0.1207688025464978
3496,0.41416226645819454
3497,0.041140355432550346
3498,0.13350720264009053
3499,0.19883492645875578
3500,0.012170222491664995
3501,0.09747999481890479
3502,0.2889014803107992
3503,0.07897617584711303
3504,0.13764387016629165
3505,0.25915090763833526
3506,0.1310961883917786
3507,0.3961061831737409
3508,0.10289920051138846
3509,0.01229102018758077
3510,0.08409556720379807
3511,0.09096315126206911
3512,0.16872292674275002
3513,0.16384640324899502
3514,0.1408967697488296
3515,0.19059017337893724
3516,0.43478484764091707
3517,0.06252482352131261
3518,1.1102230246251565e-16
3519,0.25029391049233984
3520,0.06248440497709962
3521,0.5588235294117647
3522,0.5151407491143252
3523,0.16666666666666707
3524,0.062457087193101835
3525,0.06233907697413199
3526,0.06238735388189243
3527,0.058818143936257505
3528,0.1492330767574146
3529,0.005578676068595523
3530,0.058786969336215855
3531,0.058870480508610656
3532,0.05906934932906227
3533,0.19950208391219793
3534,0.05906381467215749
3535,0.04999999999999993
3536,0.27777326942101843
3537,0.35
3538,0.01492578336825523
3539,0.19056174041130292
3540,0.014706292422115075
3541,0.1892408759124088
3542,2.702298200685238e-05
3543,0.0981472264953398
3544,2.2865600159738264e-05
3545,0.05882352941176472
3546,0.13330986399588374
3547,0.05633881365362858
3548,0.06666666666666676
3549,0.11118681639752859
3550,0.15000000000000002
3551,0.1333098654624455
3552,0.05885191889417141
3553,0.1333098654624455
3554,0.058972156702010614
3555,0.013898221504311636
3556,0.186649611206249
3557,0.1333333333333332
3558,0.2168311990795101
3559,0.35
3560,0.11762502432975341
3561,0.0014728718334919844
3562,2.702298200685238e-05
3563,0.10526315789473695
3564,4.153427616060412e-06
3565,0.11111111111111094
3566,0.06250000000000011
3567,0.015139213366859194
3568,0.00607090719499459
3569,2.702298200685238e-05
3570,1.1102230246251565e-16
3571,0.13330986399588374
3572,0.11039821966401464
3573,0.12500364157723987
3574,0.23527184106071797
3575,0.1874763311270129
3576,0.11770214505796905
3577,0.13041689370664855
3578,0.13623462844209722
3579,0.09089027273555261
3580,0.18179956989538404
3581,0.02983822415352899
3582,0.05068518772684605
3583,0.02983862809272675
3584,0.15701774808191538
3585,0.19999999999999996
3586,0.19052819141714095
3587,0.09523997400186468
3588,0.0991829365891791
3589,2.8952957648042954e-05
3590,0.16709980900648436
3591,0.004131899006685424
3592,0.3157894736842104
3593,0.07341647227172732
3594,0.2360880530554056
3595,0.1892917137327863
3596,0.13619827571886578
3597,0.047472337825799626
3598,0.2941176470588235
3599,0.38093445943484194
3600,0.23770450554679912
3601,0.004132313647830288
3602,0.07432076470183424
3603,0.13511132521581204
3604,0.18839585686639315
3605,0.35004175637898627
3606,0.019424580620637788
3607,0.07432076470183424
3608,0.17646887977084125
3609,0.14028435547171514
3610,0.04787938737892872
3611,0.3333333333333335
3612,0.31649983694431005
3613,0.14288193091921242
3614,0.16656185567010318
3615,0.1977778908287513
3616,0.062012886597938244
3617,0.3157894736842106
3618,0.4090749747501984
3619,0.24990567010309284
3620,0.05767734373778144
3621,0.3636337290811612
3622,0.11112399257199757
3623,0.23686293401395186
3624,0.13606510628637247
3625,0.10526315789473673
3626,0.0045465401513604675
3627,0.2631578947368419
3628,0.05265897627912941
3629,0.3157894736842105
3630,0.23529411764705888
3631,0.187479754647087
3632,0.04993940703248778
3633,0.005271897778321488
3634,0.18755230049502492
3635,0.07335670027741326
3636,0.2778707564355998
3637,0.019015813558845962
3638,0.29190047694905685
3639,0.23529411764705888
3640,0.13338912052802654
3641,0.1576601493934009
3642,0.019220401269093634
3643,0.18755230049502492
3644,0.2778047715816616
3645,0.35075852588913436
3646,0.18916686738982358
3647,0.18839585686639315
3648,0.16694230270109622
3649,0.31578947368421073
3650,0.23529411764705888
3651,0.22226901516529307
3652,0.04767051190229865
3653,0.13608850091640512
3654,0.19001042376119193
3655,0.07341647227172732
3656,0.03366863196667369
3657,0.3157894736842106
3658,0.3809369559215904
3659,0.2793239228780102
3660,0.18921748077210587
3661,0.03365777084415278
3662,0.0743805366961483
3663,0.23527506319725844
3664,0.1900610371434741
3665,0.13619827571886578
3666,0.04747273417395259
3667,0.07335670027741326
3668,0.2777777777777777
3669,0.23611663473010613
3670,0.033255507047080246
3671,0.09999685364190958
3672,0.16651202749140892
3673,0.27857559464812087
3674,0.04806686005529659
3675,0.13428891399081944
3676,0.23691057013845263
3677,0.1342331267961262
3678,0.26315789473684204
3679,0.3172982852486622
3680,0.2360880530554056
3681,0.277824173754429
3682,0.07438246482499711
3683,0.1875000000000001
3684,0.07432462095953185
3685,0.23698043645438727
3686,0.2360880530554056
3687,0.06148332545274793
3688,0.3043047582269034
3689,0.2778242671066887
3690,0.19013695721689738
3691,0.3608218159770097
3692,0.357423296068041
3693,0.16666666666666685
3694,0.07449567197573181
3695,0.1351329202589192
3696,0.18844815736141807
3697,0.27862058432126047
3698,0.07335670027741326
3699,0.18921748077210587
3700,0.23529411764705888
3701,0.2777597819085219
3702,0.35
3703,0.25
3704,0.13513651943277005
3705,0.004339219579023168
3706,0.00532608505654697
3707,0.002418855130134512
3708,0.06184457287460621
3709,0.10310333966695961
3710,0.12073771993568927
3711,0.00869552686781927
3712,0.007754746617205099
3713,0.05498553400032713
3714,0.18890238623567557
3715,0.00972482692319554
3716,0.0963204581620406
3717,0.05985921558884666
3718,0.14854593722034293
3719,0.14768661871696864
3720,0.19558740937714802
3721,0.04017152256122769
3722,0.007565355407016083
3723,0.10321820955313965
3724,0.1050468640315213
3725,0.05802792826927072
3726,0.18882996094087
3727,0.10871899490908188
3728,0.18972264480707834
3729,0.2186270014403935
3730,0.007754746617205099
3731,0.18463939969723608
3732,0.25102363890507173
3733,0.060869446506355174
3734,0.0034234519841814803
3735,0.0055067552962632105
3736,0.23625058748419447
3737,0.0578485050175126
3738,0.18546134257781988
3739,8.58236495651088e-05
3740,2.860379171876204e-05
3741,4.577261310145797e-05
3742,0.00036075436512794656
3743,8.871146595701429e-05
3744,0.0617310676383388
3745,0.042971443746278926
3746,0.38095238095238093
3747,0.13636363636363635
3748,0.25345381633581543
3749,0.14322063281955588
3750,0.10142105165645254
3751,0.22336196070382996
3752,0.3084319785474866
3753,0.19227268890790716
3754,0.058884089220595626
3755,0.40392163321098373
3756,0.24718229109840717
3757,0.10686625480940448
3758,0.2217299383377661
3759,0.1583995008444865
3760,0.06678366881274134
3761,0.00045127127115729415
3762,0.0023722038849792737
3763,0.05882352941176483
3764,0.05881814516861761
3765,0.06034635860337967
3766,0.05914324241605784
3767,0.05882352941176461
3768,0.061221376943963235
3769,0.06400492756282017
3770,0.00035101823596361825
3771,0.05851980205768614
3772,0.05841034274226509
3773,0.05882352941176472
3774,0.25000000000000033
3775,1.1102230246251565e-16
3776,0.09258996132029751
3777,0.022230681824736087
3778,0.08582687125290811
3779,0.5326263145970722
3780,0.361720688071296
3781,0.1999601259550714
3782,0.26326591266041066
3783,0.019610729869947163
3784,0.45568199757899186
3785,0.17947755679157096
3786,0.019997158225921408
3787,0.06393988798999661
3788,0.01817892725875403
3789,0.03846153846153899
3790,0.07144470380339374
3791,0.12066648622820797
3792,0.14282980217358432
3793,0.17998791045480256
3794,0.4390308876420479
3795,0.3890737344694156
3796,0.49998985080686087
3797,0.1429827963600696
3798,0.4524049085562817
3799,0.10525562208412287
3800,0.04650038148680169
3801,0.026695173423423313
3802,0.6003367684886289
3803,2.883955402044336e-06
3804,0.23806173049445767
3805,0.4586871342293517
3806,0.06680622500557098
3807,0.5701741922043514
3808,0.09013634663907466
3809,0.21126760563380298
3810,0.4373047554323567
3811,0.5728155339805825
3812,0.029132550496380527
3813,0.5164835164835165
3814,0.5168539325842697
3815,0.6041694824204212
3816,0.12499492540343049
3817,0.5101914372784715
3818,0.5042221480323079
3819,0.0935139290500484
3820,0.15832116158490195
3821,2.0463707614548632e-05
3822,0.2989636451768809
3823,0.586190279641823
3824,0.08888351559924967
3825,0.39025475074392246
3826,0.3350418654006536
3827,0.553135904881467
3828,0.5353562115878561
3829,0.33344279149588285
3830,0.22740620223412922
3831,0.050671126817042
3832,0.16980653230046372
3833,0.6528835655747521
3834,0.5728106060567881
3835,0.514044426595063
3836,0.35903400846076117
3837,0.14582325844496824
3838,0.41419054164884306
3839,0.3802323801200478
3840,0.06663930212602964
3841,0.41893408366567153
3842,0.5101801978525324
3843,0.08046939138176656
3844,0.056598217986140065
3845,0.6034448498207188
3846,0.18838676101089136
3847,0.13724494948723864
3848,0.31287256439894306
3849,0.4864954439768304
3850,0.09692249083450888
3851,0.5554627764987422
3852,0.022213597663006124
3853,0.4457975755416602
3854,0.05897193271078427
3855,0.19995074382685285
3856,0.11361570200518722
3857,0.42779674964294556
3858,0.4218834653376914
3859,0.11998980392838421
3860,0.066653134409148
3861,0.48477600351851213
3862,0.4385816773414096
3863,0.2263991265449401
3864,0.2626708971900624
3865,0.13790311280965206
3866,0.43688700985709883
3867,0.505953994304512
3868,0.5116405827474316
3869,0.5757575757575759
3870,0.3296156650267491
3871,0.04647226555243367
3872,0.3750000000000001
3873,0.4545279852114149
3874,0.1501200700309936
3875,0.1922934837962077
3876,0.06817357509133792
3877,0.1428397442403332
3878,0.12238282549192647
3879,0.13113740758893777
3880,0.09011512316371462
3881,0.4166598255716225
3882,1.1102230246251565e-16
3883,1.1102230246251565e-16
3884,2.220446049250313e-16
3885,0.0427338441968248
3886,0.19999555432064464
3887,1.1102230246251565e-16
3888,1.1102230246251565e-16
3889,0.11095295550205453
3890,0.2924937543240782
3891,0.28688770949523645
3892,0.16224635930074316
3893,0.22366883752500344
3894,0.09961878635853938
3895,0.012429711703779933
3896,0.08759100698986533
3897,0.11418757159761661
3898,0.1587064024663597
3899,0.1692257508681505
3900,0.20610226519494135
3901,0.33423918684549736
3902,0.23815878275959101
3903,0.2001244790219504
3904,0.016390129875803905
3905,0.37098307275691444
3906,0.11374392177414538
3907,0.020711717783374883
3908,0.05064646042336074
3909,0.41197396913417594
3910,0.3673934412279485
3911,0.4694901162110158
3912,0.43545070803963815
3913,0.013909168729093424
3914,0.0075210877419583655
3915,0.04064524211511289
3916,0.026285537392177538
3917,0.17647702280068756
3918,0.08455852671803665
3919,0.35632868760048675
3920,0.40145453868389236
3921,0.01572549561455794
3922,0.04440099346709203
3923,0.0266632293985416
3924,0.0007994574725928016
3925,0.03195389737988574
3926,0.03108130004815912
3927,0.05847847530003636
3928,0.43035332475630295
3929,0.1545656337276068
3930,0.17596351637889596
3931,0.04125523488483018
3932,0.008966099430925745
3933,0.022819518287317986
3934,0.297278715373103
3935,0.12889441193681406
3936,0.10658079700068157
3937,0.10780614612715467
3938,0.03253747944358443
3939,0.027737274195156925
3940,0.2851229440605533
3941,0.3816685162352954
3942,0.12492959682448124
3943,0.3000938709006913
3944,0.00032854815241945
3945,0.4616756574702411
3946,0.125404818259231
3947,0.36362782991811904
3948,0.22493404824219287
3949,0.12667207541856362
3950,0.41706170670707576
3951,0.5628021469616
3952,0.2232026516294423
3953,0.3005350641339404
3954,0.22246211452398879
3955,0.22419351113673947
3956,0.36483535104973874
3957,0.36463907553011143
3958,0.30107482181291534
3959,0.22911130332295548
3960,0.12946473471412923
3961,0.3007932091108415
3962,0.050078754728772545
3963,0.5786849201962142
3964,0.2839397796120289
3965,0.2922955739068426
3966,0.5342521736901806
3967,0.25087392636722483
3968,0.15312310328959333
3969,0.2969213278838658
3970,0.1742865175816669
3971,0.044830917772431866
3972,0.5299962420896058
3973,0.303348280754949
3974,0.0340446203398741
3975,0.5539849807237551
3976,0.31151639638463813
3977,0.016552822523700716
3978,0.3163352961341622
3979,0.27761100629762525
3980,0.4767945471857181
3981,0.3888464580925399
3982,0.1667433208642507
3983,0.02835666571930262
3984,0.08458523547878505
3985,0.27271965126095676
3986,0.376051971375139
3987,0.09334805741215502
3988,0.0010608935457129265
3989,0.2981372753015654
3990,0.04761472255991428
3991,0.35572725503968183
3992,0.05827367145635898
3993,0.4036604788748287
3994,0.2840323662076035
3995,0.41588203618198694
3996,0.3732445426923313
3997,0.30292556444988694
3998,0.27441702008079427
3999,0.0023513529762143603
4000,0.25347179026303823
4001,0.5542510593831065
4002,0.5453494097085437
4003,0.2870305215500103
4004,0.07026185679821761
4005,1.1102230246251565e-16
4006,0.25002319755033875
4007,0.23076974945888995
4008,2.220446049250313e-16
4009,0.2083327994918277
4010,0.09523870534267287
4011,0.14999942697736612
4012,0.17391192904659936
4013,2.220446049250313e-16
4014,1.1102230246251565e-16
4015,2.220446049250313e-16
4016,1.1102230246251565e-16
4017,0.21871181772424753
4018,0.2875681173828196
4019,0.2887074694970737
4020,0.4790545637732233
4021,0.28692939844064425
4022,0.3408909423401343
4023,0.003759398496240518
4024,2.220446049250313e-16
4025,2.220446049250313e-16
4026,1.1102230246251565e-16
4027,1.1102230246251565e-16
4028,2.220446049250313e-16
4029,1.1102230246251565e-16
4030,1.1102230246251565e-16
4031,2.220446049250313e-16
4032,0.026100022708275827
4033,0.024170901785333987
4034,0.014620585617927118
4035,0.3781284423282224
4036,0.3872051707230254
4037,0.10846678729375014
4038,0.27406817639946723
4039,0.05754262824330436
4040,0.04634159171006258
4041,0.5469337970992546
4042,0.2665840565636707
4043,0.02992490614056864
4044,0.017368009749142543
4045,0.26369240709469566
4046,0.38087229438532366
4047,0.12358693139332277
4048,0.04777541034697608
4049,0.389213917229716
4050,0.047106743574618415
4051,0.06799311133008323
4052,2.220446049250313e-16
4053,1.1102230246251565e-16
4054,2.220446049250313e-16
4055,1.1102230246251565e-16
4056,1.1102230246251565e-16
4057,0.02811593798486911
4058,0.2942828774048285
4059,0.04417623867223841
4060,0.004870075383799799
4061,0.001949601585567784
4062,0.18116452840828978
4063,0.25388959744736994
4064,0.2920881073218581
4065,0.3043814432989692
4066,0.015398515391345624
4067,0.014589729310353072
4068,0.03420427812956606
4069,0.301400001018553
4070,0.43670296517258567
4071,0.2837228391095743
4072,0.05319800061852764
4073,0.292232672143395
4074,0.03963171762332218
4075,0.009784282142978218
4076,0.03841187830671611
4077,0.007371044143948624
4078,0.008741599774904296
4079,0.015173411732240849
4080,0.024723063838699266
4081,0.03841559759413116
4082,0.06054476806903997
4083,0.021716856266226214
4084,0.271754969164841
4085,0.2592615191772073
4086,0.04307242708311276
4087,0.4303330185935714
4088,0.0007600090327711806
4089,0.014196059402915684
4090,0.2356873557690109
4091,0.027286172967112554
4092,0.021041310774937982
4093,0.008664878858328229
4094,0.044564019629393825
4095,0.3013948353796492
4096,0.33087801172934705
4097,0.0563906106651495
4098,0.041606694810712
4099,0.03213353620849302
4100,0.06192651595017762
4101,0.013931501627028942
4102,0.0004284865026071838
4103,0.21969569797386512
4104,0.2502133797695071
4105,0.29807833125472905
4106,0.03841187830671611
4107,0.003637693130056352
4108,0.13244473324100414
4109,0.03841559759413116
4110,0.3045049812117394
4111,1.1102230246251565e-16
4112,1.1102230246251565e-16
4113,0.07692364717985223
4114,0.07692421814094152
4115,0.06641827643401876
4116,0.2496740335747334
4117,0.02076286602939459
4118,0.009882016392583792
4119,0.015417094468577641
4120,0.02308978309535137
4121,0.2613611489145191
4122,0.2866914754695812
4123,0.05101677535604654
4124,0.048647767147526944
4125,0.5830998025083529
4126,0.5836467577148441
4127,0.11984586442249134
4128,0.02084188125133013
4129,0.024223683088369752
4130,0.06588104976324771
4131,0.011886117296336374
4132,0.3046902846732298
4133,0.09179303696562968
4134,0.08095406831321095
4135,0.4815843189466117
4136,0.05711407866171203
4137,0.06519175032462199
4138,0.4837086392676647
4139,0.004911161035876632
4140,0.038086757670024673
4141,0.4695193667348203
4142,0.30327676062849107
4143,0.04489348519012981
4144,7.117589699512372e-06
4145,0.534909162300737
4146,0.031627202587168
4147,0.11463538451595878
4148,0.28460463668864244
4149,0.2764414211641003
4150,0.09984708853637281
4151,0.29565708570667215
4152,0.26962246723626837
4153,0.13986166228192753
4154,0.6131195418025644
4155,0.6353842279463919
4156,0.2830191007796946
4157,0.6144868264397205
4158,0.021533593475564494
4159,0.01897684742460315
4160,0.02782598842676376
4161,0.630954290383069
4162,0.2612781308367881
4163,0.29250607535768314
4164,0.006013997810097482
4165,0.12620915237801844
4166,0.038886270606593554
4167,0.48883321906937116
4168,0.4771579887385251
4169,0.031627202587168
4170,0.4815843189466117
4171,0.1436214153652493
4172,0.6417313369063153
4173,0.49387134875139005
4174,0.046089390162435295
4175,0.2949915075292897
4176,0.11924895510208866
4177,0.29095553575440725
4178,0.28826695419627346
4179,0.010107075883534211
4180,0.27350259811741995
4181,0.2746366154334068
4182,0.6114964728566917
4183,0.005370988224887463
4184,0.2953721756590054
4185,0.2953721756590054
4186,0.002164990132861977
4187,0.2942368107802079
4188,0.2929353784900175
4189,0.5951158603882167
4190,0.447550905233856
4191,0.028702305912980064
4192,0.44942671103728227
4193,0.026811394980835512
4194,0.27980331087459687
4195,0.25665032902780405
4196,0.12059196249509185
4197,0.4695193667348203
4198,0.48301241823678853
4199,0.2764414211641003
4200,0.27122804278233625
4201,0.15559797219131677
4202,0.1429547730006555
4203,0.30865138450525464
4204,0.2609364753546115
4205,0.05546327646435478
4206,0.28838768553029326
4207,0.005881984889264613
4208,0.07401618445303881
4209,0.02080819926828048
4210,0.29046002230202406
4211,0.4808249375925441
4212,0.46981524781843875
4213,0.6268784476323931
4214,0.6121450954119824
4215,0.25564393272819796
4216,0.47474358646863324
4217,0.2772239305976014
4218,0.09366416969604352
4219,0.28580450170106975
4220,0.3111662054766662
4221,0.15923549088516298
4222,0.6194647958205161
4223,0.2682332769264718
4224,0.0018596787827558359
4225,0.1705678454020496
4226,0.22812392399106762
4227,0.2740213004499855
4228,0.0094875463666384
4229,0.29617428955168223
4230,0.0466187974958826
4231,0.007533977805430081
4232,0.0759036523032599
4233,0.039158482064280076
4234,0.024434828556331167
4235,0.09945523393961753
4236,0.10421410986939428
4237,0.12512771427929859
4238,0.14286607184711775
4239,2.220446049250313e-16
4240,2.220446049250313e-16
4241,2.220446049250313e-16
4242,0.4305010136869074
4243,0.43900002252861814
4244,0.5710376806554096
4245,0.006402124882487592
4246,0.5868443891945345
4247,0.4174607278371878
4248,1.1102230246251565e-16
4249,1.1102230246251565e-16
4250,5.2155590558600196e-06
4251,4.1459154958567446e-05
4252,1.557858878753482e-05
4253,0.07677002076222772
4254,7.259829290306996e-05
4255,1.1102230246251565e-16
4256,2.0877698442278714e-05
4257,4.6787517090307595e-05
4258,1.0395550704367373e-05
4259,0.076961499638586
4260,2.0715728416664803e-05
4261,5.21621198712463e-06
4262,0.00012955985924623104
4263,5.720526288433003e-05
4264,7.807173230756081e-05
4265,7.307194454853061e-05
4266,5.215151057003098e-06
4267,0.0001093180635082236
4268,5.182394369751542e-06
4269,3.6448272091593736e-05
4270,0.00011469205184044817
4271,2.220446049250313e-16
4272,1.0384970870025434e-05
4273,5.192081038107865e-06
4274,7.796663028236672e-05
4275,6.78695234512805e-05
4276,3.638442746489723e-05
4277,7.778388525336855e-05
4278,1.0371184700597169e-05
4279,0.07696138582450907
4280,3.641546929122885e-05
4281,0.0769230769230771
4282,0.00012440325314522216
4283,2.607779527885601e-05
4284,4.7018504393370186e-05
4285,1.1102230246251565e-16
4286,6.777257608758802e-05
4287,0.008437556739898988
4288,4.697482149540466e-05
4289,5.2155590558600196e-06
4290,0.07146240797203818
4291,0.0023907445536842653
4292,8.817244455494588e-05
4293,5.1866143856438285e-06
4294,0.07689437889291773
4295,4.6850598646508423e-05
4296,0.004370744448364827
4297,0.07377079394836228
4298,0.0001474468006680274
4299,0.07691349293600269
4300,5.1924854350904326e-05
4301,2.077932872379673e-05
4302,0.0002226998472173447
4303,1.1102230246251565e-16
4304,0.07685573626190423
4305,0.00015019292021656305
4306,3.6395021161039764e-05
4307,0.004370744448364827
4308,1.0400956888090285e-05
4309,0.07680350179741313
4310,7.7922482714321e-05
4311,0.07691351091302367
4312,8.831214707649693e-05
4313,1.0370270508652801e-05
4314,0.6547830093547033
4315,0.019653475793987796
4316,0.09043735199443248
4317,0.5965901829662401
4318,0.014737040296707526
4319,0.00022810739698098104
4320,0.10921273183730174
4321,0.10911599913545167
4322,0.005331700483356294
4323,0.30135108920652454
4324,0.1000074044069289
4325,0.6461452600768332
4326,0.0067162680566364985
4327,0.3010783811247305
4328,0.3029281600796738
4329,0.6013603319302874
4330,0.29161207538408174
4331,0.305075302889101
4332,0.1310972467540541
4333,0.5482435791211147
4334,0.02393621089052489
4335,0.12210131057244378
4336,0.28930258306929413
4337,0.6126557804256063
4338,0.05749461900592123
4339,0.03330774438584372
4340,0.3696126233851641
4341,1.1102230246251565e-16
4342,0.1938109004546551
4343,0.008256751958914399
4344,0.009152522598343205
4345,0.01379202204803942
4346,0.005192996793905946
4347,0.028933120864426898
4348,0.17066489432803966
4349,0.011259669584338994
4350,0.061224489795918435
4351,0.0078594359746893
4352,0.2947333720809798
4353,0.03727432004789155
4354,0.02012304083838501
4355,0.12107392944151651
4356,0.2473700955761674
4357,0.03098299439246499
4358,0.011366327153140232
4359,0.02902649028324278
4360,0.0319370887497995
4361,0.05532042122172509
4362,0.49267885776715603
4363,0.6486138154184762
4364,0.6852089463413432
4365,0.22592297311812637
4366,0.523147786340912
4367,0.34026583915777475
4368,0.04431038960561062
4369,0.028675700933953108
4370,0.27766258363218665
4371,0.5142395699601616
4372,0.012005073842529801
4373,0.0031371700087220455
4374,0.12572788465278184
4375,0.3266231402995291
4376,0.8187176049605724
4377,0.6212029071688783
4378,0.3266231402995291
4379,0.296796821741639
4380,0.8277675801535566
4381,0.2938560932083222
4382,0.4723190274806609
4383,0.40000395193355476
4384,0.15032525891514958
4385,0.23556339061430565
4386,0.025053317581044565
4387,0.3314329750116751
4388,0.32763502799882616
4389,0.7268621970299318
4390,0.6880020550054484
4391,0.08916595660126503
4392,0.3042070959521711
4393,0.5306482707290873
4394,0.5863647730500354
4395,0.6697854534518877
4396,0.005144571317910018
4397,0.2589394763315088
4398,0.3779084922238176
4399,0.5863511231225481
4400,0.607529972516798
4401,0.5797713723768103
4402,0.28043587353932176
4403,0.7637744974222211
4404,0.16375638085407973
4405,0.44680616318612065
4406,0.2923229360291688
4407,0.42600015786650847
4408,0.3473595882925331
4409,0.3853235314654705
4410,0.006350538657708182
4411,0.3525029371220877
4412,0.31356401572148307
4413,0.3092007453997041
4414,0.33135085440093337
4415,0.22182194535052013
4416,0.3032101337655634
4417,0.16908369920589172
4418,0.2798307990719737
4419,0.48909613568432286
4420,0.28186879706022006
4421,0.286023766079439
4422,0.42363535966394505
4423,0.7696483519634644
4424,0.6771479084101758
4425,0.2543674073563884
4426,0.2853210427875148
4427,0.8134888829438263
4428,0.6670488173791858
4429,0.15796965265692142
4430,0.36060739934953223
4431,0.25156013379707454
4432,0.21063582498386557
4433,0.06245392628074353
4434,0.25004577484325585
4435,0.11828763204691672
4436,0.1171874108617097
4437,0.06347751575117566
4438,0.20163246242723143
4439,0.11146631540908347
4440,0.0010267624238257111
4441,0.0010153692504022427
4442,0.11375876014942421
4443,0.06283282854337591
4444,0.05930925612976967
4445,0.060087463452165646
4446,0.0011360802460587127
4447,0.06168496080018815
4448,0.001997692805492335
4449,0.0016872204153673964
4450,0.20120922478466263
4451,0.11824433485317787
4452,0.30492414856452443
4453,0.16717952982923046
4454,0.11192512096063023
4455,0.11841556514094509
4456,0.05958191000768187
4457,0.24964122775849773
4458,0.2710851618444684
4459,0.42605419619944906
4460,0.4293789234500608
4461,0.2952987580805274
4462,0.5950479085436842
4463,0.45287397312336264
4464,0.2710543799139775
4465,0.07612707713961553
4466,0.615958535716775
4467,0.6242280219235008
4468,0.2925724583558257
4469,0.5386084647153218
4470,0.33638828525926867
4471,0.2768846312920873
4472,0.2924827594721915
4473,0.27284310437598114
4474,0.326680070880085
4475,2.25092147099204e-05
4476,0.10922552827745735
4477,0.29554467488412295
4478,0.2902668423840048
4479,0.6203933009070508
4480,0.04987048080431422
4481,0.12633639799221685
4482,1.1102230246251565e-16
4483,0.14910966534341852
4484,0.3010506925092856
4485,0.5943858863240297
4486,0.5940663946608868
4487,0.017370884889121085
4488,0.37593161885392734
4489,0.4355829478955261
4490,0.43320618264389
4491,0.3929621107744271
4492,0.4313276746847118
4493,0.38350907115447574
4494,0.029077057911853
4495,0.022698221558263842
4496,0.2703809958852632
4497,0.05463105938239976
4498,0.5704214922336106
4499,0.2618456680084459
4500,0.01769932747670777
4501,0.16909714576401014
4502,0.4686458703076676
4503,0.15795089279185748
4504,0.20202389755964634
4505,0.14704735225949306
4506,0.0824736014719486
4507,0.08468253526964653
4508,2.220446049250313e-16
4509,2.220446049250313e-16
4510,0.00018235947717948342
4511,1.1102230246251565e-16
4512,0.23072564019419128
4513,0.44448816955829595
4514,0.16655683035415414
4515,0.47372563431838555
4516,0.06237643414842353
4517,1.1102230246251565e-16
4518,0.550009918104792
4519,1.1102230246251565e-16
4520,0.30897587122168924
4521,0.0009980039920159944
4522,0.0007429585273898143
4523,0.26194258572136264
4524,0.2576589999507879
4525,0.042203477630533115
4526,0.33364419680081836
4527,0.20593296105761472
4528,0.20139210766876603
4529,0.16962976522644357
4530,0.16680072260774848
4531,0.11816600357060114
4532,0.06319165931670312
4533,0.0033007037349473967
4534,0.00048236859614114724
4535,0.06252705657738455
4536,0.6072851448729033
4537,0.022949534414548056
4538,0.01388951365058455
4539,0.018075421953949733
4540,0.0042593637395511585
4541,0.2885682517379575
4542,0.003934842070709377
4543,0.1766990142884105
4544,0.6272139257423204
4545,0.267073391812802
4546,0.5879596996235896
4547,0.282421419042315
4548,0.0078557685357461
4549,0.2710835812695992
4550,0.38429810546468113
4551,0.34501159372034895
4552,0.35158596420016863
4553,0.32374129607014257
4554,0.08317718298191301
4555,0.27409370453660464
4556,0.2806216665197563
4557,0.2632317742938769
4558,0.3071625683252075
4559,0.13872361003342737
4560,0.2680552079951489
4561,0.2969397757740163
4562,0.02149915833554228
4563,0.10141638900396877
4564,0.5819668470062137
4565,0.19247285103931544
4566,0.5050651323928824
4567,0.017099765240083165
4568,0.29979898604950905
4569,0.2665789968867759
4570,0.2762494137490854
4571,0.5882904846412196
4572,0.27918777979857357
4573,0.2759166398112044
4574,0.3412986896375215
4575,0.2284111450595493
4576,0.3203755739874147
4577,0.08915876661030941
4578,0.45773174821788254
4579,0.117021777683195
4580,0.5743066165869348
4581,0.31381944795323047
4582,0.5726945260487163
4583,0.28575772481330763
4584,0.04935482310084349
4585,0.00997887531232533
4586,0.3289024463659602
4587,0.5323501806685585
4588,0.5409693514271823
4589,0.5358751793067353
4590,0.16457180529137128
4591,0.299193082776799
4592,0.29985070564175476
4593,0.2666971593558586
4594,0.18132929835288714
4595,0.06671355715582639
4596,0.18089618684510844
4597,0.01752898931818314
4598,0.04527305574739959
4599,0.3006725674255718
4600,0.3053170050782743
4601,0.3080073784615638
4602,0.2817656527253948
4603,0.2578375285670066
4604,0.24377390172388058
4605,0.6419501967217474
4606,0.20368699922307965
4607,0.27726466559946017
4608,0.11259204021223101
4609,0.2586130616542808
4610,0.6438031433701639
4611,0.6302042339851055
4612,0.28803130062958193
4613,0.29685858261108133
4614,0.28858360542282446
4615,0.2633606188500678
4616,0.30130176142286613
4617,0.2720860007302116
4618,0.2764417987883271
4619,0.24688760850656744
4620,0.21931497164563196
4621,0.009410664966207793
4622,0.24465089784320648
4623,0.28364354061591535
4624,0.4713782027730694
4625,0.10819164897799838
4626,0.2858501424631824
4627,0.24204378268369553
4628,0.5577221544597826
4629,0.3686870363172886
4630,0.25105044420586875
4631,0.27330337362316703
4632,0.5984440613865105
4633,0.5513151165300343
4634,0.03763377951631941
4635,0.0006061015842170336
4636,0.21649270699965573
4637,0.0036825604364680853
4638,0.07134428143524552
4639,0.04360185444502129
4640,0.29793713283916967
4641,0.2718332061308484
4642,0.02772572261033668
4643,0.5526587653568631
4644,0.3120315773690442
4645,0.07316029480120079
4646,0.03993171484902125
4647,0.33940687219686105
4648,0.5044169212418605
4649,0.2941562651849273
4650,0.4743941927078339
4651,0.30777361935374103
4652,0.2016093359266462
4653,0.06319100002770939
4654,0.11142151002914946
4655,0.21011942697220776
4656,0.003179092657540461
4657,0.11277687506959044
4658,0.0037479689065782473
4659,0.11442141783248949
4660,0.5167079361860514
4661,0.5301950615664008
4662,0.5153261959837054
4663,0.5004642499249841
4664,0.5295815314659424
4665,0.4001197604790421
4666,0.36089709524881786
4667,0.3853497999411081
4668,0.49905532300033917
4669,0.46444027869151316
4670,0.3849296038020522
4671,0.43120853214208277
4672,0.428034845570766
4673,0.4667110672039133
4674,0.4642500712859994
4675,0.11171791845348
4676,0.4827270518322373
4677,0.4282157742229986
4678,0.43055719933246317
4679,0.464315426010674
4680,0.46698931057065773
4681,0.44438902589585627
4682,0.2500374251497005
4683,0.42839042591195975
4684,0.38468026870550664
4685,0.42876488805514557
4686,0.4483891599915948
4687,0.38465294908861325
4688,0.48385091866824737
4689,0.4642916519873488
4690,0.40746003026636646
4691,0.46652440492729463
4692,0.46694491003341154
4693,0.42866974404676017
4694,0.4668028283142226
4695,0.44834331375573677
4696,0.3751558646679044
4697,0.48274142182974855
4698,0.46680578835003905
4699,0.46677914802769116
4700,0.44855757582252964
4701,0.4643154167854767
4702,0.42853220275822834
4703,0.5376755032191121
4704,0.11765195099996073
4705,0.4998887968373821
4706,0.47446700994030255
4707,0.44738014520288216
4708,0.4611435665859581
4709,0.3596550152820229
4710,0.19950652959155324
4711,0.44805204510831564
4712,0.4075062546630679
4713,0.4073942516926675
4714,0.38454712610333486
4715,0.4484842063768749
4716,2.220446049250313e-16
4717,0.08310544752392168
4718,0.08358059575500543
4719,0.2567622480921933
4720,0.07822484700082044
4721,0.3125
4722,2.444999730899511e-06
4723,1.1102230246251565e-16
4724,2.4449997311215554e-06
4725,1.1102230246251565e-16
4726,2.4449997311215554e-06
4727,0.1428466639794166
4728,0.25008424846704425
4729,0.22196013183438545
4730,0.18181625345845964
4731,0.21052270242261795
4732,0.09999787880430544
4733,2.444999730899511e-06
4734,0.36363636363636365
4735,0.7449906047539334
4736,0.18181625345845964
4737,0.41667521386306394
4738,0.250010988930484
4739,0.14285923857119798
4740,0.25
4741,3.8393365626498976e-05
4742,0.18181818181818166
4743,0.14294296117139904
4744,0.002001308189181761
4745,0.5880392113767636
4746,1.4651907312090984e-05
4747,1.4651907312090984e-05
4748,0.26747742098720617
4749,0.761043776741762
4750,5.6165644696126726e-05
4751,2.444999730899511e-06
4752,0.14285923857119798
4753,1.1102230246251565e-16
4754,0.2666706296773659
4755,1.1102230246251565e-16
4756,0.0833308564516464
4757,0.2142857142857142
4758,0.06665659253182799
4759,1.1102230246251565e-16
4760,1.1102230246251565e-16
4761,0.25
4762,0.4999963164331287
4763,0.2894658323969317
4764,0.30767955688390636
4765,1.1102230246251565e-16
4766,0.11111111111111094
4767,0.11110592136760133
4768,0.19999532923084107
4769,0.07965722852722634
4770,0.005168653152361591
4771,0.2799649197383667
4772,0.2809849164760718
4773,0.12453242792196606
4774,0.07879668527363803
4775,0.21668690919333788
4776,0.03968723952870601
4777,0.039319679145774944
4778,0.1344554046583497
4779,1.1102230246251565e-16
4780,0.19999999999999996
4781,0.19999999999999996
4782,0.09090909090909105
4783,0.125126861644288
4784,0.11123963342579801
4785,0.06273597920478635
4786,0.4154979243135809
4787,0.25138490926456547
4788,0.36363636363636365
4789,0.08275880250863543
4790,0.36363636363636365
4791,0.016652817111896923
4792,0.1999550745681944
4793,0.3846153846153846
4794,0.38800026124356335
4795,0.11111111111111105
4796,0.36369230411569353
4797,0.08226087579389707
4798,0.12499999999999989
4799,0.11123963342579801
4800,0.22233498812825603
4801,0.22210997437898428
4802,0.3636006887438432
4803,0.36363636363636354
4804,0.15384615384615397
4805,0.11301613833999957
4806,0.12499999999999989
4807,0.11111111111111116
4808,0.36363636363636365
4809,0.19995507456819428
4810,0.35842202210397045
4811,0.11385986906254353
4812,0.41663397410749314
4813,0.12499999999999989
4814,0.19999999999999996
4815,0.41663396468185643
4816,0.36363636363636354
4817,0.22233498812825603
4818,0.016867299862370566
4819,0.0001445458049595949
4820,0.11111111111111105
4821,0.41663396468185643
4822,0.11123963342579801
4823,0.2292433183346313
4824,0.2727272727272726
4825,0.3637286266503912
4826,0.3637280058651027
4827,0.01710581556374391
4828,0.2726864314256312
4829,0.30906986995812213
4830,0.2728054227427399
4831,0.03363618530277257
4832,0.46153846153846156
4833,0.18337457671268576
4834,0.19999999999999996
4835,0.36354452449189634
4836,0.41666666666666663
4837,0.07736777371699366
4838,0.41663397410749314
4839,0.03785531391374242
4840,0.09999999999999998
4841,0.10171203438395415
4842,0.2727272727272727
4843,0.06273597920478657
4844,0.2727272727272727
4845,0.3090092572184264
4846,0.2733264228458544
4847,0.22210997437898428
4848,0.41666899117616196
4849,0.06189017095612914
4850,0.11499545632433195
4851,0.06253889767111875
4852,1.1102230246251565e-16
4853,1.1102230246251565e-16
4854,0.5530461340620478
4855,0.48711286792395614
4856,2.220446049250313e-16
4857,3.3306690738754696e-16
4858,2.220446049250313e-16
4859,0.24820056716084649
4860,0.00028300551860760415
4861,0.7843461906215909
4862,0.8946320956039265
4863,0.714657095741585
4864,0.8137546930033932
4865,0.14182181909281133
4866,0.5789473684210527
4867,0.57888921064142
4868,0.38462246793469923
4869,0.06896208771360224
4870,0.5498489268597624
4871,0.39887476557616164
4872,0.46667280554340573
4873,0.6000000000000001
4874,0.20000000000000018
4875,0.2624979645008957
4876,0.3076682642217128
4877,0.4285714285714287
4878,0.2225349854777262
4879,0.4807692307692306
4880,0.001818642233937462
4881,0.31999572499119855
4882,0.10668028246204075
4883,0.10019414197687193
4884,0.10984609037837467
4885,0.0071203605801528624
4886,0.2225566240325002
4887,0.020299785867237685
4888,0.005888003062906821
4889,0.043211529356738665
4890,1.1102230246251565e-16
4891,2.220446049250313e-16
4892,0.9177794105142555
4893,0.9264642685872424
4894,0.9284220333890123
4895,0.879068412516997
4896,1.1102230246251565e-16
4897,0.16220790189647172
4898,0.3752259877982561
4899,0.4549056260511264
4900,0.4927616857535996
4901,0.3428387169026258
4902,0.04448204222228913
4903,1.1102230246251565e-16
4904,1.1102230246251565e-16
4905,1.1102230246251565e-16
4906,0.06250035056059755
4907,0.07572343476429177
4908,0.21096435056092322
4909,0.21537010153461855
4910,0.08840497380546608
4911,0.08796514966682167
4912,0.07380978180911557
4913,1.1102230246251565e-16
4914,1.1102230246251565e-16
4915,0.35309005453611675
4916,0.20303880444260936
4917,1.1102230246251565e-16
4918,1.1102230246251565e-16
4919,1.1102230246251565e-16
4920,0.04103410059326773
4921,0.38931868140061887
4922,0.1819069778215897
4923,0.04553984675126721
4924,0.15208426420504884
4925,0.024242799279230565
4926,0.027605713277002897
4927,0.12276035606740143
4928,0.22202794463284814
4929,0.2430421973891287
4930,0.0596889472785499
4931,0.20011753251176323
4932,0.043475703871759475
4933,0.20000106739961465
4934,0.0690611426955362
4935,0.2598633807772526
4936,0.16279293618400925
4937,0.04585261817258213
4938,0.2857142857142858
4939,0.2413813388373096
4940,0.016678282676517164
4941,0.21738295078562653
4942,0.18181927540875675
4943,0.12840090892022094
4944,0.13832377335684853
4945,0.20833756666381464
4946,0.23767596253866707
4947,0.07351952314897447
4948,0.18587624358528987
4949,0.00037221767289519203
4950,0.27954970616511654
4951,0.34545454545454535
4952,0.31015498630468563
4953,0.7253494208494209
4954,0.24994667614646293
4955,0.25
4956,0.09764739440906389
4957,0.15608546999313688
4958,0.1249847336235399
4959,0.2499933640063705
4960,0.07379418214821676
4961,0.004615459704116476
4962,0.35309005453611675
4963,0.43900866077053424
4964,0.262177372772724
4965,2.6543269953882564e-05
4966,0.3886696940370731
4967,0.08300454105560928
4968,0.0829300975210302
4969,0.5752407739409843
4970,0.4902889287291812
4971,0.025134201649504417
4972,0.44357660137633925
4973,0.015896936268765316
4974,0.6251415914370423
4975,0.5963754026149319
4976,0.5526762998498869
4977,0.619977768857217
4978,0.6349344460796007
4979,0.5666049142438274
4980,0.6094080532687065
4981,0.6532034267520751
4982,0.5797122144382001
4983,0.8169777996717239
4984,0.625102115979758
4985,0.6038766656773036
4986,0.027777777777777568
4987,0.04391858391313752
4988,0.04381084046924699
4989,0.043725727329380626
4990,0.04383766506680631
4991,0.5876898498771921
4992,0.24777484593275811
4993,0.945325523126318
4994,0.4733087708678877
4995,0.9553213044247526
4996,0.089446245107632
4997,0.08940454879025073
4998,0.028748220957124815
4999,0.08887813278331247
5000,0.06787277155108518
5001,0.14301313613863997
5002,0.08393711917363456
5003,0.08821620374488526
5004,0.08667865204145164
5005,0.08924818760007103
5006,0.4789696963759099
5007,0.5278954640145537
5008,0.10986620418267079
5009,0.0742114531444582
5010,0.13973581959852832
5011,0.012147469423881452
5012,0.21045018185664044
5013,0.2021453481467086
5014,0.2977298862671732
5015,0.3580101862195544
5016,0.12093710317476336
5017,0.039306179367736616
5018,0.3033554185296864
5019,0.05939226852987778
5020,0.8355650207245122
5021,0.6914669024014453
5022,0.4540442286174523
5023,0.26690736943147586
5024,0.7013941286871062
5025,0.6238168146714982
5026,0.3120355391184293
5027,0.2650009266482747
5028,0.18563318106669213
5029,1.1102230246251565e-16
5030,0.1704447038351723
5031,0.03999928580037193
5032,0.1428574618147893
5033,0.6315793586557594
5034,0.27586206896551724
5035,0.005390028209947384
5036,0.34375
5037,0.03703703703703676
5038,0.07600177760874649
5039,0.06999467745630061
5040,0.049230318473261536
5041,0.1428571428571429
5042,0.7567567567567567
5043,0.12499660847455007
5044,0.006715562477022763
5045,0.5656380720678228
5046,0.8181816152841965
5047,0.845905777436788
5048,0.5310860941525428
5049,0.16666666666666685
5050,0.6666666666666667
5051,0.025640184371700125
5052,0.7948717948717948
5053,0.9161853984607108
5054,0.6767290804175125
5055,0.927333971645114
5056,0.7503718343604113
5057,0.9247786385151135
5058,0.7641933623776413
5059,0.9133487127433791
5060,0.05531478938943357
5061,0.10839534336356871
5062,0.902349078924899
5063,0.7464914515486496
5064,0.12044790612399658
5065,0.10674515569603926
5066,0.11764672882232063
5067,0.6405401728251763
5068,0.09961536704429941
5069,0.017375947131544445
5070,0.01751837292770475
5071,0.0172620064946164
5072,0.002933971400900126
5073,0.02737423802199046
5074,0.013217113883666753
5075,0.13815578760278224
5076,0.5711224492347169
5077,0.49957942669913835
5078,0.5640922883151085
5079,0.4483263678174081
5080,0.45311635274135986
5081,0.5352378771397495
5082,0.5291897373823293
5083,0.45311635274136
5084,0.5352460558277241
5085,0.6497645567563755
5086,0.6289903330917428
5087,0.5706385344414658
5088,0.47770714183684526
5089,0.5861337050351991
5090,0.2904570393650454
5091,0.32432302356600806
5092,0.0275111055669387
5093,0.10793325520397345
5094,0.16666697821783738
5095,0.08433312021178796
5096,0.45238095238095244
5097,0.20000000000000018
5098,0.10641132699051237
5099,0.09919463251873906
5100,0.08390231987787189
5101,0.11101816954027299
5102,0.30455159895756423
5103,0.07627122958379451
5104,0.07657318825690662
5105,0.07879113173450913
5106,0.25
5107,0.510633571819888
5108,0.08102138283712634
5109,0.07974198331870164
5110,0.18134138808793743
5111,0.019915670730026758
5112,0.0937194512959153
5113,0.17932366297183722
5114,0.13496458710066306
5115,0.013820840220087782
5116,0.4635477072235942
5117,0.17088329438836702
5118,0.6230046718863106
5119,0.5774456570868617
5120,0.7715172573652769
5121,0.1277871708736149
5122,0.033298261002931206
5123,0.2739532718422144
5124,0.21197231708203157
5125,0.009534807343920648
5126,0.09398527016732161
5127,0.07270852609244538
5128,0.0723677827179614
5129,0.051488722842970014
5130,0.5004196743327178
5131,0.11014572304680592
5132,0.09315635189924065
5133,0.5034500645379205
5134,0.09237751544751183
5135,0.0023851144000315294
5136,0.003883138576065037
5137,0.09532335356831334
5138,0.5001249186385182
5139,0.03016265323430567
5140,0.08347891773438576
5141,0.19540365556925376
5142,0.19727920416721878
5143,0.739382214941686
5144,0.0712338413220377
5145,0.1176298116857959
5146,0.10009129064592182
5147,6.79404788108684e-05
5148,0.07150157515064992
5149,0.052769894530926065
5150,0.00013805993509974357
5151,0.0003835202363694501
5152,0.05890810577176031
5153,0.052636674239233905
5154,0.05890942186581438
5155,0.052782144818736554
5156,0.0002840623027270395
5157,0.05259328918247974
5158,0.1414110554126291
5159,0.16086370941680783
5160,0.015880210705113473
5161,0.07165395149245224
5162,0.04019695067341078
5163,0.035376950339849667
5164,0.006730606539759099
5165,0.0696069218993407
5166,0.31725826975116755
5167,0.007453457523365237
5168,0.7390469582638577
5169,0.1997630856896404
5170,0.19358699167359805
5171,0.3126131804909328
5172,0.05518081755962245
5173,0.046525602477173855
5174,0.00033264603743510257
5175,0.0007854070642628885
5176,0.019865118192713527
5177,0.0009166533996554094
5178,0.019956129895902452
5179,0.49993618891188507
5180,0.3339922399849167
5181,0.6018527737113849
5182,0.0008739400952377796
5183,0.023054807024305624
5184,0.0005777945179414878
5185,0.0006746113412884336
5186,0.0007768644033792071
5187,0.01996802821489696
5188,0.01009565144241098
5189,0.17292191067806217
5190,0.17369450247103446
5191,0.009612838828607195
5192,0.008300922677351275
5193,0.17330474344915203
5194,0.10850828729281758
5195,0.18181899728531004
5196,0.25310139202070736
5197,0.12513612362214965
5198,0.12477962428837519
5199,0.2900025183747571
5200,0.27940721213906416
5201,0.029733811080560058
5202,0.1444657642249697
5203,0.45487214960791367
5204,0.38545792720923366
5205,0.6777771231724088
5206,0.07693286729037141
5207,0.008350580447920253
5208,0.009210541643530301
5209,0.007951664071509823
5210,0.012555122813693642
5211,0.013025486899311822
5212,0.023445781611627692
5213,0.04235268847931839
5214,0.061052394792967424
5215,0.007724958558311457
5216,0.6804310236766236
5217,0.21443922586189168
5218,0.3420452022983207
5219,0.6502342039094817
5220,0.08898040269715835
5221,6.789846997978799e-07
5222,0.5009174227832502
5223,0.04649292337242905
5224,0.7909276282151405
5225,0.1806059240634622
5226,0.02738189626661891
5227,0.46779354108598814
5228,0.019963957871335425
5229,0.18027814519052698
5230,0.02763244423036304
5231,0.16175333313414275
5232,0.4985009699701922
5233,0.22663073304823744
5234,0.06526687452794111
5235,0.22933245869619545
5236,0.013567076548900547
5237,0.16681995405649763
5238,0.2269249993725485
5239,0.13244903606358271
5240,0.19832702610462571
5241,0.3329191508012169
5242,0.030114435803774153
5243,0.1693279581965471
5244,0.2045351628601917
5245,0.048302993467911226
5246,0.003822408147492462
5247,0.13813781383960289
5248,0.5368328290215137
5249,0.12264703358124351
5250,0.6925957551085178
5251,0.3609026228227501
5252,0.5227138640568652
5253,0.3534573546971864
5254,0.16501206274964886
5255,0.2527980505929044
5256,0.05968852913856948
5257,0.2524795830970964
5258,0.3921134568022112
5259,0.24090534220059778
5260,0.12156314487755149
5261,0.06730766392709009
5262,0.033864848487275556
5263,0.864355583832366
5264,0.6581606303675815
5265,0.4768391483255965
5266,0.1470071775709776
5267,0.16202664697025648
5268,0.19384708917187754
5269,0.3333545794160867
5270,0.1365165438617465
5271,0.1364563560758546
5272,0.07107657082471053
5273,0.13428206038725488
5274,0.042996730711952424
5275,0.07107438921735099
5276,0.28292635256775145
5277,0.7878498965731432
5278,0.49772199007153384
5279,0.6243758832014714
5280,0.5366615193426914
5281,0.702005546725581
5282,0.6673172197322547
5283,0.09548383769530189
5284,0.11764653866288322
5285,0.031444444738595756
5286,0.08339425784966159
5287,0.30169057227464824
5288,0.16251142460857615
5289,0.09090909090909072
5290,0.1364270621115521
5291,0.06784282776093642
5292,0.04837660373979569
5293,0.21053970308190018
5294,0.07524581949047915
5295,0.10972695118233011
5296,0.03847761009176742
5297,0.20428730458447109
5298,0.06289236960456013
5299,0.17707589318840167
5300,0.10906842352558377
5301,0.012209612886870391
5302,0.3377123411856038
5303,0.0976554346023304
5304,0.1000179161886775
5305,0.07653399840895792
5306,0.09208327208152811
5307,0.06676450036995729
5308,0.10811476996795355
5309,0.38369649033341435
5310,0.06514083253905212
5311,0.44939786530740666
5312,0.043437682613170825
5313,0.1865042227823731
5314,0.38372963206988986
5315,0.2045665667766623
5316,0.2709279879308145
5317,0.0022747923182051544
5318,0.0012099037884505393
5319,0.6477828100825707
5320,0.7044485245602953
5321,0.7044465150176472
5322,0.4962979370249727
5323,0.5396499022801302
5324,0.486072105419011
5325,0.5806168788865855
5326,0.3457394136807813
5327,0.4806970684039089
5328,0.47573941368078176
5329,0.5214075909927773
5330,0.3495575954989637
5331,0.03437994853523341
5332,0.9269392365020015
5333,0.44253983764281435
5334,0.1383289017454704
5335,0.20263993322062457
5336,0.14415005182561225
5337,0.11443107760181304
5338,0.45809349288347245
5339,0.12978431700019522
5340,1.1102230246251565e-16
5341,1.1102230246251565e-16
5342,0.17880794701986769
5343,0.16666666666666674
5344,0.375
5345,2.220446049250313e-16
5346,1.1102230246251565e-16
5347,2.220446049250313e-16
5348,0.16666484356712052
5349,0.1437978238286407
5350,1.1102230246251565e-16
5351,0.10714285714285698
5352,1.1102230246251565e-16
5353,2.220446049250313e-16
5354,2.220446049250313e-16
5355,1.1102230246251565e-16
5356,1.1102230246251565e-16
5357,1.1102230246251565e-16
5358,0.5454549533688664
5359,2.220446049250313e-16
5360,0.14043181818181827
5361,0.14043181818181827
5362,0.16666741417417752
5363,0.09090909090909072
5364,0.868421052631579
5365,0.23076440072069826
5366,1.1102230246251565e-16
5367,1.1102230246251565e-16
5368,0.09090990637182994
5369,2.220446049250313e-16
5370,0.509356851588461
5371,1.1102230246251565e-16
5372,0.06740398530622083
5373,1.1102230246251565e-16
5374,1.1102230246251565e-16
5375,1.1102230246251565e-16
5376,2.220446049250313e-16
5377,1.1102230246251565e-16
5378,0.3267643821269032
5379,9.822138865667185e-05
5380,1.1102230246251565e-16
5381,0.281251548786265
5382,0.06638305988781623
5383,0.0033711481463062354
5384,0.5482973102983668
5385,0.22861895908298902
5386,1.1102230246251565e-16
5387,1.1102230246251565e-16
5388,0.0714285714285714
5389,0.10526315789473673
5390,0.31577094533710004
5391,0.2222513548401418
5392,0.10531890126537446
5393,2.220446049250313e-16
5394,0.2222513548401418
5395,0.1001138860019789
5396,0.04264109721630793
5397,5.091381520072602e-05
5398,0.18181818181818177
5399,0.04764742408460865
5400,0.055552239330044384
5401,0.030301819069047053
5402,0.10523900243412732
5403,2.6994812842962013e-05
5404,0.3157894736842105
5405,0.0714285714285714
5406,2.0809012800659943e-06
5407,6.444089211143922e-05
5408,3.7417292193642204e-05
5409,0.15013430713320108
5410,0.05636139835476206
5411,5.2579921480777614e-05
5412,0.1428571428571428
5413,4.165868208505508e-06
5414,0.133335138659462
5415,0.05882313754194668
5416,0.0475344459243181
5417,0.04663530698265983
5418,0.125
5419,0.14996822918180808
5420,0.13125573555542702
5421,0.30434782608695643
5422,0.06664333780469833
5423,0.08711326366850503
5424,0.3231849687183391
5425,0.0844914202870547
5426,0.05263157894736836
5427,0.052608021944656747
5428,5.091381520072602e-05
5429,0.2222723950641946
5430,0.05263157894736814
5431,0.0001268030457677316
5432,0.0026299619024210408
5433,0.22222546234193985
5434,0.055581050656573816
5435,0.014911411778421146
5436,1.2496042918197503e-06
5437,0.09999999999999998
5438,0.09082833474593976
5439,0.06666666666666676
5440,0.1904223411395075
5441,0.1428571428571429
5442,0.21093792961175883
5443,0.019949437314559892
5444,0.4332956387976552
5445,0.3748861646234676
5446,1.1102230246251565e-16
5447,0.11762316325817845
5448,1.1102230246251565e-16
5449,0.07136667440379496
5450,0.06249999999999989
5451,2.220446049250313e-16
5452,0.11764705882352933
5453,0.07039953339165939
5454,0.2499519688634284
5455,0.26311232251246175
5456,1.1660549736336456e-05
5457,0.015150695045172746
5458,0.055603640825467426
5459,0.33264114695697056
5460,0.19054298873291486
5461,0.0625
5462,0.35
5463,0.35
5464,0.0009660247055679472
5465,0.11764705882352922
5466,0.21052631578947356
5467,0.06241424651269145
5468,0.30000000000000004
5469,0.0017837391808142034
5470,0.11762318966178864
5471,0.16666666666666674
5472,0.33331399079986224
5473,0.15008946426691938
5474,0.0009002528107207031
5475,0.4347896287216262
5476,0.06255846828680123
5477,0.11775906027477434
5478,0.00010533892800090872
5479,0.0625
5480,0.06255859008811937
5481,0.16659044134461476
5482,0.2500483809547591
5483,0.13330805871488294
5484,0.21052631578947356
5485,0.07136667440379496
5486,0.1249439057326791
5487,0.029647971915298665
5488,0.15789473684210542
5489,0.2632021789582104
5490,0.34995285531035714
5491,0.24993337616540057
5492,0.30000000000000004
5493,0.0456640816360685
5494,0.22217091127329058
5495,0.31573984769511265
5496,0.23529411764705888
5497,0.2777583012200622
5498,0.05882352941176472
5499,0.34999999999999987
5500,0.31581071841170505
5501,0.2777777777777778
5502,0.2777777777777779
5503,0.04761904761904756
5504,0.34778274954224875
5505,0.28571725514929713
5506,0.0999663581445478
5507,0.35000269658073546
5508,0.11770208779934221
5509,0.13334231262294716
5510,0.3000420700102999
5511,0.01538461538461533
5512,0.1578667001938252
5513,0.3157894736842104
5514,0.06255846828680123
5515,0.11764705882352955
5516,0.24995016197358588
5517,0.31581218173251047
5518,2.6996550671509745e-05
5519,0.36840403814778133
5520,0.1666666666666664
5521,0.2777792837847761
5522,0.11764705882352955
5523,0.002661563580821258
5524,0.05797062226798122
5525,0.1666441455487876
5526,0.368421052631579
5527,0.3635956519969059
5528,0.00260889411682097
5529,0.20002318634158867
5530,0.16666666666666674
5531,0.0009831633280080743
5532,0.15911242970864636
5533,0.38095238095238104
5534,0.049222279389801726
5535,0.05797023004320834
5536,0.34995285531035714
5537,0.2856964691042164
5538,0.0017310697168140265
5539,0.04391865066681799
5540,0.38091128747063696
5541,0.5833333333333333
5542,0.22222222222222232
5543,0.030022432806303345
5544,0.05648409869867432
5545,0.17647058823529416
5546,0.11764705882352955
5547,0.015151515151515249
5548,0.16628510221820691
5549,0.11764705882352922
5550,0.0525447210998502
5551,0.09817664652247982
5552,0.11949106044646274
5553,0.6129409504004112
5554,0.4952581295171471
5555,0.025563520344419666
5556,0.017687690917994936
5557,0.011092956280739252
5558,0.03244103249618191
5559,0.0028967990059625137
5560,0.1854822609214004
5561,0.222797023077552
5562,0.1600913572245959
5563,0.23055316142713955
5564,0.06451168010144204
5565,1.1102230246251565e-16
5566,1.1102230246251565e-16
5567,0.10074922795404517
5568,0.18870708332779496
5569,0.09981583140967976
5570,0.19351348477396868
5571,0.10398657799399524
5572,0.10333674495677869
5573,0.10171806993680343
5574,0.09887061971918354
5575,0.4008467577451279
5576,0.13828352235027808
5577,0.19021219039167536
5578,0.6144645542669989
5579,0.4612760880664353
5580,0.6454585493799683
5581,0.8207784533516544
5582,0.8207708895855609
5583,0.82073181012741
5584,0.6407564081250607
5585,0.49597039445121704
5586,1.1102230246251565e-16
5587,0.07547261500355751
5588,0.14697547732057925
5589,0.16071563305583236
5590,0.49998797108248216
5591,0.4000178007449342
5592,0.39919034882875304
5593,0.49975354929418137
5594,0.4999972992753954
5595,0.07175538399355896
5596,0.004018848398991248
5597,2.220446049250313e-16
5598,0.6242141601581538
5599,0.7204034727769278
5600,0.6475541949473684
5601,0.7158440079954682
5602,0.6425339293394339
5603,0.6047026420796395
5604,0.6637768696967312
5605,0.20000425932926202
5606,1.1102230246251565e-16
5607,2.220446049250313e-16
5608,1.1102230246251565e-16
5609,0.2857799680884713
5610,0.4444483858685756
5611,0.26699920562787594
5612,0.3058891638075173
5613,0.5831171146365055
5614,0.7023351531317792
5615,0.44449545640400223
5616,2.220446049250313e-16
5617,0.15385906681686534
5618,0.09992278171110924
5619,0.09253887471600308
5620,0.2091471719278547
5621,0.15458215389268637
5622,0.27376292147542225
5623,0.32758827344798613
5624,0.18073759496640407
5625,0.2672640604233336
5626,0.21033773642071796
5627,0.2790585005450361
5628,0.10870688731633282
5629,0.30691249001114673
5630,0.307591229683866
5631,0.43106611501658554
5632,0.2564811032326345
5633,0.1495152867267835
5634,0.06103933699463959
5635,0.1390584674910792
5636,0.4376408497576484
5637,0.41982820049018443
5638,0.20312598473118304
5639,0.036596939790752514
5640,0.28336395211174514
5641,0.058694294646992384
5642,0.13423727152884124
5643,0.14422270468133702
5644,2.220446049250313e-16
5645,2.220446049250313e-16
5646,2.9671565749067597e-05
5647,0.12526008341180073
5648,0.0010011076084177617
5649,0.00013268512228237217
5650,1.1102230246251565e-16
5651,1.1102230246251565e-16
5652,1.1102230246251565e-16
5653,2.220446049250313e-16
5654,0.25807166946974225
5655,0.1208822618932468
5656,0.11779639937075204
5657,0.44532159366864044
5658,0.5704344088318443
5659,0.5544145321590206
5660,0.05526976619450452
5661,0.6269627954083934
5662,0.36711804816293425
5663,0.18093973311110645
5664,0.25632468931012675
5665,0.5479005588456798
5666,0.5722609986835019
5667,0.3199378183309035
5668,1.1102230246251565e-16
5669,1.1102230246251565e-16
5670,2.220446049250313e-16
5671,1.1102230246251565e-16
5672,1.1102230246251565e-16
5673,1.1102230246251565e-16
5674,1.1102230246251565e-16
5675,0.00035896715884742303
5676,0.13016746579054006
5677,0.19942261753494284
5678,0.20861636977091225
5679,0.13090132611208016
5680,1.1102230246251565e-16
5681,0.0005273722844483242
5682,0.06717359864193362
5683,0.07692414668711434
5684,0.053798775467510884
5685,0.05224804780063608
5686,0.4115365595701723
5687,0.3788137793530947
5688,0.4115451901513971
5689,0.37831402760217425
5690,0.4673903151345672
5691,0.4679703841311714
5692,1.1102230246251565e-16
5693,1.1102230246251565e-16
5694,2.220446049250313e-16
5695,1.1102230246251565e-16
5696,0.3529411764705882
5697,0.06689297206662592
5698,0.06654499867371522
5699,0.1036982540643846
5700,0.470400434804235
5701,0.00039408435594556757
5702,0.07155309113826247
5703,0.06751218881344956
5704,0.4718171716689711
5705,0.000347560508368705
5706,0.03666851434226559
5707,0.06575963718820854
5708,0.06672664719247001
5709,0.066663038548753
5710,0.0441925498484258
5711,0.1852641637147051
5712,0.07139045315009429
5713,0.06666666666666676
5714,0.18564459550478674
5715,0.2057122129190082
5716,0.03662508131038145
5717,0.03687251797687141
5718,0.029356103231715447
5719,0.06582114451988363
5720,0.06581950113378698
5721,0.4584333938143351
5722,0.03737304260287022
5723,1.9398642093770846e-06
5724,0.06666485260770971
5725,0.10445646554568111
5726,0.12499828923469147
5727,0.494062605543962
5728,0.06662312925170066
5729,0.06666849136169817
5730,0.12578928225024244
5731,0.06666849136169817
5732,0.12499829931972795
5733,2.0590423531308133e-05
5734,0.3318947275305708
5735,0.06842427783187288
5736,0.06666484017907415
5737,0.12499828923469147
5738,0.2207031636084562
5739,0.12500171065159216
5740,0.0666703160567298
5741,0.2410427364238925
5742,0.18919253047465823
5743,0.015446873498480507
5744,0.10912009881913154
5745,0.06666666666666665
5746,0.033381875002261974
5747,0.4906918745808916
5748,0.4815373470251395
5749,0.03732922288789153
5750,0.1856490449994077
5751,0.3635942668409735
5752,0.2838340006619
5753,0.2586696577303147
5754,0.49940965144894445
5755,0.3255299035368755
5756,0.3333169511031383
5757,0.4909943083185663
5758,0.23550942470885772
5759,0.033473710592127226
5760,0.15374277936083514
5761,0.43713443673306007
5762,0.04971456582019795
5763,0.474192966489813
5764,0.017580216474665455
5765,0.5315648678620679
5766,0.1824655357527617
5767,0.533393158966162
5768,0.03199515759530103
5769,0.2558572245064543
5770,0.4887853171444825
5771,0.22222009929245756
5772,1.2354254118940311e-05
5773,0.2124518056944763
5774,0.26315359828141793
5775,0.2229795520934762
5776,0.47213635403065035
5777,0.142820643291115
5778,0.3913043478260869
5779,0.2610285024033455
5780,0.1640781066724989
5781,0.11697933538834493
5782,0.12048844949119686
5783,0.04686675977642496
5784,0.03297648646985818
5785,0.2972554142173788
5786,0.07658694201386784
5787,0.12499830261881673
5788,0.01733606277570232
5789,0.33333241544656567
5790,0.20667960483193415
5791,0.0472769438634546
5792,0.15183827889670598
5793,0.0666067406402876
5794,0.5000640794039254
5795,0.2631564527729533
5796,0.10717168030476532
5797,0.2565419843240032
5798,0.27740859700676557
5799,0.26616355629367616
5800,0.11812787659665624
5801,0.22222222222222232
5802,0.5005189873417721
5803,0.33329052902877676
5804,0.3340253164556962
5805,0.3717589464041686
5806,1.1102230246251565e-16
5807,1.1102230246251565e-16
5808,0.23076978843499352
5809,1.1102230246251565e-16
5810,1.1102230246251565e-16
5811,0.15787710105592068
5812,0.14288823476128765
5813,2.220446049250313e-16
5814,0.25000290352739885
5815,3.8722843183069955e-06
5816,1.1102230246251565e-16
5817,0.07692414803394931
5818,0.13333333333333353
5819,0.3889148938312008
5820,0.45004505113303617
5821,0.1443477443092802
5822,0.009366035051353028
5823,0.0002537919503164954
5824,0.3913043478260869
5825,0.5596182007817192
5826,0.17407428538825798
5827,0.12239451988360817
5828,0.5396693602306686
5829,0.46150388883093507
5830,0.10822878386422996
5831,0.17647380828534964
5832,0.125
5833,0.395900054308431
5834,0.37650503931893453
5835,0.07811186716596985
5836,0.183305914550963
5837,0.23495090365732185
5838,0.0631881102258236
5839,0.11761433388055365
5840,0.46157320092463905
5841,0.07558045349159648
5842,0.2999060250949964
5843,0.0675103782735208
5844,0.12420283635809126
5845,0.00015878961597348695
5846,0.19407272896165761
5847,0.4622468794112976
5848,0.017260014902254928
5849,0.26315789473684215
5850,0.5074244643517587
5851,0.591120483219647
5852,0.015464217750319142
5853,0.259378882199085
5854,0.12420408163265317
5855,0.19724444148964249
5856,0.10467323790505445
5857,0.22217077058341184
5858,0.5239653282817813
5859,0.33337617656605023
5860,0.2631564527729533
5861,0.30000000000000004
5862,0.2901131339713915
5863,0.076783687138399
5864,0.05031332526325227
5865,0.5387756678752158
5866,0.3339824732229796
5867,0.5665616617749059
5868,0.3514241627120227
5869,0.09247578119062361
5870,0.1684879583571809
5871,0.09407962417076543
5872,0.5914635365244443
5873,0.17647218577052537
5874,0.3000438384474927
5875,0.06666849136169817
5876,0.30004246583652816
5877,0.4628267752936277
5878,0.3333748405377517
5879,0.4815146747135107
5880,0.22857142857142843
5881,0.10514190216805785
5882,0.6902254481371568
5883,0.43999999999999995
5884,0.552219081649176
5885,0.2214678760393045
5886,0.06944317954574486
5887,0.13604366688105995
5888,0.41910801469736114
5889,0.33333203757693564
5890,0.03316934120857451
5891,0.22222070014922846
5892,0.22222070014922846
5893,0.32123424800427425
5894,1.1102230246251565e-16
5895,0.214155542501561
5896,0.058821837170305535
5897,1.1102230246251565e-16
5898,2.220446049250313e-16
5899,0.00038442785883063824
5900,0.08915364517673352
5901,0.4707677260812132
5902,0.5924801346388338
5903,0.49936678803229384
5904,0.5013730361544649
5905,0.44995138143483393
5906,1.1102230246251565e-16
5907,2.220446049250313e-16
5908,1.1102230246251565e-16
5909,0.8048031865831285
5910,1.1102230246251565e-16
5911,2.220446049250313e-16
5912,1.1102230246251565e-16
5913,0.14762755003648553
5914,0.15687632919980754
5915,0.15491710125553082
5916,0.07788250202498692
5917,0.07744997032410572
5918,0.1031567551688436
5919,0.17630161862692373
5920,0.17780930671101247
5921,0.17781118194494794
5922,0.1757821788268087
5923,0.1768604383396829
5924,0.7250646848826443
5925,0.7087766872758053
5926,0.7089006888920298
5927,0.7394468167327737
5928,0.754593429116801
5929,1.1102230246251565e-16
5930,0.7893561336814785
5931,0.8199138761964234
5932,0.7525428081427027
5933,0.7087422715729974
5934,0.7461491967668668
5935,0.7894536290019881
5936,0.7250862713221917
5937,0.7524371834609167
5938,0.7392296203246945
5939,0.7697738191213547
5940,0.769768002727058
5941,0.07850879422443824
5942,1.1102230246251565e-16
5943,2.220446049250313e-16
5944,1.1102230246251565e-16
5945,2.220446049250313e-16
5946,2.220446049250313e-16
5947,0.1666591625393966
5948,1.1102230246251565e-16
5949,0.5638930788014884
5950,2.220446049250313e-16
5951,2.220446049250313e-16
5952,2.220446049250313e-16
5953,1.1102230246251565e-16
5954,0.00035190357841952125
5955,2.220446049250313e-16
5956,0.5453303096243586
5957,1.1102230246251565e-16
5958,0.21899326247580864
5959,2.220446049250313e-16
5960,0.4199916692720542
5961,0.005814016986978143
5962,0.0001764991395664106
5963,0.5158850226928895
5964,0.5380750143899441
5965,1.1102230246251565e-16
5966,0.3262406821290036
5967,1.1102230246251565e-16
5968,2.220446049250313e-16
5969,0.16133368202546738
5970,1.1102230246251565e-16
5971,1.1102230246251565e-16
5972,1.1102230246251565e-16
5973,0.4333332057572824
5974,0.11111111111111105
5975,1.1102230246251565e-16
5976,9.816175748800227e-06
5977,0.9664038684603085
5978,0.20000000000000007
5979,2.220446049250313e-16
5980,2.220446049250313e-16
5981,1.1102230246251565e-16
5982,2.220446049250313e-16
5983,0.31578671183076024
5984,1.1102230246251565e-16
5985,0.7260200148423949
5986,0.7611097081979511
5987,0.731927233649782
5988,0.8399090555754127
5989,0.7755320720213251
5990,1.1102230246251565e-16
5991,1.1102230246251565e-16
5992,1.1102230246251565e-16
5993,0.2857149264350094
5994,0.4444444444444443
5995,0.4736846826363226
5996,0.16666741417417752
5997,0.16666741417417752
5998,0.22375303649477296
5999,0.663183495146685
6000,0.23295431152861645
6001,0.5643549629234879
6002,0.31475162162523873
6003,0.6350458757940427
6004,0.0004324363609936599
6005,0.40914338629763614
6006,0.6085841235571845
6007,0.7140011056443707
6008,0.15598644380411153
6009,0.17103802322009787
6010,0.6394525578007513
6011,1.1102230246251565e-16
6012,2.220446049250313e-16
6013,0.3978640484252818
6014,0.3916048528141636
6015,0.6830466404796607
6016,0.39607831191996457
6017,2.220446049250313e-16
6018,1.1102230246251565e-16
6019,0.5286476563836904
6020,0.3401067189371666
6021,0.7021333845858158
6022,0.7062283298097252
6023,0.7744023418442023
6024,0.5046936375135926
6025,0.4340253297666583
6026,0.5344141340431336
6027,0.7716199187940449
6028,0.5385200845665962
6029,0.06801563287947554
6030,0.013361522198731324
6031,0.20014076143136783
6032,0.2853525185287714
6033,0.16637203992192362
6034,0.2222222222222222
6035,0.0546477210199765
6036,0.16991649461625857
6037,0.23564383664169553
6038,0.21427907927248457
6039,0.2879275543981321
6040,0.18661853654089144
6041,1.1102230246251565e-16
6042,0.36238082578889774
6043,0.41357475393296617
6044,2.220446049250313e-16
6045,1.1102230246251565e-16
6046,1.1102230246251565e-16
6047,0.8185531411252359
6048,0.8183663619455269
6049,0.8181511003883349
6050,0.8184054861644876
6051,0.818287852331244
6052,0.8152731848319683
6053,0.8312097064340557
6054,0.8133713667620801
6055,0.8133018463943329
6056,1.1102230246251565e-16
6057,1.1102230246251565e-16
6058,1.1102230246251565e-16
6059,0.06660128828181833
6060,0.002384090111448134
6061,0.40493181199362827
6062,0.4942789127990155
6063,0.44288865877268
6064,0.17791308387320237
6065,0.03814816682091704
6066,0.10727307827055022
6067,0.07421078541800796
6068,0.03835852402719042
6069,1.1102230246251565e-16
6070,0.0783382525909323
6071,0.395368252931141
6072,0.4999538040358229
6073,0.545454953185915
6074,0.5238095238095236
6075,0.6296289651785085
6076,0.6153846153846152
6077,0.5652166112965104
6078,0.40000107592825707
6079,0.5238090966623746
6080,0.583333707087089
6081,0.03642509932322657
6082,1.1102230246251565e-16
6083,2.220446049250313e-16
6084,2.220446049250313e-16
6085,0.2761121393364374
6086,1.1102230246251565e-16
6087,0.08802160120662683
6088,0.44077235832382644
6089,0.47797071185073015
6090,0.05700265988470665
6091,0.046873041354462575
6092,0.058590579596166203
6093,0.3688340203186544
6094,0.12975124582209474
6095,0.029119051444707833
6096,0.41354202070819723
6097,0.12137189823510852
6098,0.3026997906902925
6099,0.2463085404710652
6100,0.19263287593834388
6101,0.13763481313466264
6102,0.40668568981839026
6103,0.12912126524784906
6104,0.278394860067516
6105,0.3921147027634667
6106,0.35687219218684907
6107,0.3568934502604403
6108,0.39162077573264753
6109,0.4073682635628988
6110,1.1102230246251565e-16
6111,1.1102230246251565e-16
6112,0.09498882825230337
6113,0.3039932440463905
6114,2.220446049250313e-16
6115,0.04188481675392686
6116,0.4955582131153716
6117,0.005327949300356294
6118,1.1102230246251565e-16
6119,0.010682277034172794
6120,0.3512634918345434
6121,0.22544227472868494
6122,0.2984955782863702
6123,0.5112617226516653
6124,0.321104571997194
6125,0.0932623225849244
6126,0.07406573615488521
6127,0.8704786913528564
6128,0.8611728024225884
6129,1.1102230246251565e-16
6130,2.220446049250313e-16
6131,1.1102230246251565e-16
6132,0.5554806844158062
6133,0.0026062969856834872
6134,0.001988960873511192
6135,4.123188963756075e-05
6136,0.00665993662544484
6137,8.412551526881806e-05
6138,1.1102230246251565e-16
6139,2.220446049250313e-16
6140,1.1102230246251565e-16
6141,2.220446049250313e-16
6142,1.1102230246251565e-16
6143,2.220446049250313e-16
6144,0.06235324469596548
6145,1.1102230246251565e-16
6146,0.6828042967311443
6147,0.2779226549303191
6148,0.21737620733940344
6149,0.16916960005206227
6150,0.481159116542188
6151,2.220446049250313e-16
6152,0.22442732332768978
6153,0.13057530791526772
6154,0.11282083483720118
6155,0.1696112878157493
6156,0.19197383488721897
6157,0.00910513107376254
6158,0.8192416704324397
6159,0.1922277142940385
6160,0.15330208935669476
6161,0.3564463462694769
6162,0.6917163865026118
6163,0.7634709566742053
6164,0.7031361319480549
6165,0.6531878640186257
6166,0.6797058896343426
6167,0.8773382502825233
6168,0.6461562764882647
6169,0.9095507770178614
6170,0.2498261469190024
6171,0.34372315503896345
6172,0.3346747881508948
6173,0.43764134693770207
6174,0.26161693089778304
6175,0.24997034270971208
6176,0.3553737052728576
6177,0.4238659052906568
6178,0.2056507723315676
6179,0.28376467607228717
6180,0.1699936133208939
6181,0.21751974326383317
6182,0.18398104320206676
6183,0.12419873331535636
6184,0.332470727846352
6185,0.26002720757885445
6186,0.15019063880262573
6187,0.39588004312178515
6188,0.09924639992904527
6189,0.21091197208800017
6190,0.19774633684937382
6191,0.15509806507842328
6192,0.37708090265575034
6193,0.09995576948818874
6194,0.2180764937910037
6195,0.29647473596323914
6196,0.034207011682376054
6197,0.48155267938912905
6198,0.42476009364958667
6199,0.23051924245979305
6200,0.23051681425097692
6201,0.2056031481070466
6202,0.30626161778963146
6203,0.24294157273978967
6204,0.391944500518114
6205,0.1306779788900032
6206,0.0026365638371120825
6207,0.039826332971837464
6208,0.03856018101642611
6209,0.166118539272601
6210,0.2606516846037549
6211,0.12048827465801415
6212,0.21825985567577944
6213,0.43063959377503214
6214,0.2880236287597603
6215,0.20667585359309704
6216,0.10512955279390213
6217,0.22432473872594794
6218,0.15091669317465894
6219,0.1360195860060026
6220,0.24818426113377823
6221,0.32081457021666426
6222,0.5522228845956509
6223,0.1358187404767961
6224,0.15332428547448207
6225,0.2364843880455071
6226,0.3476463985505852
6227,0.24796475160601983
6228,0.3014214964852464
6229,0.17227456089157478
6230,0.8592645878256648
6231,0.537171631839611
6232,0.28862424317589885
6233,0.6022727272727273
6234,0.23269053984334698
6235,0.258227523641257
6236,0.2567712916394477
6237,0.2450910498965012
6238,0.4412675983395127
6239,0.24295622412148266
6240,0.2369116410764457
6241,0.2836884330138839
6242,0.2479567366514951
6243,0.4592912241995284
6244,0.2497464061183956
6245,0.23273451780704768
6246,0.28126252673774266
6247,0.28987867661507194
6248,0.4965277777777778
6249,0.34941352928508174
6250,0.2498642705646532
6251,0.40979855222047956
6252,0.23886516902821076
6253,2.220446049250313e-16
6254,0.286953598188766
6255,0.47265625
6256,0.2861184543739572
6257,0.5962707807356479
6258,0.47916666666666663
6259,0.453125
6260,0.28814322561391537
6261,2.220446049250313e-16
6262,0.14164039882644475
6263,0.13931953420345577
6264,0.09119375599865187
6265,0.2862769346894306
6266,0.2520820625605177
6267,0.20613897815858995
6268,0.2226956130245369
6269,0.4820911527261458
6270,0.5717164045275693
6271,0.14566410537870467
6272,0.16678253154835188
6273,0.05484915401419266
6274,0.05700377906901011
6275,0.29342473745624253
6276,0.0102049855606543
6277,0.20745351491952435
6278,0.3371900931931273
6279,0.14895718990120743
6280,0.006411927845071053
6281,0.41204641657507823
6282,0.00027828575971999836
6283,0.054957276699095114
6284,0.11123937400954853
6285,0.3478332286150254
6286,0.1144324451127614
6287,0.4842950631380015
6288,0.11180778687721626
6289,0.3324159894151315
6290,0.14840901124812889
6291,0.20064605015732373
6292,0.15261333533375676
6293,1.1102230246251565e-16
6294,0.5902555402666043
6295,2.220446049250313e-16
6296,2.220446049250313e-16
6297,0.11764705882352944
6298,0.4611781164238492
6299,0.4325513394060261
6300,0.00023916875570229035
6301,0.13334101035512125
6302,1.1102230246251565e-16
6303,0.41315175203069887
6304,0.5244835850917235
6305,0.4998680488113837
6306,0.5554711067948411
6307,1.1102230246251565e-16
6308,1.1102230246251565e-16
6309,2.220446049250313e-16
6310,0.1025485230155837
6311,0.2470721519950131
6312,0.17372484534982702
6313,0.34826875072021535
6314,0.04117140145863585
6315,0.07901503187931969
6316,0.364811943082182
6317,0.008893112404326886
6318,0.4223797742383857
6319,0.37335035985539566
6320,0.20994659554522077
6321,0.017390041201320705
6322,0.4825473707535073
6323,0.07939352017973955
6324,0.5390644515374707
6325,0.5925495320301716
6326,0.16065830721003138
6327,1.1102230246251565e-16
6328,1.1102230246251565e-16
6329,0.03757359832621887
6330,0.018869544879391853
6331,2.220446049250313e-16
6332,2.220446049250313e-16
6333,0.41003057640363383
6334,0.5890637945318973
6335,0.13640325324508862
6336,0.07146951886267583
6337,0.01672815234960756
6338,0.06662346579030598
6339,0.07413783345595704
6340,0.18848459602432943
6341,0.12412717631717773
6342,0.005681818181818121
6343,0.0002249102495650579
6344,0.14331245650661129
6345,0.017560859606205237
6346,0.061406348428641455
6347,0.07087014849424056
6348,0.5486076353841285
6349,0.1328522304976022
6350,0.0021501876256474484
6351,0.1186969643320338
6352,0.5467006954057875
6353,0.48364440303820944
6354,0.11475127045195099
6355,0.2937231149329308
6356,0.1333333333333333
6357,2.3223409196360123e-05
6358,0.11871260348077928
6359,0.19515254533935733
6360,0.14758315828722146
6361,1.1102230246251565e-16
6362,0.08800961507065919
6363,0.0776062118418488
6364,0.20261596968793394
6365,0.2001281725051126
6366,0.6808920607365363
6367,0.26708489945302605
6368,0.096900400259608
6369,0.37967210830432874
6370,1.1102230246251565e-16
6371,0.1732904390783222
6372,0.17255986740931517
6373,2.220446049250313e-16
6374,0.08793984228572416
6375,0.1519339997678354
6376,0.2648461538461536
6377,0.19175174732918454
6378,0.39464615384615387
6379,0.1201923076923076
6380,0.966876832514775
6381,0.1540141656178674
6382,1.1102230246251565e-16
6383,1.1102230246251565e-16
6384,1.1102230246251565e-16
6385,2.220446049250313e-16
6386,0.39991097262408193
6387,0.13501987795858006
6388,0.16693542706954767
6389,0.0026938801381801714
6390,0.2204069196923174
6391,0.007687084416998502
6392,0.1092023248470958
6393,0.0046754060221018134
6394,0.01365129192661274
6395,0.23810120352556952
6396,0.15229743635631487
6397,0.18219671249023106
6398,1.1102230246251565e-16
6399,0.19919689364523163
6400,0.007198228128460715
6401,0.18119128522886263
6402,0.29368835770379975
6403,0.28630303419558223
6404,0.29678612616141176
6405,0.3346076905979106
6406,0.002028556698720041
6407,0.007728964031594732
6408,0.27042151162790695
6409,0.01112344147790334
6410,0.2912927364552209
6411,0.2475200872929273
6412,0.250991565086332
6413,0.24861888051144831
6414,0.24977194003014358
6415,0.33234707372290595
6416,0.2492166635817975
6417,0.00025119648853766385
6418,0.4130566801619434
6419,0.22827878960964787
6420,0.19852957658081727
6421,0.2506643486078427
6422,0.17921247251649008
6423,0.03367852419698292
6424,0.20130006948647228
6425,1.1102230246251565e-16
6426,0.17522682549954427
6427,0.33963766184577837
6428,0.2665321655089097
6429,0.3840275944019014
6430,0.045537090448503736
6431,0.10402774073086163
6432,0.3551733255770908
6433,0.06565549691296557
6434,0.24991214140677886
6435,0.2484432428144583
6436,0.3291426215993405
6437,0.15219992024458318
6438,0.3433855998307729
6439,0.0031007070051788377
6440,0.0006549297338098725
6441,0.18430941435138914
6442,0.05989947124485928
6443,0.01620536354510238
6444,0.20195599022004873
6445,0.00014455687757153335
6446,0.19944053460027078
6447,0.25058502340093614
6448,0.3280284520954281
6449,0.23789299029588307
6450,0.24984380694538466
6451,0.3005406209701419
6452,0.4269566733529262
6453,0.1248664173123164
6454,2.220446049250313e-16
6455,0.4006668871981477
6456,0.001911012704939652
6457,0.302447206117355
6458,0.18115643455569297
6459,0.08466324373301126
6460,0.276344214232609
6461,0.08612736570193491
6462,0.11417135296063508
6463,0.24976227895244263
6464,0.25015848069837154
6465,0.04920953329499056
6466,0.2831260337413166
6467,0.08213832678948962
6468,0.17573371037435415
6469,0.2679045605557233
6470,0.11552100562355272
6471,0.08299607369374817
6472,0.278235590349311
6473,1.1102230246251565e-16
6474,0.031536324962182394
6475,1.1102230246251565e-16
6476,0.4504250227248715
6477,0.015385041522657739
6478,0.18190264074924511
6479,0.3215891027974004
6480,0.01449275362318847
6481,0.20834963989647282
6482,0.1811418376884627
6483,0.03841130885221111
6484,0.1969797650690216
6485,1.1102230246251565e-16
6486,0.3877575670379594
6487,1.1102230246251565e-16
6488,0.41287751917570636
6489,0.056393303821716256
6490,0.05770193038294669
6491,0.09635296946412764
6492,0.30481926006566307
6493,0.8394886328675004
6494,0.8245743079184132
6495,0.8427784246799684
6496,0.8480966569891172
6497,0.834302643226433
6498,0.8437051983508557
6499,0.8343407035262259
6500,0.8253033300518833
6501,0.8385428654140403
6502,0.7811152358375497
6503,0.8677225283147044
6504,0.3134418449760462
6505,0.01034970769515664
6506,0.33608073882284084
6507,0.04953142871997496
6508,0.746107850553493
6509,0.37424321609530264
6510,0.012346903684892996
6511,0.33259852438366033
6512,0.09201934086863861
6513,0.13611262966006343
6514,0.14153918467121074
6515,0.44102425134170997
6516,0.0191807028568296
6517,0.2635298351840287
6518,0.2126631228427296
6519,0.06520544767509262
6520,0.7913285709832271
6521,0.18987743347515185
6522,0.7435895135874326
6523,0.3996752489291613
6524,0.2857136449935619
6525,0.5869464712613995
6526,0.18373504730500034
6527,0.6222460876492903
6528,0.3333321373213155
6529,0.2727184242875511
6530,0.631508215480217
6531,0.27175592261972326
6532,0.18190732715214974
6533,0.1250000000000001
6534,0.125
6535,0.46140806883400287
6536,0.27264846889070804
6537,0.4166013081344565
6538,0.00022800725280225365
6539,0.5333265866461374
6540,0.2307636690463426
6541,0.3637030638393228
6542,0.23076923076923084
6543,0.2000983750040688
6544,0.3333309254383273
6545,0.2307609004116864
6546,0.36370537157819194
6547,0.1314129725295683
6548,0.017404017867829746
6549,0.4621231997064208
6550,0.14011200241362742
6551,0.036159787454025816
6552,0.03616162227769504
6553,0.10030031681774176
6554,0.10071283991903535
6555,0.24758895482887178
6556,0.2735459012489987
6557,0.5294015505142845
6558,0.3547062837202021
6559,0.5555426932402103
6560,0.3852325853105125
6561,0.33355038490478683
6562,0.20071577519463735
6563,0.6003448997409644
6564,0.741915879212901
6565,0.5000488145300969
6566,0.46116268700763063
6567,0.3997152122321055
6568,0.49982282133520406
6569,0.5298803461900381
6570,0.30784289720843305
6571,0.3335522027644894
6572,0.3846109332899329
6573,0.20062053091470577
6574,0.5555941337094703
6575,0.6084999964555122
6576,0.38495598861981917
6577,0.4996485443576879
6578,0.5625379668567422
6579,0.5298277156610205
6580,0.5555426961709176
6581,0.5558906743182782
6582,0.6110112723396787
6583,0.5555909269227557
6584,0.529612100267949
6585,0.6498683815632946
6586,0.6497468876217201
6587,0.6316095872878973
6588,0.6003954080712315
6589,0.6192482779923525
6590,0.6002150211774215
6591,0.6315229962111173
6592,0.545400935992888
6593,0.08703239197413526
6594,0.08793968737721247
6595,0.08522423588715267
6596,0.5293742028782604
6597,0.08873759255438651
6598,0.5695704907088017
6599,0.1922910490841948
6600,0.5492153790042407
6601,0.07102257794175237
6602,0.16993969667189657
6603,0.27573971257759733
6604,0.6087536083212062
6605,0.2780119188906458
6606,0.579384968772204
6607,0.15996018940939394
6608,0.4253112019329889
6609,2.220446049250313e-16
6610,0.4657663436757937
6611,0.3229466467220058
6612,0.5454162015083692
6613,0.1500192709600029
6614,0.42881760685676173
6615,0.28447780013796276
6616,0.20939444761094483
6617,0.3332998943327582
6618,0.35954936749063204
6619,0.31786034778992533
6620,0.4647513926050033
6621,0.38413631975000206
6622,0.047363660762211546
6623,0.4165828396090716
6624,0.08696402587712648
6625,0.21763585639973637
6626,0.327386227890231
6627,0.6273845110301366
6628,0.8821104890594943
6629,0.7984726857987157
6630,0.9697432653898419
6631,0.861763302072006
6632,0.8947484522758553
6633,0.04050156508501923
6634,0.6330598054653478
6635,0.895678248017305
6636,0.8961273195504835
6637,0.6938741660435004
6638,0.9099631717748631
6639,0.4996938087501659
6640,0.4229339740815383
6641,0.08399917094929843
6642,0.09579933041217559
6643,0.36760634701471473
6644,0.12492929189042246
6645,0.0002888311226642015
6646,0.12500642800996165
6647,0.2222279788059035
6648,0.22213648834019217
6649,3.7006609380552113e-05
6650,0.22212498713064954
6651,0.29988645496169697
6652,0.2501215917464994
6653,0.124974279835391
6654,0.12499351981455564
6655,0.14281909468604448
6656,0.12507124246865342
6657,0.22228549500268258
6658,0.12523151891105266
6659,0.12500647548566135
6660,0.028392756586941514
6661,0.12499999999999978
6662,0.12498056261060808
6663,2.2217778666622223e-05
6664,0.12499999999999978
6665,0.1248584371460929
6666,7.4093832428401285e-06
6667,0.2500388652818287
6668,0.00019183802967548402
6669,0.12492286388046092
6670,0.2222682779595333
6671,0.22219918872740785
6672,5.1679205026466946e-05
6673,0.12517504667911428
6674,0.125
6675,0.12505832166899944
6676,0.1249292185730464
6677,0.3636410770919326
6678,0.5294583045149112
6679,0.27887304463389395
6680,0.12450437813625825
6681,0.7927638180771139
6682,0.5588693981291996
6683,0.11114749051463901
6684,0.48019242918332095
6685,0.5259673835597389
6686,0.5848050485039182
6687,0.4779026404191846
6688,0.18358146834994826
6689,0.28454324353120275
6690,0.09968079692824883
6691,0.7142903299508201
6692,0.6842156278403801
6693,0.7000096928967221
6694,0.8528299746655706
6695,0.8415647157216305
6696,0.040001974593562806
6697,0.8542690791903382
6698,0.7969196781056733
6699,0.8431483604136407
6700,0.7873712835019255
6701,0.2252965627509037
6702,0.14752853443496883
6703,0.14467926763515404
6704,0.6406293006429609
6705,0.029533522618056196
6706,0.500123484854118
6707,0.5452791306383721
6708,0.47060313187297953
6709,0.2306492583090315
6710,0.3622509102213898
6711,0.5396748085862477
6712,0.5665198704052623
6713,0.08842196675624558
6714,0.058766688553143376
6715,0.031597504230118534
6716,0.10135092567256776
6717,0.10760973854641387
6718,0.1870852322699288
6719,0.2383981628154519
6720,0.5763598798945144
6721,0.6683903089426103
6722,0.4822038779433314
6723,0.6590354287410871
6724,0.6185305010893245
6725,0.00017643071380146758
6726,0.28293411152204395
6727,0.642813846143457
6728,0.4151279890176546
6729,0.7619002947014054
6730,0.11154166666666676
6731,0.0954018444010385
6732,0.4096362868883232
6733,0.3333212407301128
6734,0.1875023556494273
6735,0.2941493785029874
6736,0.1534391534391535
6737,0.014946004839782256
6738,0.7110848850117841
6739,0.05254621383399671
6740,0.043450485963982266
6741,0.00047544040251190633
6742,0.8831151005582842
6743,0.08368029020679446
6744,0.10425363396820053
6745,0.01679190584337309
6746,0.02881590294184755
6747,0.007393408570143589
6748,0.8978479368736327
6749,0.44688719607260363
6750,0.45480473396588816
6751,0.1816293066167538
6752,0.4246282087585713
6753,0.4715466667240974
6754,0.8597090818010615
6755,0.6448874323175469
6756,0.8190648795151283
6757,0.002195609357986572
6758,0.07068766948600003
6759,0.1518123731265273
6760,0.07774018009286454
6761,0.486357184337597
6762,0.06903373500941767
6763,0.1574827112922771
6764,0.12445148193706035
6765,0.11328138801779608
6766,0.20540921654151423
6767,0.8765602909532688
6768,0.5300565654758448
6769,0.34607093694040825
6770,0.06723902113663516
6771,0.9276300345220504
6772,0.7283818493150684
6773,0.7546160869256374
6774,0.06723902113663516
6775,0.6958388112402072
6776,0.14796127448369067
6777,0.5522599372071229
6778,0.6081889739317344
6779,0.2728208597464977
6780,0.48956360461127413
6781,0.48813124150404386
6782,0.16898830688634925
6783,0.20771470782850765
6784,0.5407614995157172
6785,0.8681255509718125
6786,0.8690475239934795
6787,0.7350714569765722
6788,0.5179593550945549
6789,0.5213770302823892
6790,0.54598155365786
6791,0.5548400866269667
6792,0.5528313201153632
6793,0.5463061786222878
6794,0.6070345808457507
6795,0.6700983727544372
6796,0.17166299964289755
6797,0.6989939334406388
6798,0.6123221143817716
6799,0.2665798106755183
6800,0.15866515435418338
6801,0.24715828452404243
6802,0.6510939808798133
6803,0.6211416788452683
6804,0.2751193356915169
6805,0.45119220936477855
6806,0.32624579197365833
6807,0.6726442125743912
6808,0.34228280503926334
6809,0.3423894561167664
6810,0.6969129665773093
6811,0.32912136494768063
6812,0.7147772971026964
6813,0.3616204905817558
6814,0.034346318564254075
6815,0.037996144453043
6816,0.06693986677290598
6817,0.06694255295093154
6818,0.03316404081416591
6819,0.03395036594722156
6820,0.3408260773973414
6821,0.0667400625309511
6822,0.09646696066428684
6823,0.09712161270249942
6824,0.06684387541111281
6825,0.4023873001338807
6826,0.3763914899327271
6827,0.3863761952841158
6828,0.7618964325353541
6829,0.5197654476399513
6830,0.1790575916230367
6831,0.45111505712433675
6832,0.22212785490596954
6833,0.44157937147461723
6834,0.12999058761232896
6835,0.46157203555252224
6836,0.9219585080469729
6837,0.7380005605592941
6838,0.750915301950799
6839,0.7500500813162424
6840,0.2500000000000001
6841,0.2500000000000001
6842,2.220446049250313e-16
6843,0.16666666666666652
6844,0.24970437802074064
6845,0.2500000000000001
6846,0.49980291868049365
6847,0.2500000000000001
6848,0.19409433870256854
6849,0.7082064281717639
6850,0.027523655894042154
6851,0.21620085386569854
6852,0.651828528492863
6853,0.04097107065476058
6854,0.6741721905369261
6855,0.6866286787166885
6856,0.2500000000000001
6857,0.2500000000000001
6858,2.220446049250313e-16
6859,0.14284643942164588
6860,0.10544939844302892
6861,0.03536711647902546
6862,0.15565774029662494
6863,0.08023057363874242
6864,0.45943264570199027
6865,0.20972694840047867
6866,0.3332058079296424
6867,0.03402419356355679
6868,0.10425004335695498
6869,0.21149757535634373
6870,0.3676881922034332
6871,0.24924060098045475
6872,0.142734139497388
6873,0.24970437802074064
6874,2.220446049250313e-16
6875,0.4
6876,0.2554765035072467
6877,0.7092337706886203
6878,0.3182211715497636
6879,0.17920136237858175
6880,0.34372724120947995
6881,0.1965184596619154
6882,0.17485977024339094
6883,0.25239943106273766
6884,0.10884656745386212
6885,0.4000643146470423
6886,0.04352522141908288
6887,0.17389739655493752
6888,0.1729864867000911
6889,0.13345875987695144
6890,2.220446049250313e-16
6891,0.3997635024165924
6892,0.2500000000000001
6893,0.24970437802074064
6894,0.2500000000000001
6895,0.3997635024165924
6896,0.16666666666666652
6897,0.2500000000000001
6898,0.2500000000000001
6899,0.24970437802074064
6900,0.24970437802074064
6901,0.2500000000000001
6902,0.24970437802074064
6903,0.2500000000000001
6904,0.24970437802074064
6905,0.24970437802074064
6906,0.5714285714285714
6907,0.2500000000000001
6908,0.7813001805980172
6909,0.11142461744708332
6910,0.11327930309164869
6911,0.06123712850238372
6912,0.4586291427799333
6913,0.10835362384380864
6914,0.10836833044256766
6915,0.0007669437333549523
6916,0.15865754489878647
6917,0.2723594475047685
6918,0.3375
6919,0.5818617021276595
6920,0.9186197828444262
6921,0.9237651705141411
6922,0.24951966480045473
6923,0.23529411764705876
6924,0.3333144704325238
6925,0.47367199063253507
6926,0.3333280130279769
6927,0.4444557308741174
6928,0.3333618518266097
6929,0.29408639344432363
6930,0.3530888038619495
6931,0.24938621459363564
6932,0.4179727238427525
6933,0.03946740808615912
6934,0.3810219225767878
6935,0.2612613243377885
6936,0.2080649203550391
6937,0.0917310189054672
6938,0.13969647690649445
6939,0.17020832713035672
6940,0.02384878719019623
6941,0.12353819602394867
6942,0.03577343655438847
6943,0.13673581078609787
6944,0.014086121177615096
6945,0.3710397511659179
6946,0.08340026262179323
6947,0.057233702059390046
6948,0.13286694083897854
6949,0.6287654810956723
6950,0.03595091737104994
6951,0.051912205492504304
6952,0.018189186778826416
6953,0.2510613901758424
6954,0.019233925529181573
6955,0.015729494639153296
6956,0.01818392349524922
6957,0.03454318129995482
6958,0.10000192987064505
6959,0.1356139898396297
6960,0.0769171419774991
6961,0.2095511136139111
6962,0.058835632045884156
6963,0.1272568457118034
6964,0.11589670761220516
6965,0.04569843380182881
6966,0.14891985046761524
6967,0.007560794228263834
6968,0.18643893436627101
6969,0.41766009791333003
6970,0.1742647387027758
6971,0.18439309151710215
6972,0.13041996081116725
6973,0.15454749224031183
6974,0.05746707696896525
6975,0.017553334605684756
6976,0.005346984270709232
6977,6.432902149966502e-06
6978,0.14634781910753725
6979,0.11780928464521345
6980,0.07893267386791203
6981,0.3035758991044265
6982,0.05655181938635934
6983,0.021792012076609413
6984,0.14295205858368987
6985,0.09484035321374551
6986,0.2361422610246895
6987,0.11704149530744279
6988,0.05664170343086228
6989,0.23249054125204383
6990,0.21189816034270026
6991,0.04396195359700228
6992,0.07761014687192025
6993,0.052859976970352496
6994,0.21981474111258037
6995,0.6179083253561966
6996,0.08487268877149212
6997,0.0482716466506824
6998,0.009010438563630041
6999,0.061711812801248045
7000,0.07756661628296901
7001,0.09254293343142295
7002,0.23334412431533103
7003,0.03168025983883571
7004,0.1386015344460435
7005,0.20969934575916893
7006,0.038967345460512726
7007,0.13332869722503937
7008,0.1517185665810583
7009,0.22254378506719652
7010,0.07691912029269177
7011,0.01775072526572896
7012,0.15044780353379783
7013,0.055101334824945725
7014,0.26307955803859173
7015,0.18150095196787852
7016,0.3643950668702516
7017,0.37710421539266015
7018,0.33048884254700184
7019,0.19820108884132248
7020,0.16774218784627337
7021,0.05120948945204851
7022,0.02837920954708939
7023,0.20444404683358897
7024,0.6115068336937425
7025,0.04675094891199305
7026,0.23391463373428845
7027,0.5031057124836689
7028,0.04694167432868901
7029,0.16934495652565662
7030,0.28181868773999696
7031,0.10940184967080502
7032,0.37827915934585765
7033,0.5595881682852895
7034,0.2413277271778066
7035,0.5570672713529858
7036,0.10584992354236655
7037,0.6591711235108992
7038,0.1467047720439797
7039,0.30078985236478695
7040,0.06933340314734249
7041,0.6039460432752466
7042,0.1648038562248988
7043,0.5400287980704253
7044,0.23585957561832682
7045,0.08215750760308371
7046,0.1923829776306808
7047,0.1902762574838619
7048,0.04414058032790291
7049,0.6269698607919989
7050,0.21444165216831002
7051,0.05635762138800715
7052,0.22178039262062432
7053,0.6191248022387763
7054,0.06431678336516033
7055,0.21396916682776002
7056,0.17338144690415036
7057,0.22178039262062432
7058,0.32584187585426716
7059,0.1758505702687031
7060,0.12989048570485573
7061,0.2416800975231893
7062,0.22757087106365725
7063,0.16990133801865126
7064,0.5803944735339126
7065,0.010414702045563495
7066,0.02458082156775554
7067,0.5024060120737037
7068,0.3207959784355243
7069,0.1924015101192229
7070,0.6283426331743673
7071,0.16089362755499015
7072,0.4242035164457114
7073,0.5822746317069876
7074,0.0192869133639878
7075,0.008635452766579954
7076,0.10874897595296595
7077,0.47856790283058237
7078,0.10852455074684964
7079,0.12792993261637686
7080,0.21971296796864448
7081,0.022955441931116094
7082,0.19136780909162676
7083,0.09698397198685627
7084,0.17605494068093586
7085,0.15603272202320384
7086,0.08752606533711127
7087,0.1322207159617652
7088,0.1955123892987356
7089,0.19395772723889282
7090,0.33333333333333337
7091,0.025772130978204855
7092,2.220446049250313e-16
7093,0.5
7094,0.5
7095,0.7142857142857143
7096,0.33333333333333337
7097,0.33333333333333337
7098,0.6666666666666667
7099,0.5
7100,0.33333333333333337
7101,0.6
7102,0.33333333333333337
7103,0.33333333333333337
7104,0.33333333333333337
7105,2.220446049250313e-16
7106,2.220446049250313e-16
7107,0.020680914799239725
7108,0.1813725664926008
7109,0.18417247381584578
7110,9.670244657178362e-05
7111,0.0070749110599874765
7112,0.39278551935744466
7113,0.3710875341169616
7114,0.3779261065399001
7115,0.2673704526845244
7116,0.3053629899671181
7117,0.007427734734841596
7118,0.0991721885231579
7119,0.00932308894806988
7120,0.41524635099268203
7121,0.43002364016867345
7122,0.2686262386578212
7123,0.26441468800158485
7124,0.17424453030675413
7125,0.3916552724445579
7126,0.41601192222003247
7127,0.3768231109878132
7128,0.3248857587610656
7129,0.30430240355890636
7130,0.0992820701403665
7131,0.011333556270925471
7132,0.41601812955430817
7133,0.4202825682017921
7134,0.20213498047162792
7135,0.30424410494027343
7136,0.2850050407055976
7137,0.20016801184773203
7138,0.3321137677031759
7139,0.3846153846153847
7140,0.235282861610143
7141,0.3834851377024979
7142,0.21551140464831542
7143,0.26124835304767324
7144,0.08272657314764309
7145,0.09917951396430524
7146,0.39278327234568955
7147,0.41524842010410756
7148,0.3779951830290209
7149,0.3259778471616115
7150,0.34612781826768146
7151,0.0025671928773459696
7152,0.00174788796870462
7153,0.18467860456581786
7154,0.08761693505548618
7155,0.1333239844136732
7156,0.15085182389551544
7157,0.16942590496850995
7158,0.0019230028132108945
7159,0.0017964049210147381
7160,0.021036056995272667
7161,0.14525126770575836
7162,0.006708677443344135
7163,0.08251525545080651
7164,0.048972317477620875
7165,0.0008970341100059676
7166,0.09618496162959989
7167,0.0985585705670885
7168,3.767287138689568e-06
7169,0.07142214181356688
7170,0.12482100124552054
7171,0.007951087323094241
7172,0.0008903838543726783
7173,0.10169488961662665
7174,0.18683332929421614
7175,0.004751653685075574
7176,0.09017597466540617
7177,0.1449317638242139
7178,0.16357580441902497
7179,0.007715511836256961
7180,0.0009954429153229416
7181,0.001812979266178627
7182,0.0018648282097648572
7183,0.01259668359261712
7184,0.03534494055273718
7185,0.0608646218146035
7186,0.14532734383059343
7187,0.05922109043358603
7188,0.060630213509563546
7189,0.0707757939261825
7190,0.4392827660402815
7191,0.5329054016943613
7192,0.39263294505879087
7193,0.9337160465888152
7194,0.2151226260238318
7195,0.47669217788705276
7196,0.3716134414745945
7197,0.021107189489977363
7198,0.05875222053464557
7199,0.11470263212413923
7200,0.0033726228547850123
7201,0.012175045967124709
7202,0.057177213053638654
7203,0.00038346784491805064
7204,0.17384608693496884
7205,0.0013919088881072517
7206,0.6559643354970803
7207,0.07150483328903301
7208,0.16755644780155687
7209,0.1657010758427192
7210,0.40548826652199754
7211,0.4036739560461148
7212,0.4406184311337251
7213,0.3984446913188382
7214,0.4326884474091801
7215,0.40116698832108433
7216,0.42064604150008666
7217,0.403179519327289
7218,0.3983396474261057
7219,0.3929119590738137
7220,0.40599499531974825
7221,0.3969058147743363
7222,0.3731473735029448
7223,0.4088022308946683
7224,0.29357964363116085
7225,0.3825686562224684
7226,0.3865644914384674
7227,0.3852098788192929
7228,0.31153062143691523
7229,0.3081610331404959
7230,0.026481700956154874
7231,0.03556513813523221
7232,0.011592402867576013
7233,0.5274211678400283
7234,0.43405637051984025
7235,0.2335927042154291
7236,0.4085467779509623
7237,0.5276427715458816
7238,0.40688120009678186
7239,0.43542603896078136
7240,0.500352228399316
7241,0.20837962228217732
7242,0.10451107719256669
7243,0.09076142255910613
7244,0.042363925376049494
7245,0.1559397285032318
7246,0.4356122331570771
7247,0.44687486844727087
7248,0.41824005958214283
7249,0.42309427822168033
7250,0.3894454900957811
7251,0.41083565202260186
7252,0.34096964410055897
7253,0.3778017801133088
7254,0.3908243866306247
7255,0.511744713994668
7256,0.4338257577875566
7257,0.43885558842112915
7258,0.178964121371484
7259,0.4366478540417209
7260,0.4450906661149723
7261,0.5177046183458315
7262,0.24365044853521445
7263,0.14858337985969827
7264,0.24999716383932968
7265,0.16027517453690066
7266,1.8943340468591252e-05
7267,0.24365044853521445
7268,0.22353190787147248
7269,0.2741032213012963
7270,0.24859915058704973
7271,0.16136072954668546
7272,0.060169750849559556
7273,0.16248454311958815
7274,0.24932215759977616
7275,0.1655970627729456
7276,0.1338627923012713
7277,0.18928190254760158
7278,0.16200653428859746
7279,0.16433261166876112
7280,0.16416742935951478
7281,0.17162926492601138
7282,0.16667297487566513
7283,0.18035121269952104
7284,0.16666666666666685
7285,0.11474382123684823
7286,0.14213894152542716
7287,0.06837092933046274
7288,0.0802594874652216
7289,0.08526243340329176
7290,0.24859346762797085
7291,0.02551837058357076
7292,0.029189550353901805
7293,0.030968068187647968
7294,0.20543227696355582
7295,0.21581661342939107
7296,0.2986829428632958
7297,0.07142246674176533
7298,0.24895612791601318
7299,0.1741619920310925
7300,0.01835178515850755
7301,0.22618538895147133
7302,0.02694733185957565
7303,0.027126008690254833
7304,0.10722450426074448
7305,0.07141001798676139
7306,0.1709004702798551
7307,0.2054478379073108
7308,0.07141001798676139
7309,0.22618020197021949
7310,0.44237530953340576
7311,0.029182207994360887
7312,0.08824429867701922
7313,0.22619057593272296
7314,0.22618020197021949
7315,0.20543227696355582
7316,0.2261853889514711
7317,0.07142246674176533
7318,0.07142246674176533
7319,0.2387161731720564
7320,0.1883191949279056
7321,0.1860458640301068
7322,0.22549208964126488
7323,0.17607406071212794
7324,0.11603155284751276
7325,0.11269848205566091
7326,0.11269180255507583
7327,0.11102192740885763
7328,0.11102526715914984
7329,0.11103862616031945
7330,0.16390687329062648
7331,0.1110319466597347
7332,0.0714286911192673
7333,0.06830405361326386
7334,0.29605062371384694
7335,0.16610929800300034
7336,0.11512912061716452
7337,0.05933479137671471
7338,0.382175458909231
7339,0.32784281151090666
7340,0.21458211189149456
7341,0.7177859833425074
7342,0.16140251644232095
7343,0.020895637645142684
7344,0.2857142857142857
7345,0.16297905371659627
7346,0.2857167754168759
7347,0.022805133173272818
7348,0.2857192651715347
7349,0.2857167754429102
7350,0.2857142857142858
7351,0.12499695542039557
7352,0.02010402020287494
7353,0.2993528860679239
7354,0.12344884806990408
7355,0.008694219017395644
7356,0.01742684365016345
7357,0.030495999383925332
7358,0.21222852871259246
7359,0.06645042255979983
7360,0.04931965628322521
7361,0.04688473151314776
7362,0.25022328589613896
7363,0.05297810484423848
7364,0.10948732072724587
7365,0.11426604601576429
7366,0.04593327288950799
7367,0.06666966548566922
7368,0.17896520317527886
7369,0.04962767874957552
7370,0.022126408539477782
7371,0.16605362441597238
7372,0.4665320513536626
7373,0.29576508178373884
7374,0.1348310165634381
7375,0.12737156559990925
7376,0.011753922388950122
7377,0.006759384629622112
7378,0.0938818869648741
7379,0.04044722431855252
7380,0.4999962732826667
7381,0.29999826732244395
7382,0.0054753499961749386
7383,0.3846153846153846
7384,0.36363321720763897
7385,0.36363478457026854
7386,4.9688823741123045e-06
7387,0.14286139663618236
7388,1.2422205935336272e-05
7389,0.22609727164887305
7390,0.1534359193048619
7391,0.12560230149215124
7392,0.3765149798995636
7393,0.20000199128191887
7394,0.49982646357709504
7395,0.3999936444885799
7396,7.113642933598285e-07
7397,0.4959749032656112
7398,0.21024767881086137
7399,0.30767103831441256
7400,0.005156249999999751
7401,0.35
7402,0.19999209860935518
7403,0.19079290695833173
7404,0.16664752515263315
7405,0.2003360405089929
7406,0.00039736191261352527
7407,4.822716923591486e-07
7408,8.876186080475357e-06
7409,0.03849892613320094
7410,0.01671816195655218
7411,0.01074111949261869
7412,0.14027507621882584
7413,0.11093314444885782
7414,0.00412930707716419
7415,0.1998642415877513
7416,0.2001438846887187
7417,0.2499778318570992
7418,0.3999527079618117
7419,0.39998217821782167
7420,0.25
7421,0.3750015422521571
7422,0.12501732677556143
7423,0.22221836705639653
7424,0.22221066377154997
7425,0.2222212584307659
7426,0.3999999999999998
7427,0.6363672278782342
7428,0.25099944642151073
7429,0.379403350850232
7430,0.20158832116788317
7431,0.460528553379593
7432,0.6250095480193506
7433,0.3125
7434,0.41666268114704297
7435,0.3371983004985354
7436,0.18074882242110235
7437,0.43898788214496554
7438,0.18749294569268649
7439,0.5745490140445454
7440,0.1526747625785535
7441,0.0037424495039219963
7442,0.2985340344836974
7443,0.18208313707018364
7444,0.3420457223776566
7445,0.14312294103540735
7446,0.5384603921359966
7447,0.30513087930705896
7448,0.3996947783026633
7449,0.40207496514591345
7450,0.5560614509968614
7451,0.2986117156311485
7452,0.11733030960135249
7453,0.3381852051571156
7454,0.11111258155203185
7455,0.46273002362346716
7456,0.5268287171700239
7457,0.5789948563050075
7458,0.6545994137549036
7459,0.6513556670449717
7460,0.6339386150348527
7461,0.674995278082111
7462,0.20000296841238197
7463,6.161444636609836e-06
7464,0.014307688816401432
7465,0.005157567129297935
7466,0.14772579836003152
7467,0.14495367377082524
7468,0.007247191069151282
7469,0.11111111111111094
7470,0.300625463774583
7471,0.127929091902932
7472,0.14826253996536143
7473,0.010218282837239356
7474,0.138840787954707
7475,0.18081058788659699
7476,0.149230121391285
7477,0.2228225081836248
7478,0.1176783765325119
7479,0.14499449939300524
7480,0.11239961812770272
7481,0.15287508676805583
7482,0.017994543867197788
7483,0.2997416028998333
7484,0.12822239915597677
7485,0.19986961535823589
7486,0.124825514858661
7487,0.11529146206989493
7488,0.0028105216693268265
7489,0.11111708196720549
7490,0.0008305347019876841
7491,0.11095940557814632
7492,0.010928842307734388
7493,0.0054207057846363815
7494,4.300844040627805e-05
7495,0.021835826930853286
7496,0.599995061667428
7497,0.45454951497090146
7498,0.49999259250114203
7499,0.6359164927962074
7500,0.16288851424045736
7501,0.6701688298930986
7502,0.5010889276385806
7503,0.5377325978888379
7504,0.06922705924690908
7505,0.3459169811247702
7506,0.3357541404658577
7507,0.4911291120203004
7508,0.46153678929246544
7509,0.40397179741807354
7510,0.07894063679233376
7511,0.21344750202675977
7512,0.2373558466626503
7513,0.34621779452549517
7514,0.49793219756151674
7515,0.6248353990449055
7516,0.36341344093317873
7517,0.5671559119708149
7518,0.3969472687706702
7519,0.49814014346810476
7520,0.4817861134711432
7521,0.6943691951515985
7522,0.6032729064503448
7523,0.6159795339227054
7524,0.3873605145447272
7525,0.559117226979811
7526,0.5121901262537639
7527,0.5671570047796335
7528,0.6494994935611704
7529,0.5314035786678722
7530,0.6034178798803649
7531,0.6206815188662668
7532,0.5206046469304666
7533,0.6112843415460286
7534,0.7022622750489826
7535,0.5836173523641482
7536,0.6393141771315867
7537,0.6325846382347062
7538,0.6253689472904425
7539,0.4969959205967194
7540,0.5239488165149875
7541,0.5039690816284474
7542,0.5605986947907782
7543,0.4833660014093769
7544,0.4359858266512411
7545,0.5605994233299902
7546,0.451349900785335
7547,0.4840512158140058
7548,0.4312178626909875
7549,0.5602336966454308
7550,0.3885566434695995
7551,0.029122312080016588
7552,0.16662197572993365
7553,0.25254441892188106
7554,0.4745899253104596
7555,0.0033078519093695524
7556,0.028317694718757003
7557,0.0020089442997704987
7558,0.11518109733335125
7559,0.29232013576865357
7560,0.11518634457592536
7561,0.14270725733626977
7562,1.0810810810890636e-05
7563,0.2500074441133191
7564,0.331575740433502
7565,0.6273555114200596
7566,0.5343985277142675
7567,0.6502666762435361
7568,0.6843377686117955
7569,0.6049949013995535
7570,0.1307835738829769
7571,0.55734250880791
7572,0.7010699064892465
7573,0.49532737055642917
7574,0.6304620158887786
7575,0.07691620532586962
7576,0.4995988607645714
7577,0.555555279760058
7578,0.5238124326001066
7579,0.46095806295429587
7580,0.607366796709607
7581,0.006020689655172329
7582,0.6231877625540103
7583,0.5872531086088153
7584,0.562556935201284
7585,0.6311282368483783
7586,0.44446444902651083
7587,0.5517327841531388
7588,0.6942032044466921
7589,0.5102232435907045
7590,0.5672122424665837
7591,0.7044440340504243
7592,0.5885344127143484
7593,0.7292074668640351
7594,0.7187837474974679
7595,0.6593095545151253
7596,0.48858705593581575
7597,0.6189800025346048
7598,0.7079037882259539
7599,0.45711678512941445
7600,0.7095071123457957
7601,0.5117553225779853
7602,0.44760844116895226
7603,0.49204369493731737
7604,0.3470658008005427
7605,0.5422857187734481
7606,0.5982088542708011
7607,0.48646298171206404
7608,0.49785123049759006
7609,0.021835826930853286
7610,0.6050671199893007
7611,0.09488487487500175
7612,0.4675261744676309
7613,0.4668803015536117
7614,0.20000197534766118
7615,0.04795157031596875
7616,0.15176545586465207
7617,0.15149808964212785
7618,0.17246169847800474
7619,0.24018131041369895
7620,0.15437725688546677
7621,0.15046532207669128
7622,0.1535814491878359
7623,0.15123858713203064
7624,0.1494068663839926
7625,0.514555834333297
7626,0.4810726240711318
7627,0.4774441112565997
7628,0.5277388671816355
7629,0.5615758552099366
7630,0.47780747022523473
7631,0.3444011496068542
7632,0.24795230591828765
7633,0.11989127081209194
7634,0.34154214550633755
7635,0.25074790092590327
7636,0.2502816575957473
7637,0.2549826322161146
7638,0.5196422126674176
7639,0.25913282097542967
7640,0.4722591745963778
7641,0.5091383692710585
7642,0.5190482186647989
7643,0.47225525815240443
7644,0.5955543540664187
7645,0.4768290119725692
7646,0.4179721842544737
7647,0.2512113467960785
7648,0.4748707899859138
7649,0.1242406994246743
7650,0.5297379310344827
7651,0.22269574930929148
7652,0.3439956344704511
7653,0.12314844671656211
7654,0.4143465725095513
7655,0.24608360265102236
7656,0.126957188480607
7657,0.24888199511861886
7658,0.3431788927168502
7659,0.24888199511861886
7660,0.4157992831166888
7661,0.4161604662831163
7662,0.41688283261597137
7663,0.4172469168520089
7664,0.34236459874073266
7665,0.3452187072862829
7666,0.7343635069937042
7667,0.6636417586196774
7668,0.5004314960152352
7669,0.7780065816165289
7670,0.6014480579282382
7671,0.582960593364285
7672,0.6249880588070551
7673,0.5779789315416651
7674,0.602435863561444
7675,0.6270827187987698
7676,0.6076156755181847
7677,0.469110988087699
7678,0.5863684642064781
7679,0.6458296498048806
7680,0.4605440850203618
7681,0.6056392778805304
7682,0.5227846948490138
7683,0.4105547987328082
7684,0.4366062453953595
7685,0.1999762960036543
7686,1.4814997716050549e-05
7687,0.19898467882319537
7688,0.053017004904969633
7689,0.05183473361622404
7690,0.053007686510575636
7691,0.0535749437693136
7692,0.24366510976810563
7693,0.6490426687867683
7694,0.5963004868541545
7695,0.6519620721903738
7696,0.5208374898670449
7697,0.4198955546481309
7698,0.053578438167211306
7699,0.04835314851074557
7700,0.04720698600027695
7701,0.05482071035236036
7702,0.21099179238121601
7703,0.9466672495382564
7704,0.8195326399108135
7705,0.6894875848934565
7706,0.6035687804222958
7707,0.15401856446692064
7708,0.24393488963405208
7709,0.14962386018089857
7710,0.3110403995767721
7711,0.22315545897155842
7712,0.3076306738872099
7713,0.12857953104917597
7714,0.22381955445783774
7715,0.21341360273952625
7716,0.12910315367361824
7717,0.18643885200066157
7718,0.35569089081287497
7719,0.14375901808244773
7720,0.9302028292074058
7721,0.7918875547092799
7722,0.9649592489996922
7723,0.961041178598079
7724,0.7010224891850887
7725,0.9553384484081037
7726,0.9594118029484782
7727,0.9513357604530224
7728,0.8734515897417714
7729,0.9546964794027462
7730,0.799679303630741
7731,0.7590716606055401
7732,0.9520579640308156
7733,0.9480039158243869
7734,0.9916704863200733
7735,0.9830639925305427
7736,0.9923316156418994
7737,0.9826552740978713
7738,0.07258681752275908
7739,0.07257255591737766
7740,0.07257255591737766
7741,0.07258206365429865
7742,0.07259157139121952
7743,0.07260107912814051
7744,0.07256780204891722
7745,0.0725773097858381
7746,0.07258206365429865
7747,0.07258681752275908
7748,0.07258206365429865
7749,0.2271517197119156
7750,0.2271477581548651
7751,0.22620094601982343
7752,0.2271477581548652
7753,0.2271477581548652
7754,0.22714379659781492
7755,0.2251749027437745
7756,0.2271517197119156
7757,0.2271517197119156
7758,0.9158201978634353
7759,0.726681207811454
7760,0.7332262149014002
7761,0.7731242190824258
7762,0.6282572483776904
7763,0.7311814304080333
7764,0.8507789048548035
7765,0.7465719408122268
7766,0.7868000765315631
7767,0.8990789865219675
7768,0.8286159786664982
7769,0.8383161220881903
7770,0.7517590408101607
7771,0.6310450574913343
7772,0.640737179149463
7773,0.5740208078335374
7774,0.8862165292201181
7775,0.8727183114668953
7776,0.8584643120043443
7777,0.8969201030699147
7778,0.6979272625418306
7779,0.9393207366994573
7780,0.8660681307625724
7781,0.9465649302457549
7782,0.9401244329567419
7783,0.9684500145719367
7784,0.11189398958263075
7785,0.7770682723468587
7786,0.5908933116909327
7787,0.487179769619251
7788,0.25000593016636097
7789,0.1000008073088362
7790,0.22719889305882124
7791,0.590892944732371
7792,0.058821225170722635
7793,0.10526897960700932
7794,0.40002314191916466
7795,0.5262975188000276
7796,0.31231170984952783
7797,3.856986527450701e-05
7798,0.26086956521739135
7799,0.6666663679426068
7800,0.4545669819121193
7801,0.4139661305769634
7802,0.20000783441954295
7803,3.9466838885338085e-05
7804,0.10526209940159659
7805,0.09996528572005225
7806,0.37499896732961346
7807,0.08332778044255362
7808,0.0921266986586311
7809,0.312190341486307
7810,0.24999999999999978
7811,0.5977710261679416
7812,0.21428641873539012
7813,0.24997039867601345
7814,0.19047331742338125
7815,0.08336785136743707
7816,0.09373292161725977
7817,0.05695664764236252
7818,0.22796931198574188
7819,0.10527321060048178
7820,0.060617309151006715
7821,0.2666962535530414
7822,0.42872910258701036
7823,0.2839306866704838
7824,5.913356323494767e-07
7825,0.35483728836763984
7826,3.9466838885338085e-05
7827,0.07692473287435841
7828,0.4738288568485206
7829,0.4736833409091482
7830,0.4545669819121192
7831,0.04788183764501719
7832,0.38891299672223123
7833,0.26646703617044487
7834,0.13067232673006157
7835,0.1999985661245126
7836,0.5348837209302326
7837,0.15486855468731076
7838,0.10526368698451283
7839,0.1904766693183254
7840,0.9615985418079535
7841,0.9583455368461917
7842,0.8868620713073005
7843,0.48641192456559323
7844,0.06088944595699608
7845,0.06895033967165709
7846,0.01014987878536544
7847,0.0645161290322579
7848,0.15378627584814653
7849,0.12500000000000022
7850,0.1275078783095719
7851,0.1176467241914142
7852,0.03225769750026097
7853,0.07520332665621143
7854,0.11764672419141453
7855,0.40695165638567266
7856,0.0645262998880044
7857,0.3555548224778643
7858,0.025316058791578278
7859,0.2108260228789388
7860,0.22590038497678444
7861,0.008581172553057903
7862,0.17649686693049804
7863,0.7648241365267062
7864,0.8432112001034854
7865,0.7161355417782183
7866,0.29789441270998473
7867,0.860345004733381
7868,0.8419565256158262
7869,0.8362454408504723
7870,0.05848214938271157
7871,0.2019717282507989
7872,0.002093799930408813
7873,0.5722593845403517
7874,0.1265772563518529
7875,0.2818369685152172
7876,0.01519808617583518
7877,0.10688823159212146
7878,0.23295941046823632
7879,0.3177422010174964
7880,0.24751963127633037
7881,0.19795544823714706
7882,0.24573036822797956
7883,0.30839072317981675
7884,0.2686846015871017
7885,0.030902837728364885
7886,0.31869031057422115
7887,0.2490134524020109
7888,0.34855671980642444
7889,0.13038214181807217
7890,0.6734686628531994
7891,0.25500100835103645
7892,0.057092197747048656
7893,0.3066824770709925
7894,0.3076215603027834
7895,0.26870405253028384
7896,0.06460141904984396
7897,0.7496404574848314
7898,0.3426141703239498
7899,0.2169241744598036
7900,0.2813961813149962
7901,0.13448762834353545
7902,0.14285714285714302
7903,0.0044232615292979505
7904,0.1904760544814209
7905,0.1056422772554001
7906,0.05561574017417448
7907,0.359998599569912
7908,0.04994018824283586
7909,0.3999989941871115
7910,0.2083289329357435
7911,0.27834716476700183
7912,0.16661391696439776
7913,0.2631126306643642
7914,0.4167767028051387
7915,0.37026850905384245
7916,0.46874740377892843
7917,0.23331994811054313
7918,0.3535786833091724
7919,0.5312474778038829
7920,0.13479443158245386
7921,1.6833166716079262e-07
7922,0.13157380528656848
7923,0.015575423847393077
7924,0.030531280151664397
7925,0.14459648739047903
7926,0.5559822335236078
7927,0.5338507372144767
7928,0.13659449144035174
7929,0.11362851719721057
7930,0.08349064660127137
7931,0.01620393498868733
7932,0.15162841213810463
7933,0.4848439046027361
7934,0.2369173157593819
7935,0.6164568438715433
7936,0.7012007605567676
7937,0.13138108067077992
7938,0.7121523228855001
7939,0.6882796126880775
7940,0.8179642781180496
7941,0.753153419121882
7942,0.7273041560017781
7943,0.8079257143141334
7944,0.7171616606870452
7945,0.7816357299307519
7946,0.3427844575011457
7947,0.3703863324362765
7948,0.9036191829503958
7949,0.15874567681276985
7950,0.1360224189353002
7951,0.38382769519429494
7952,0.005433393775365336
7953,0.3313949809487142
7954,0.02992615783487973
7955,1.2015858430469706e-07
7956,0.029926130074232726
7957,5.165157392905684e-07
7958,0.029926390014836768
7959,0.031249664348540263
7960,0.02860338824021358
7961,0.03124927569948155
7962,0.056769806300391745
7963,0.028603761747100886
7964,5.452110583004099e-07
7965,5.452110583004099e-07
7966,2.791271925817185e-07
7967,2.843445232603159e-07
7968,1.0746056919863634e-05
7969,0.6424664209530915
7970,0.6446766619110387
7971,0.25991358770617645
7972,0.2087106026447001
7973,0.49094539089168954
7974,0.582949604729025
7975,0.6008738876532708
7976,0.5243096975506136
7977,0.5749227931139749
7978,0.5378118506362035
7979,0.12042116917396495
7980,0.3629984228779628
7981,0.5351848977505831
7982,0.8393620325695605
7983,0.2829930766007984
7984,0.8246313796270357
7985,0.4994429145359852
7986,0.467067533638016
7987,0.7743090527141524
7988,0.7048060167326937
7989,0.3291026230663032
7990,0.48997260259501263
7991,0.6212061733671308
7992,0.6078317540912437
7993,0.6840408604030088
7994,0.5262888289280718
7995,0.8487773469444511
7996,0.29374999999999996
7997,0.26875000000000004
7998,1.1102230246251565e-16
7999,2.220446049250313e-16
8000,1.1102230246251565e-16
8001,1.1102230246251565e-16
8002,0.18620196910500164
8003,0.045380373017186115
8004,0.644616493276785
8005,0.3951736126847042
8006,0.18288566135074902
8007,0.5891837810384235
8008,0.2462303218465608
8009,0.21178939132414953
8010,0.26489681844604074
8011,0.011378996971969091
8012,0.32911225903178754
8013,0.10090301912983168
8014,0.0093593497758786
8015,0.31005807946255814
8016,0.5195918024453978
8017,0.347253344443904
8018,0.32702725721449866
8019,0.5578343096547939
8020,0.13287569005009126
8021,0.3372274912153531
8022,0.5501798476263131
8023,0.1524253003353533
8024,0.6106905321920879
8025,0.29102964724512115
8026,0.6490310878915463
8027,0.1106918162279168
8028,0.3865371735805021
8029,0.08978648179180437
8030,0.42131281715805147
8031,0.40039989382295804
8032,0.40276025432062224
8033,0.2985248478059236
8034,0.39956961914143263
8035,0.31136224229352616
8036,0.33027153125945097
8037,0.31050265745651295
8038,0.15769184834226968
8039,0.14820793410114963
8040,0.3074631830004929
8041,0.12151127614668256
8042,0.049643138774302265
8043,0.05179027259239399
8044,0.06312450033361705
8045,7.886669037837635e-07
8046,0.020817516004490666
8047,0.1767533673638726
8048,0.3989856143807483
8049,0.4605917189344615
8050,0.36353638000768096
8051,0.1825534874598791
8052,0.1331731445591633
8053,0.10153923034667978
8054,0.010196397546324287
8055,0.3098457560177059
8056,0.42981456879668756
8057,0.6615663530179875
8058,0.5029761904761906
8059,0.006376895574602415
8060,0.24359335823636907
8061,0.016169386983516332
8062,0.3501428078647131
8063,0.03953258580664554
8064,0.25215139469321945
8065,0.6103360269783915
8066,0.43795740740185907
8067,0.4918544509544741
8068,0.1230480667238747
8069,9.224435600918568e-06
8070,0.662606797880367
8071,0.599143479392768
8072,0.8697452258791004
8073,0.9275375637068269
8074,0.5747868325946123
8075,0.6273571767498776
8076,0.8932604780812969
8077,0.6755046649377661
8078,0.5809296826367574
8079,0.8708708708708708
8080,0.6589337457216324
8081,0.6906527708871915
8082,0.42877205113371775
8083,0.3183105863919835
8084,0.37841641714612706
8085,0.8266203330122381
8086,0.8146814160065379
8087,0.6537234973774222
8088,0.7832034069240595
8089,0.5059523809523809
8090,0.6204583480112824
8091,0.258909247553639
8092,0.011983712652211875
8093,0.6607637921357885
8094,0.5105905782398226
8095,0.5710079602559183
8096,0.08528960187048917
8097,0.07729677469104479
8098,0.24681112763893265
8099,0.0009417272058791504
8100,0.0008517794802723744
8101,0.04088257533394335
8102,0.0036425972893540104
8103,0.04641017341124909
8104,0.18134293967129256
8105,0.09408935040126243
8106,0.18181581279208725
8107,0.650774789682903
8108,0.578851123943855
8109,0.09222853230636019
8110,0.177772413477171
8111,0.18185641216279924
8112,0.19220532420116632
8113,0.00756686286364483
8114,0.23794744854137162
8115,0.4285678616114653
8116,0.08344614326845445
8117,0.08058204792140178
8118,0.39405516591095524
8119,0.138054429317499
8120,0.04231185963948303
8121,0.14272171043273396
8122,0.6337824021047498
8123,0.15322720209552665
8124,0.10736852125594187
8125,0.18055758776851505
8126,0.2564391891489197
8127,0.19369675838248623
8128,0.052279529581865214
8129,0.2027610747332863
8130,0.044464350552718135
8131,0.34286010739473394
8132,0.34513212583784814
8133,0.08824161326488766
8134,0.5703455773238735
8135,0.153359255322711
8136,0.31272211931447014
8137,0.6338099857824558
8138,0.030930824064547613
8139,0.24478016073200737
8140,0.09077021023697496
8141,0.3076909713186132
8142,0.0009693908084478231
8143,0.29484075187721426
8144,0.7857133257665069
8145,0.007974508534307034
8146,0.664471692739915
8147,0.37
8148,0.11484129766775708
8149,0.14995482851193487
8150,0.35434078788751944
8151,0.10529905194651912
8152,0.035839813028014755
8153,0.03751844851953989
8154,0.07273246319230764
8155,0.24341633949107255
8156,0.19729688768762466
8157,0.17643921546596197
8158,0.12943562933302666
8159,0.23278768931065374
8160,0.20767328797222095
8161,0.3849903869628907
8162,0.1821717216159202
8163,0.8343338569611912
8164,0.510568071701913
8165,0.42459275149890174
8166,0.8030604147246985
8167,0.4505204297217621
8168,0.09153444561617008
8169,0.43039000714682496
8170,0.36162471260351414
8171,0.16028972190826507
8172,0.05025902845148511
8173,0.18947224190398693
8174,0.2627922634790828
8175,0.13716443290545688
8176,0.2721547138771767
8177,0.3460516545058848
8178,0.06249626361325822
8179,0.7022175913630299
8180,0.5601611979744654
8181,0.5554888492269148
8182,0.5768846007277976
8183,0.3818740304263646
8184,0.5460817425852782
8185,0.3414311328455665
8186,0.4701602890416945
8187,0.01817299964911867
8188,0.050865125977140435
8189,0.3762728664114434
8190,0.0009030130002734005
8191,0.03324881575452976
8192,0.08903448158870864
8193,0.6267495808186916
8194,0.36379038861703916
8195,0.0005995995124573605
8196,0.0057358240210245715
8197,0.1347238319071551
8198,0.6291901752984501
8199,0.7520348092542781
8200,0.6126683294657116
8201,0.62184639275074
8202,0.6198488101363182
8203,0.5321588607934805
8204,0.5632316830911135
8205,0.5215712877420279
8206,0.5542882340294972
8207,0.17844149589306668
8208,0.640625
8209,0.51875
8210,0.7513362854484498
8211,0.5562913907284769
8212,0.46926839462179226
8213,0.7272727272727273
8214,0.75
8215,0.42102006686013704
8216,0.5714285714285714
8217,0.5779009010343809
8218,0.5449775960140819
8219,0.5914401940625842
8220,0.5647746711623358
8221,0.5612909954707581
8222,0.45680337490233847
8223,0.4270397314098777
8224,0.5669092995207726
8225,0.36769128983848853
8226,0.31604104025688984
8227,0.679760094384581
8228,0.0397657745169564
8229,0.0018092095245191286
8230,0.3715122769958392
8231,0.049795557612082986
8232,0.004990428238485278
8233,0.04168572689713279
8234,0.04215969389662044
8235,0.26056138836092846
8236,0.15862791162678136
8237,0.6276516555848952
8238,0.21126470061759717
8239,0.026658064797021486
8240,0.01979149871790531
8241,0.2016455432822326
8242,0.11704166595285892
8243,0.03155753546818685
8244,0.005940179220577324
8245,0.20051336931945052
8246,0.3938125020203964
8247,0.2016408269675094
8248,0.35739458570160354
8249,0.15768406557860726
8250,0.051761861223134975
8251,0.4026302726467291
8252,0.09076614466194355
8253,0.4290362316611842
8254,0.3246753967351219
8255,0.3077461737534469
8256,0.09496902669593732
8257,3.2366866408173323e-06
8258,0.0006822412425180335
8259,0.030664497662765577
8260,0.3833333155314508
8261,0.4754649903863588
8262,0.3329008686520488
8263,0.12998580551811645
8264,0.06755205180103052
8265,0.45644146421633236
8266,0.4253250263575511
8267,0.0014964870159540622
8268,0.2667405613201178
8269,0.041016752194316664
8270,0.0907070586248846
8271,0.20629516768577028
8272,0.3539572254580463
8273,0.3753127171870827
8274,0.4227274561578893
8275,0.4847316535909797
8276,0.2571473255284693
8277,0.13329581806858914
8278,0.026992768708085202
8279,0.09806143893299413
8280,0.04084266411954873
8281,0.0646082148832332
8282,0.04453111141512911
8283,0.00167482535148622
8284,0.1371156371092197
8285,0.4361002649291671
8286,0.03869965663063524
8287,0.006123920316588816
8288,0.4780697324113743
8289,0.03910674894724386
8290,0.04394669043052635
8291,0.20592011561682555
8292,0.6774668851246061
8293,0.03891588392162959
8294,0.04795086655495773
8295,0.2812030067715906
8296,0.03834482762164737
8297,0.2812068587950438
8298,0.22224234494364503
8299,0.00037314084634421096
8300,0.11712465164552877
8301,0.2864321452234133
8302,0.11714998979072755
8303,0.06489717144964235
8304,0.33370648936281744
8305,0.5733632488810807
8306,0.33613210224487344
8307,1.1102230246251565e-16
8308,0.11928804367474688
8309,0.11895978260274997
8310,0.06367665278411438
8311,0.006579957782010926
8312,0.006572123200635049
8313,0.006615601750384781
8314,2.220446049250313e-16
8315,1.1102230246251565e-16
8316,0.16657417206567227
8317,0.31609058976236637
8318,0.16829793164439744
8319,0.21248103712791433
8320,0.21000299455838645
8321,1.1102230246251565e-16
8322,0.46364173810227605
8323,1.1102230246251565e-16
8324,0.4785701399448469
8325,0.08996418227318581
8326,1.1102230246251565e-16
8327,1.1102230246251565e-16
8328,0.12054835369453687
8329,0.4348996544351482
8330,0.3003479585446782
8331,2.220446049250313e-16
8332,0.5080889731475475
8333,0.20318803499061966
8334,0.25167380795364735
8335,0.302585297423673
8336,2.001837347553881e-06
8337,0.04168551983727298
8338,0.16182441060506547
8339,0.1428571428571429
8340,0.0004133939644481721
8341,0.24967672413793107
8342,0.0004133939644481721
8343,0.4323838850397743
8344,0.5002068680182044
8345,0.14100985221674878
8346,0.14179434948188818
8347,0.4285714285714286
8348,0.004681647940074973
8349,0.1675101214574899
8350,0.0004133939644481721
8351,0.3330571665285833
8352,0.5557394382384039
8353,0.002086811352253748
8354,0.2886836027713626
8355,0.11147857241284276
8356,0.38655172413793104
8357,0.5
8358,0.0009186954524574853
8359,0.004194630872483174
8360,0.4285714285714286
8361,0.11147948611686698
8362,0.11074380165289255
8363,0.13953201970443352
8364,0.5712953091684435
8365,0.2496893123446562
8366,0.2900032992411745
8367,0.11111111111111105
8368,0.25
8369,0.28791015747537485
8370,0.20680680680680685
8371,0.5002068680182044
8372,0.5557394382384039
8373,0.016042780748663166
8374,0.25046497210167384
8375,0.11111111111111116
8376,0.3333333333333335
8377,0.37719587176108915
8378,0.28979233327059406
8379,0.032298136645962816
8380,0.14285714285714268
8381,0.2877826806398234
8382,0.2850868937825459
8383,0.03354037267080745
8384,0.14179434948188818
8385,0.005149812734082548
8386,0.25
8387,0.0032771535580524702
8388,0.12265938475256355
8389,0.1237452198852772
8390,0.029813664596273326
8391,0.11111111111111116
8392,0.5557394382384039
8393,0.28602798168015553
8394,0.00421348314606762
8395,0.2958984375
8396,0.11434925093632964
8397,0.03676470588235292
8398,0.2496893123446562
8399,0.29260893546607825
8400,0.5002068680182044
8401,0.5
8402,0.00125838926174493
8403,0.001267962806424272
8404,0.004194630872483174
8405,0.0013780431786862835
8406,0.5002068680182044
8407,0.09694258016405677
8408,0.6411693221712125
8409,0.290106029236464
8410,0.006930693069306937
8411,0.0013780431786862835
8412,0.2854011398509425
8413,0.29041972520233383
8414,0.5
8415,0.1428571428571429
8416,0.2867040580666447
8417,0.11147857241284276
8418,0.20328755722014158
8419,0.00047801147227521934
8420,0.499844816883923
8421,0.28636689943222604
8422,0.10247524752475246
8423,0.2877826806398234
8424,0.2850868937825459
8425,0.0004133939644481721
8426,0.0018373909049149706
8427,0.5002068680182044
8428,0.15217391304347816
8429,0.2870339821840976
8430,0.0070224719101124045
8431,1.9672873676324087e-05
8432,0.12704822097378288
8433,0.14285714285714302
8434,0.16870300751879697
8435,0.25163246268656714
8436,0.0038610038610037423
8437,0.4285714285714286
8438,0.3716819498069498
8439,0.0030364372469635637
8440,0.05719237435008662
8441,0.008687258687258614
8442,0.3333333333333335
8443,0.3336091573576059
8444,0.014936805821524457
8445,0.2525652985074627
8446,0.380377024291498
8447,0.5
8448,0.0614623807841751
8449,0.11999284692417733
8450,0.013157894736842035
8451,0.5002068680182044
8452,0.3336091573576059
8453,0.428807849163662
8454,0.11417079207920788
8455,0.4285714285714286
8456,0.006928406466512715
8457,0.0004568296025582175
8458,0.005597760895641901
8459,1.1102230246251565e-16
8460,0.005197920831667369
8461,0.16593599298553263
8462,0.11957558416785885
8463,0.12704822097378288
8464,0.5288104739900581
8465,0.0019305019305018156
8466,0.12846534653465347
8467,0.2846800882515167
8468,0.1253901025412395
8469,0.05592105263157898
8470,0.33361738389433315
8471,0.49124313186813184
8472,0.267807877679907
8473,0.09413604176358081
8474,0.16647187159108634
8475,0.30825584671738515
8476,0.22365547365547367
8477,0.26779065683175285
8478,0.3217574322546697
8479,0.10282439945308297
8480,0.00024758603614749575
8481,0.5719908781356409
8482,0.3742240844196151
8483,0.2681852623602955
8484,0.5721783137046641
8485,0.1244578686493184
8486,0.45579858737753476
8487,0.1428571428571429
8488,0.6152137131919402
8489,0.10015267175572518
8490,0.33333333333333337
8491,0.583733493397359
8492,0.4517035475939586
8493,0.14416919184030474
8494,0.45821984283522754
8495,0.30901350557839113
8496,0.6663946318462097
8497,0.44993715961457903
8498,0.6425977798526818
8499,0.668149188514357
8500,0.33250620347394544
8501,0.0011081560283687786
8502,0.33333333333333337
8503,0.32367331576966507
8504,0.4274811051914261
8505,0.04466717627124617
8506,0.49938149430974765
8507,0.24519116599382573
8508,0.2932899992531339
8509,0.5001073191672032
8510,0.35561347233360074
8511,0.33956023139580627
8512,0.33207070707070707
8513,0.1263523956723338
8514,0.3733357540547083
8515,0.395956607495069
8516,0.12481899048407119
8517,0.4140998637095775
8518,0.5379799666110183
8519,0.3321575543797767
8520,0.3331626994283764
8521,0.12499999999999989
8522,0.2858911328829624
8523,0.39063134251616916
8524,0.3734870491406439
8525,0.37655084137092265
8526,0.11111111111111116
8527,0.3940194420963651
8528,0.11245384357166843
8529,0.5982436367051751
8530,0.30406106870229
8531,0.14204294873969547
8532,0.2881000992649534
8533,0.41666666666666663
8534,0.1416358516809716
8535,0.37471522992546746
8536,0.6364554405453169
8537,0.08259094283593182
8538,0.49652173913043474
8539,0.42759369907658873
8540,0.01214882308276366
8541,0.27144260092003936
8542,0.6152979707834405
8543,0.3459101844426624
8544,0.22206132487472996
8545,0.04233511586452754
8546,0.30030911901081914
8547,0.30665945307889053
8548,0.302713987473904
8549,0.5058500914076782
8550,0.5468633930172391
8551,0.6662087912087913
8552,0.1112948417619769
8553,0.22254401691720682
8554,0.1105599191585136
8555,0.3626080356487036
8556,0.36373500937134484
8557,0.3168799512492384
8558,0.5399978173087416
8559,0.3293102003184982
8560,0.10769888793840887
8561,0.42750962261646686
8562,0.24833003463631864
8563,0.23611111111111116
8564,0.22206159071090903
8565,0.3341666666666667
8566,0.41274809160305337
8567,0.30648174440674936
8568,0.3002420037479725
8569,0.3699411552780112
8570,0.3849212417800888
8571,0.33490944776518883
8572,0.7141314409132984
8573,0.48184006670196755
8574,0.24572548088340063
8575,0.5576218653141729
8576,0.37894992707826924
8577,0.014018647024564679
8578,0.33255921969345104
8579,0.08132890820132066
8580,0.3273262661955241
8581,0.24937395659432382
8582,0.3571428571428572
8583,0.596482577251808
8584,0.00020669698222408606
8585,0.24968671679197996
8586,0.009494482935591408
8587,0.16647268777157065
8588,0.26814458383456485
8589,0.31475655430711613
8590,0.5996283679157635
8591,0.44178328793713406
8592,0.37186031437368317
8593,0.340347093709473
8594,0.031839954916877855
8595,0.22258609761250814
8596,0.04345350760448452
8597,0.04168551983727298
8598,0.10710828256694815
8599,0.7511900655093382
8600,0.7516052968932629
8601,0.7711376193590587
8602,0.7878526963247334
8603,0.7702977169685616
8604,0.7710718799486698
8605,0.752535634624261
8606,0.5884933306955071
8607,0.6997396958227344
8608,0.6666675399072624
8609,0.6668175735246858
8610,0.6991351528871592
8611,0.6998445893248355
8612,0.7699911938797996
8613,0.801143250053748
8614,0.5886191886434712
8615,0.6051561516383102
8616,0.36407785143357585
8617,0.4002021071312649
8618,0.41832775462631744
8619,0.5886498853252187
8620,0.5008167758895883
8621,0.4187961291270743
8622,0.29998170934543456
8623,0.5992817440569255
8624,0.49268554736272396
8625,0.5753059506064231
8626,0.0018926599244627473
8627,0.6583066928161063
8628,0.04204554658386528
8629,0.11996870101649759
8630,0.0434450522932287
8631,0.814667877370592
8632,0.7968379215442302
8633,0.25261154480151016
8634,0.4352907908681616
8635,0.6672866718995256
8636,0.5010127239659206
8637,0.4609915373961283
8638,0.4470855921463206
8639,0.0006590128881962531
8640,0.1785267557198985
8641,0.8666035340474472
8642,0.8250934130902732
8643,0.7295219150942582
8644,0.19938932704386647
8645,0.6108450560989267
8646,0.209524390588813
8647,0.349396177934139
8648,0.167399876620703
8649,0.0010220243099521298
8650,0.06371989742079198
8651,0.2969039781379189
8652,0.3056814381904841
8653,0.16428065634371125
8654,0.4374171701301517
8655,0.24764000109060602
8656,0.8420846731956962
8657,0.2587692082251609
8658,0.21212114054506181
8659,0.08847806469956465
8660,0.17988987442658655
8661,0.022055660111454545
8662,0.40379709362933436
8663,0.409942193893189
8664,0.25877942020845246
8665,0.4523220379853484
8666,0.028264126225818975
8667,0.33773669426868935
8668,0.13331823639219942
8669,0.13333333333333341
8670,0.3104087694832879
8671,0.44887060761389497
8672,0.027076198464619727
8673,0.05843777963878849
8674,0.09875808571275868
8675,0.0356410758329373
8676,0.9270645058963187
8677,0.09494183555315472
8678,0.14461547860836088
8679,0.30481793328877427
8680,0.3157883018705029
8681,0.03392969009980484
8682,0.23931273616495619
8683,0.0009229516561363171
8684,0.0006532791276253613
8685,0.13190836828387975
8686,6.3357208665904e-05
8687,0.3647784022666368
8688,0.431158305394987
8689,0.5517243866377439
8690,0.48151231779268877
8691,0.5501433831508398
8692,0.5320979797700465
8693,0.025091119895820246
8694,0.4167622286178446
8695,0.8580720865504352
8696,0.8312309472694013
8697,0.8443265588022204
8698,0.26659305271618405
8699,0.32665889146168636
8700,0.8592923058288158
8701,0.9058403554025428
8702,0.5882976195119543
8703,0.0032965102079600683
8704,0.2626375019446281
8705,0.6267276983442229
8706,0.19858951080184561
8707,0.055665223954976306
8708,0.6894951916473426
8709,0.28482852411820014
8710,0.14535476786078827
8711,0.8173622904321685
8712,0.7277686671103567
8713,0.5657200061078819
8714,0.16225231025644793
8715,0.14279459817691265
8716,0.42344673493183616
8717,0.2333358221559393
8718,0.1111092345194985
8719,0.2000196921481282
8720,0.8619863911169083
8721,0.5241531819126852
8722,0.7983405893347655
8723,0.8620897936639053
8724,0.8170251657598628
8725,0.5242657902466812
8726,0.10736388390284568
8727,3.1026692999369665e-05
8728,0.23529411764705888
8729,0.2776024141948258
8730,0.31429426839798824
8731,0.36359342296199637
8732,0.45249299331145254
8733,0.3481456509276587
8734,0.6675937290104914
8735,0.8250871752241926
8736,0.7020053694729408
8737,0.6284201615412719
8738,0.5883449047562237
8739,0.3986970770700764
8740,0.8145565688919468
8741,0.6680648470897377
8742,0.6689335138846915
8743,0.3466860713294966
8744,0.8253053342215928
8745,0.4392733173013288
8746,0.34958346925181705
8747,0.7293806741609509
8748,0.5858985464044375
8749,0.6677518795916426
8750,0.34800059226415636
8751,0.4540448309077433
8752,0.5110900773338889
8753,0.6285968432388993
8754,0.6284693011721244
8755,0.6277072937674475
8756,0.3960930921542848
8757,0.8337683089764044
8758,0.7552540034997632
8759,0.7281288646935038
8760,0.28876443314335165
8761,0.4410148534962469
8762,0.4770879725227364
8763,0.5711887481595503
8764,0.28955692452257675
8765,0.5744745557334603
8766,0.6270953032128288
8767,0.39913435392032015
8768,0.7538681625469912
8769,0.0400417407591529
8770,0.286986083681262
8771,0.4765652136494749
8772,0.4430958316299213
8773,0.7105853793689558
8774,0.054636663141810815
8775,0.31061941154507844
8776,0.30071940303719047
8777,0.25523028458570385
8778,0.6499125945735106
8779,0.05614359932211743
8780,0.257528269211023
8781,0.33999612339776064
8782,0.11167090060667695
8783,0.11480098283207896
8784,0.2545783324554812
8785,0.20006250991847352
8786,0.024758404523076316
8787,0.07996251877564475
8788,0.11111901960433535
8789,0.027026425066420168
8790,0.25263911221979873
8791,0.18552818384093095
8792,0.11933899685424298
8793,0.15967152670170393
8794,0.09122726217625354
8795,0.1555019429011123
8796,0.1860911303801891
8797,0.1579057033428133
8798,0.2225090336143436
8799,0.009534772033252814
8800,0.219329233233295
8801,0.23990381631301683
8802,0.34537566867400893
8803,0.1058619545905648
8804,0.24245954175200535
8805,0.34790083826837603
8806,0.031080195239060804
8807,0.11780019659323404
8808,0.3157894115955576
8809,0.46292157667153466
8810,0.3462368684554741
8811,0.0028587578288877813
8812,0.4264691405254767
8813,0.20001741119624472
8814,0.0760624588303137
8815,0.4289396591358703
8816,0.40658603305786
8817,0.6663163614231676
8818,0.5792125318663206
8819,0.6826150141306344
8820,0.6002774724579555
8821,0.5895518005140379
8822,0.5139610229895757
8823,0.2666516164059781
8824,0.30256717808834155
8825,1.5386375694759202e-05
8826,0.20007595869611405
8827,0.2068989620292293
8828,0.5173494279655051
8829,0.20004389681021895
8830,0.2068666694822372
8831,0.20117262909381317
8832,5.5417619287734254e-05
8833,0.33333333333333337
8834,0.23529411764705888
8835,0.0001022266763560653
8836,0.40909090909090917
8837,7.71183698827782e-05
8838,0.4045105296901855
8839,0.407987921091048
8840,0.4587573837371718
8841,0.5191573568666645
8842,8.554758705570098e-05
8843,3.927656512614508e-05
8844,0.3157894736842104
8845,5.288363365774096e-06
8846,0.024989800985146582
8847,0.04655152713257382
8848,0.2500754640026114
8849,0.04355407445593795
8850,0.3030420680925008
8851,0.12895941402104694
8852,0.037105626249291146
8853,0.23332997076246698
8854,0.2245175157104422
8855,0.20002674534567655
8856,0.12497063013414145
8857,0.33333479506042407
8858,0.324450456249488
8859,0.3887906846134762
8860,0.28574259972056737
8861,3.1373644189591765e-05
8862,0.29311504006345046
8863,0.11550785368119143
8864,0.29286618258267394
8865,0.11596829913126327
8866,0.35706623729762066
8867,0.21463442583607695
8868,0.24670956805944566
8869,0.2332827174293194
8870,0.11543334461305488
8871,0.11534709593050196
8872,0.23330072133401003
8873,0.14809281528018936
8874,0.2666394946693913
8875,0.13446760680627123
8876,0.0002552570091652884
8877,0.02010399202962121
8878,0.14483161591619786
8879,0.00025510316010723955
8880,0.020799700849255642
8881,0.2299769322006322
8882,0.27773714295019325
8883,0.15117734290618068
8884,0.11812741070472788
8885,0.020108347076793875
8886,0.31503617680403595
8887,0.05000015992589013
8888,0.019603488090081833
8889,0.07357390775614825
8890,0.019605588288192588
8891,0.01960601596489875
8892,0.08697003151688498
8893,0.07787437072774772
8894,0.019603488090081833
8895,0.019604324350784408
8896,0.019603412673876885
8897,0.019856267934668326
8898,5.59037960112807e-06
8899,0.0382118277333835
8900,0.01985528084155641
8901,0.11534130904325157
8902,0.2097056806008908
8903,0.27773467250022965
8904,0.4700707371527937
8905,0.6334534695196496
8906,0.41148734907070594
8907,0.033031975422145865
8908,0.4378561541913303
8909,6.40258102125868e-05
8910,0.3987992945431056
8911,0.3610198211497424
8912,0.7671759661891134
8913,0.2769864273696925
8914,0.5503277578205861
8915,0.23529411764705876
8916,0.055500905160420944
8917,0.321339774929953
8918,0.4662816673711303
8919,0.09995949420060157
8920,0.22215389039735367
8921,0.2999691068176532
8922,0.05007858982591873
8923,0.1819207956753437
8924,0.018868003365120067
8925,0.22215389039735367
8926,0.3000709319502167
8927,0.15717984550047426
8928,0.22220285813049234
8929,1.9436572401443364e-05
8930,3.725453133762713e-07
8931,8.035291088059893e-08
8932,0.14804631913817623
8933,0.2812190463850939
8934,0.16831400827859533
8935,0.20115287433343987
8936,0.13148427778488003
8937,0.9049704660570934
8938,0.05043248762654018
8939,0.18782532905139104
8940,0.7024338120044769
8941,0.09063975936953672
8942,0.13302303706818475
8943,0.934850372014343
8944,0.7557467043099604
8945,0.7491982000363175
8946,0.7749270185329843
8947,0.886470889805905
8948,0.8881538371388589
8949,0.8103544163686098
8950,0.6836464928197825
8951,0.9582298947207049
8952,0.28771183223791486
8953,0.9573423882109519
8954,0.9868461511648571
8955,0.9146589616190867
8956,0.9152831520006486
8957,0.9155537781133981
8958,0.9155037806444255
8959,0.9165219753030605
8960,0.8974469952949002
8961,0.7237401608093341
8962,0.8185913613409077
8963,0.5737718860581312
8964,0.8160268038296191
8965,0.9075717467421898
8966,0.018585057311290454
8967,0.0038973134649371577
8968,0.19085518083743924
8969,0.060593809788461295
8970,9.70793938237513e-07
8971,0.008790613968036931
8972,0.5234734148251267
8973,0.0038973134649371577
8974,0.018764402822958326
8975,0.4830473623669542
8976,0.2778127074616987
8977,0.22135681168538546
8978,0.18769581026648863
8979,0.22221123239947527
8980,9.70793938237513e-07
8981,0.3171535288947539
8982,0.018764747578822294
8983,0.588450738516745
8984,0.31932383652527485
8985,0.23608647062242305
8986,0.0038973134649371577
8987,0.2801035877383593
8988,0.23602629696583133
8989,0.17641867613846773
8990,0.35074611971545866
8991,0.22135681168538546
8992,0.27922856432922605
8993,0.17645895195238537
8994,0.2368783702097781
8995,0.003489557866313997
8996,0.536157497267773
8997,0.13692636116780565
8998,0.2793553956786671
8999,1.9415878766970707e-06
9000,0.23334843000201866
9001,0.38358725695489293
9002,0.12493196160352793
9003,0.22216187416804045
9004,0.19002369178693723
9005,0.3073697233273468
9006,0.09999650514182146
9007,0.23529411764705888
9008,0.17859909387095008
9009,0.23607487597973242
9010,0.008382858369414214
9011,0.13460915093962877
9012,0.5366287635537035
9013,0.26904502641568506
9014,0.6107498980408714
9015,0.0034899078457517607
9016,0.48049692105644437
9017,0.516722897080962
9018,0.018563569508123656
9019,0.587775615418668
9020,0.6305355890669213
9021,0.09999563142727685
9022,0.5620022880566808
9023,0.3611621826916621
9024,0.6766348733229017
9025,0.582783052873872
9026,0.3171618760861721
9027,0.5328419790800178
9028,0.45889192530737466
9029,0.4400262156332855
9030,0.5688519064729549
9031,0.4804962222343928
9032,0.28493012878961155
9033,0.1778384715974719
9034,0.3030430945855661
9035,0.1578947368421051
9036,0.27778077806937984
9037,6.319403640786536e-05
9038,0.1914866455608749
9039,0.04000275676803533
9040,0.13804280971330107
9041,0.11764705882352955
9042,0.30403256733763095
9043,0.3043470089787794
9044,0.1580018006609154
9045,0.11122412291985517
9046,0.23774995054157455
9047,0.13509767144450435
9048,0.2727181006445679
9049,0.022103930862852894
9050,0.1199629978668394
9051,0.18429066914144288
9052,0.14666661073550125
9053,0.5365825005769421
9054,0.2631116189605899
9055,0.015384961325257351
9056,0.49990382271155775
9057,0.1874631985254145
9058,0.26241834650855933
9059,0.4399597566411675
9060,0.06665894666312477
9061,0.1095492170667759
9062,0.07142704815152645
9063,0.1950866705599975
9064,0.030302888432176323
9065,0.7454341194534155
9066,0.20987651916539407
9067,0.1446986057665346
9068,0.5167912352095314
9069,0.4814145832710016
9070,0.2465965756544295
9071,0.6216168315131303
9072,0.5789446836370423
9073,0.3010392018826513
9074,0.44065183809257247
9075,0.27777479291012264
9076,0.044777636202570026
9077,0.002042020383360321
9078,0.0859977753871286
9079,0.49830602939361557
9080,0.3333331098326183
9081,0.0020421372353901512
9082,0.08495963305049781
9083,0.04564151323647714
9084,0.18899274541505307
9085,0.23534279370247613
9086,0.7606537028228675
9087,0.00840172423807617
9088,0.42860707674767384
9089,0.2777777777777779
9090,0.8461202708836996
9091,0.002042283300427772
9092,0.24368983794028976
9093,0.8709363637567478
9094,0.016961476255884622
9095,0.4621728862126696
9096,0.02440301565729852
9097,0.05368976611231013
9098,0.017162710913642187
9099,0.5689439743517891
9100,0.30921355911475756
9101,0.18898451486929335
9102,0.01696159133742925
9103,0.017162682910465965
9104,0.6245854832214779
9105,0.23669897855446576
9106,0.5937377694822616
9107,0.17872680355923232
9108,0.30553380993370505
9109,0.01736383048985468
9110,0.1889792699415862
9111,0.19180167494589584
9112,0.6666649345361246
9113,0.09629081752035329
9114,0.19851360972535292
9115,0.03281486110377918
9116,0.19867376288588035
9117,0.17792634731422585
9118,0.21638330393514937
9119,0.5933706086631978
9120,0.3332852995774702
9121,0.03993519533589818
9122,0.1574492754728456
9123,0.12499074900722595
9124,0.44496958284307875
9125,0.2099205054421719
9126,0.2578531268629134
9127,0.2631539060738568
9128,0.6363528555725664
9129,0.2499986126987317
9130,0.4877915367416059
9131,0.40617258544638535
9132,0.6215956057379333
9133,0.6818267383060757
9134,0.46826535186881135
9135,0.36607775577425816
9136,0.1749919737653235
9137,0.55301895175487
9138,0.00020445889140807694
9139,0.023211570354175204
9140,0.1979900495713447
9141,0.11981169578197437
9142,0.16471963205123563
9143,0.37563994236788467
9144,0.037210371538406006
9145,0.16401221364870255
9146,0.24922603640639962
9147,0.1175484922799579
9148,0.01898035803415432
9149,0.360659638479071
9150,0.16051571177196677
9151,0.11392169830318766
9152,0.4427079071792883
9153,0.3000001378303576
9154,0.15876451537213743
9155,0.23810572990113876
9156,0.28343855828926023
9157,0.24843922512847993
9158,0.11386540978954651
9159,0.11387717041851675
9160,0.16596876038962582
9161,0.391376756415981
9162,0.07225182609985559
9163,0.019230701426887098
9164,0.42199754209557927
9165,0.11294716138351324
9166,0.3181614123103689
9167,0.4400252731119687
9168,0.014705745449380525
9169,0.13058146736912524
9170,0.014705882352941013
9171,0.23524536039247135
9172,0.10659874067355446
9173,0.3129072759548186
9174,0.2769996808387738
9175,0.2747812635759912
9176,0.3121974889313358
9177,0.3129233133111553
9178,0.3493670366915478
9179,0.314326504835861
9180,0.19871674026068453
9181,0.17684844578186165
9182,0.31578935862890267
9183,0.014504130072881538
9184,0.2769827525181965
9185,0.313632579201773
9186,0.2770285581418789
9187,0.1883617798228574
9188,0.3897745372875768
9189,0.00020474683980875596
9190,0.10519947020323706
9191,0.27623365432956715
9192,0.3129506707562021
9193,0.4794267073927613
9194,0.1697765714881606
9195,0.34936714599409047
9196,0.4810775646451835
9197,0.7101848214408741
9198,0.20184925104246476
9199,0.47784191208269267
9200,0.3791048605889663
9201,0.47942653250869294
9202,0.07337769110773051
9203,0.014907387473473532
9204,0.00020462974972668135
9205,0.18292615364913956
9206,0.07046544518604791
9207,0.62700726179244
9208,0.6289313105912675
9209,0.07595189872238983
9210,0.07163322087967605
9211,0.22862451767118508
9212,0.5937521940878028
9213,0.1324496210607966
9214,0.5945684445795157
9215,0.18920403306796585
9216,0.5928791761954414
9217,0.49948789137531113
9218,0.1927594792088294
9219,0.03947337305858656
9220,0.026876831252729882
9221,0.45299779723299904
9222,0.28399341789993626
9223,0.15778806465660866
9224,0.33341649523016337
9225,0.1099997568189629
9226,0.039473708952728837
9227,0.02666669629732843
9228,0.05260547473285637
9229,0.3192242532260643
9230,0.39998185808158926
9231,5.916357426194452e-07
9232,0.0010307979352145447
9233,0.33262329136995805
9234,0.12500222760871083
9235,0.1046693581658602
9236,0.02667639122194687
9237,0.49705930261582276
9238,0.11494423167752665
9239,0.052605315925367546
9240,0.38093012328219267
9241,0.039672926043924805
9242,0.32147016567890796
9243,0.15098859593283387
9244,0.026467525066679154
9245,0.349958426973365
9246,0.013715397038024268
9247,0.14466696301383386
9248,0.44062931812748696
9249,0.6578711827924495
9250,0.35774677626962814
9251,0.06841810886113309
9252,0.09431739867668565
9253,0.20640026332690542
9254,0.1332783349382779
9255,0.5517227783003116
9256,0.08289141157271529
9257,0.46656363091730124
9258,0.566664921446316
9259,0.14462131388367783
9260,0.01492334307961396
9261,0.37901443450272054
9262,0.33127263738620527
9263,0.09859322743544363
9264,0.37913306637234145
9265,0.029211150609962044
9266,0.1324205527196517
9267,0.13333281159436217
9268,0.2822850333252055
9269,0.3129810569518845
9270,0.3790536311236362
9271,0.6377850748667302
9272,0.055984093942243685
9273,0.35418130133922465
9274,0.7400264511360863
9275,0.015124921361057586
9276,0.3473734887884169
9277,0.06963310187103344
9278,0.014923566078048345
9279,0.16404201080387837
9280,0.27785866877138
9281,0.1423287493697868
9282,0.27702750340737214
9283,0.05602440980289125
9284,0.10442667935918581
9285,0.27715264070041834
9286,0.5512504254583326
9287,0.10257977629929216
9288,0.00020383159091230674
9289,0.27776672371936884
9290,0.2770168841314391
9291,0.13338797862556895
9292,0.29163464888676693
9293,0.2465817722825333
9294,0.15030025491290844
9295,0.16483043808135545
9296,0.2819092637134262
9297,0.49993343176688076
9298,0.4684357905302975
9299,0.10129652124160082
9300,0.28115696181713357
9301,0.37829120818423023
9302,0.0009688114199651876
9303,0.5071763486718259
9304,0.39086485402795
9305,0.7679130804186729
9306,0.08571344871321629
9307,0.4110439246103196
9308,0.6573795563924574
9309,0.7100620731268645
9310,0.6898226139467049
9311,0.7127750597112106
9312,0.013289325837401833
9313,0.37672288395821174
9314,0.43023559507589704
9315,0.508444809436511
9316,0.00789994178881015
9317,0.32705124849517564
9318,0.2817419396563918
9319,0.06953688945447889
9320,0.08087900619075128
9321,0.5432721812869109
9322,0.5305795412912007
9323,0.40645870575522136
9324,0.2889836842204727
9325,0.8058880337397296
9326,0.8089204324640495
9327,0.142742621675918
9328,0.3209831810572109
9329,0.368464652957869
9330,0.8044284909892018
9331,0.12378568301297044
9332,0.32720997736047985
9333,0.18959189257290787
9334,0.26766446161982826
9335,0.23839620266244488
9336,0.092142229374785
9337,0.22698484486899762
9338,0.5503601858763539
9339,0.14352431002163935
9340,0.2094097779549733
9341,0.11294426187227202
9342,0.1236631718537633
9343,0.2306270767612144
9344,0.7013313701141
9345,0.8013846832285679
9346,0.7823578139575044
9347,0.904095804571784
9348,0.8134467804078306
9349,0.8270252173210786
9350,0.7755778890099156
9351,0.9320697106961258
9352,0.982261603595245
9353,0.974251592570345
9354,0.7727451439488444
9355,0.8805741364888596
9356,0.8344526786748305
9357,0.5338754997652619
9358,0.9322591220673487
9359,0.8282641745114963
9360,0.9078011827122278
9361,0.29069711269963605
9362,0.944946325709512
9363,0.972425952481421
9364,0.5216092059042663
9365,0.97444510827523
9366,0.7129725059808895
9367,0.12311455496747858
9368,0.19366898111216235
9369,0.15739064568125838
9370,0.24712404497417761
9371,0.002006083734590547
9372,0.24491963223098
9373,0.08953250108672706
9374,0.4982708502431813
9375,0.10255792079437842
9376,0.07643224280698846
9377,0.43133414617977484
9378,0.47108264769941377
9379,0.10838844706399275
9380,0.0009706012240759954
9381,0.2175850472735953
9382,1.7579968780712107e-07
9383,0.019225732908843995
9384,0.0009707688601826581
9385,0.26603380653564246
9386,0.019228850631940575
9387,0.048042709574196096
9388,0.019228850631940575
9389,0.05882368801696369
9390,0.014301519907720661
9391,0.11618758883330305
9392,0.20833213892607383
9393,0.10144077540695218
9394,0.06967969330124191
9395,0.4476655470758719
9396,0.1446975995903228
9397,0.20910026613796506
9398,0.15095165992253134
9399,0.11596320550546158
9400,0.21636274144821743
9401,0.28004420898153304
9402,0.07497898619303245
9403,0.050560083806376555
9404,0.15405836565916886
9405,0.14751023254481532
9406,0.18647939326498653
9407,0.07460041028565811
9408,0.5714133481047952
9409,0.1875
9410,0.18611901178425294
9411,0.2812153066898294
9412,0.40794307472976876
9413,1.7250875072871708e-07
9414,0.6977105900234577
9415,0.00429779676893749
9416,0.33335501813089863
9417,0.051002853420000216
9418,1.1708738745230818e-07
9419,0.049995661592153295
9420,0.6085184907160321
9421,0.4285034467553478
9422,0.2081653734254849
9423,0.015151053898170064
9424,0.7255149625496979
9425,0.5386250445028302
9426,0.1250025993215107
9427,0.19353338524937347
9428,0.02213729052996427
9429,0.23529398958711245
9430,0.10940488411660154
9431,0.18765563738622093
9432,0.2605994200598426
9433,0.7031628036107462
9434,0.39283650133068415
9435,0.2867855605831774
9436,0.13354376963287573
9437,0.38517656465219874
9438,0.448274010493786
9439,0.058882476698234654
9440,0.4074423669217274
9441,6.683755260361579e-05
9442,0.42691089251019965
9443,0.2260068744327971
9444,0.19734074363533072
9445,0.3840099056306817
9446,0.5351954669146111
9447,0.4777618369793897
9448,0.506563157905736
9449,0.47823540656437535
9450,0.46701290925298367
9451,0.5098911750890373
9452,0.47765685022968707
9453,0.5097052323213171
9454,0.4858171240486254
9455,0.4854868271835493
9456,0.486757313600673
9457,0.5062033454614869
9458,0.4673766622973152
9459,0.5324472883695005
9460,0.4893772547497982
9461,0.4900305420349991
9462,0.3677046354743221
9463,0.02286601620851736
9464,0.3695914104514497
9465,0.4030356532152356
9466,0.17665346393696701
9467,0.2344558237749097
9468,0.39936073166590325
9469,0.4940616871909661
9470,0.3948959857296169
9471,0.16148519727739452
9472,0.3361708830524215
9473,0.37583009791182076
9474,0.41163199588004673
9475,0.41163205525369617
9476,0.062499884544811146
9477,1.2655982684073308e-07
9478,2.296764592113476e-05
9479,0.14285714285714268
9480,0.13047514494382628
9481,0.23564533743767813
9482,0.2274075532668014
9483,0.05144726899354157
9484,0.05199615790347312
9485,0.1857528485146609
9486,0.006038711111349571
9487,0.14998003752602518
9488,0.09130663880554268
9489,0.27035025021179304
9490,0.0747972386983834
9491,0.07692307692307698
9492,0.15335567596401156
9493,0.31071465358862027
9494,0.0876882687336571
9495,0.2922367599856944
9496,0.29101429219400354
9497,0.25803780216513283
9498,0.27477524256232766
9499,0.16672345673780775
9500,0.6874998503249347
9501,0.16666666666666652
9502,0.27271732881909694
9503,0.16666666666666652
9504,1.1102230246251565e-16
9505,0.046078805155663205
9506,1.1102230246251565e-16
9507,0.40631314976046384
9508,0.007266221470368928
9509,0.46586158159896796
9510,0.1787888924249008
9511,0.250133298205617
9512,0.11554557761637019
9513,0.0008346351629355819
9514,0.2037094272452873
9515,0.2789349686416742
9516,0.2252229565604994
9517,0.23754260335105826
9518,0.22778584129621915
9519,0.21868552661997132
9520,0.2433211597307362
9521,0.23798997912658637
9522,0.22750356628560753
9523,0.23765324392076825
9524,0.2250943093595954
9525,0.16047985856906444
9526,2.220446049250313e-16
9527,0.3313980116872952
9528,0.29271612152317084
9529,1.1102230246251565e-16
9530,1.1102230246251565e-16
9531,1.1102230246251565e-16
9532,2.220446049250313e-16
9533,0.25
9534,1.1102230246251565e-16
9535,0.648344796207712
9536,1.1102230246251565e-16
9537,1.1102230246251565e-16
9538,0.337181951769031
9539,0.011961558533604366
9540,0.00024363933158466633
9541,0.03898056819685303
9542,0.5426947355186225
9543,0.009615446392979399
9544,0.018441773693690044
9545,0.07622794060273363
9546,0.018507768937529145
9547,0.00010904178811310672
9548,0.12478556169030874
9549,0.13291246073424856
9550,0.0716543129551257
9551,0.07120310396477603
9552,0.00024316513718569688
9553,0.2412771132563023
9554,0.18730271596917902
9555,0.15961774143790397
9556,0.060958827844267316
9557,1.1102230246251565e-16
9558,0.2000143800534423
9559,0.058823255406526886
9560,0.26853650822653197
9561,0.20227542035493495
9562,0.2264173668481846
9563,0.00019625439586801185
9564,0.13205110334909043
9565,0.00024281111485646711
9566,0.5474969529012992
9567,0.5175670581517318
9568,0.0705267015733897
9569,0.3222133781280839
9570,0.38394269891479016
9571,0.44266767117038996
9572,0.3936449946359398
9573,0.2145852497446611
9574,0.29944793560770644
9575,0.4190117200155917
9576,0.5411682748960434
9577,0.43803899831424054
9578,0.40754011621503305
9579,0.17044333691146263
9580,0.20928450648763308
9581,0.5807135863526129
9582,0.0634913215436198
9583,0.43752135050434593
9584,0.07075216903718506
9585,0.3588886515222165
9586,0.18789454397911853
9587,0.27277351433605845
9588,0.7398284446298276
9589,0.1333333333333333
9590,0.44284481887527316
9591,0.3911929204817417
9592,0.48207395395397346
9593,0.20768933032568893
9594,0.0671805820662128
9595,0.8709945327807632
9596,0.30017038148558417
9597,0.13207071553607896
9598,0.18572441964008746
9599,0.35
9600,0.37944926452707817
9601,0.18710543193835794
9602,0.13093447262025482
9603,0.040935575033285265
9604,0.13354583352925486
9605,0.27567341478235374
9606,0.31562331948349953
9607,0.09859154929577463
9608,0.39998514887613457
9609,0.15925616561167621
9610,0.000593114915189541
9611,0.4892273842971233
9612,0.023209909104862758
9613,0.2628030999887514
9614,0.05882352941176472
9615,0.4757578040227133
9616,0.2132889813043788
9617,0.3285089101912141
9618,0.19464745393843474
9619,0.11013209297765436
9620,0.7686930507937964
9621,0.3130757751320201
9622,0.06046969376282585
9623,0.6799886554271276
9624,0.2796953255597703
9625,0.8275632267173365
9626,0.45918049322158105
9627,0.061760226641635385
9628,0.7046619255158797
9629,0.17787429834630952
9630,0.48849776228305886
9631,0.7446952323663938
9632,0.3440886780265522
9633,0.09690617308003124
9634,0.7930861527120875
9635,0.42622503262593836
9636,0.2941982194731988
9637,0.13930620792457937
9638,0.03960336591996272
9639,0.08526601195329575
9640,0.22511723373833714
9641,0.0788880043983271
9642,0.0865009485197007
9643,0.16717648142179475
9644,0.18449413632224199
9645,0.019100305254210692
9646,0.07671352799763342
9647,0.09274123046240246
9648,0.17851899562284623
9649,0.015687064456885946
9650,0.18569600058801705
9651,0.02014865716959402
9652,0.0462523108752515
9653,1.1102230246251565e-16
9654,0.025131357323444514
9655,0.0005439791833540264
9656,0.039374919049477874
9657,0.08667022295633575
9658,0.12019718399289436
9659,0.14071511684187732
9660,0.46622349271925756
9661,0.3075167914144423
9662,0.5534778064018708
9663,0.4874537729288557
9664,0.48482607141380707
9665,0.49021683997872556
9666,0.49534848352698424
9667,0.585467668106477
9668,0.5153713699420164
9669,0.5398423920883579
9670,0.2309232496780924
9671,0.021248675641668657
9672,0.16392488653547366
9673,0.4414550902107267
9674,0.3794512619648278
9675,0.44561905966360504
9676,0.2062403698402595
9677,0.008089414669210426
9678,0.0003433038176766656
9679,0.013299835172782881
9680,0.0010181405203136817
9681,0.36598824333893176
9682,0.5115019512023403
9683,0.1313283812093653
9684,0.2369174977094436
9685,0.31350451347918695
9686,0.07171963371335166
9687,0.036594611676998734
9688,0.41928239598263883
9689,0.4296583333851055
9690,0.061744118291243155
9691,0.14569549970524165
9692,0.005169171256421912
9693,0.389832619600356
9694,0.1930465351758266
9695,0.022172635749691305
9696,0.005166973753295778
9697,0.05524759526537104
9698,0.277434119049758
9699,0.024977929297634205
9700,0.25762528367552595
9701,0.2376943887389198
9702,0.13112082186737628
9703,0.11080588975999373
9704,0.25566935632776566
9705,0.3387242444483619
9706,0.2769641651693793
9707,0.019767880037246943
9708,0.12640562527146904
9709,0.2459418181967833
9710,0.16408705461297723
9711,0.34997846658293297
9712,0.2911137724582187
9713,0.310637472586038
9714,0.33909450692789045
9715,0.25744063182172305
9716,0.2522970587685981
9717,0.002080711287310688
9718,0.3668162816574383
9719,0.4043404700578016
9720,0.3783940470255066
9721,0.33023357679761034
9722,0.19050942192605091
9723,0.4431183822553433
9724,0.27355302625407496
9725,0.3099017811577749
9726,0.19942267597337304
9727,0.44762887374768734
9728,0.20246843953953642
9729,0.19662623667477186
9730,0.2688365052011893
9731,0.44823454832024057
9732,0.39265418197139246
9733,0.2718588413450673
9734,0.1737457815122716
9735,0.21510515913634154
9736,0.3463929394536652
9737,0.18647925690300116
9738,0.4097962040044324
9739,0.24991468815272433
9740,0.24234469742641807
9741,0.37199658375349887
9742,0.255803140780437
9743,0.3544685065086892
9744,0.31318554486265116
9745,0.26175909198697567
9746,0.3309510027007041
9747,0.22282296619014563
9748,0.2615685597250905
9749,0.1426538555529604
9750,0.2574408951920575
9751,0.21845951413662623
9752,0.20246841067914523
9753,0.292208410877705
9754,0.1273535006923565
9755,0.25774772041536864
9756,0.2823659506858053
9757,0.3210281763198112
9758,0.3496685490858453
9759,0.3082574762957665
9760,0.12947987153811125
9761,0.1199849404980291
9762,0.2302859611911625
9763,0.23492455721797056
9764,0.2518753041267212
9765,0.34467895421191164
9766,0.3883617204535872
9767,0.31393124365965885
9768,0.2692216986096908
9769,0.36813205740220356
9770,0.2334223440578127
9771,0.37265793050128315
9772,0.313946568303618
9773,0.3361138688027142
9774,0.43012337953355373
9775,0.3573693104054393
9776,0.3952898829929503
9777,0.14516527422489323
9778,0.3681938018421318
9779,0.4157349491138801
9780,0.4203505711357606
9781,0.3775605145982832
9782,0.3872138403380315
9783,0.3893840865240913
9784,0.17936960826530968
9785,0.09732222224775455
9786,0.31315397576713155
9787,0.16712455727993747
9788,0.09845832283778144
9789,0.1430279859262178
9790,0.19784014344332224
9791,0.15890132602206797
9792,0.1691376580504924
9793,0.2482491428040906
9794,0.13805558886803326
9795,0.009637674018238784
9796,0.18199828611441526
9797,0.1489577283963387
9798,0.03556020891826939
9799,0.1564235384702708
9800,0.18145826387583874
9801,0.1275191792727095
9802,0.059328412560302746
9803,0.20648547429854225
9804,0.19866723926074525
9805,0.24078866897847062
9806,0.25454295458288834
9807,0.07177809999181728
9808,0.2686782454636114
9809,0.22913401973535874
9810,0.22381383266171762
9811,0.23752922046805336
9812,0.1974174151410083
9813,0.15233274464792013
9814,0.19992169360503087
9815,0.13850520375251374
9816,0.14288614655503828
9817,0.20673909752487862
9818,0.24957563856759535
9819,0.3152590797548024
9820,0.2854774115468971
9821,0.2703850027020147
9822,0.22343675544126862
9823,0.2712288837620628
9824,0.28301693871421973
9825,0.27857682058017597
9826,0.12501964671730603
9827,0.4545233490300793
9828,0.23076763231639663
9829,0.2303265413937825
9830,0.12499977539296847
9831,0.05485475060479317
9832,0.21276315107324462
9833,0.04314246746642114
9834,0.018326052887804867
9835,0.12391801816709436
9836,0.0459026338866485
9837,0.09088639907303853
9838,0.02205005861612641
9839,0.19451987348180255
9840,0.022922646911020972
9841,0.1747802086537681
9842,0.11192989200360215
9843,0.0892723433971212
9844,0.04867499146039511
9845,0.10216020680174331
9846,0.10014107093959312
9847,0.07729027736302785
9848,0.0954968836927299
9849,0.22115090767647394
9850,0.502893310230153
9851,0.39417429336639886
9852,0.5950875381581744
9853,0.5862026707627519
9854,0.6396208561464626
9855,0.6456784796682681
9856,0.5757692923069668
9857,0.57781182300112
9858,0.641843640830732
9859,0.6240099916176018
9860,0.6357020163066407
9861,0.6251748863449755
9862,0.618562331395617
9863,0.6839413329285406
9864,0.6629428262571998
9865,0.6226045082864806
9866,0.575221016751519
9867,0.6357650670071953
9868,0.636859203298976
9869,0.6357156606640663
9870,0.6382711581535916
9871,0.617335740158661
9872,0.6660852297000454
9873,0.6925897032268798
9874,0.6321544440834392
9875,0.5711291030043799
9876,0.5363494566806499
9877,0.5842196110002307
9878,0.625525848793836
9879,0.6030819961615037
9880,0.5712711078751308
9881,0.5353332112106031
9882,0.6639077603313762
9883,0.6959699473917218
9884,0.6355145068465111
9885,0.5769296999240157
9886,0.6559910176980224
9887,0.08568431966150647
9888,0.11828360574472618
9889,0.023061102948796264
9890,0.08573087693889503
9891,0.01944740819617241
9892,0.14439457508775688
9893,0.11086441709590589
9894,0.15647705972063686
9895,0.027948455876214195
9896,0.11986603794209316
9897,0.024478169024071406
9898,0.05719342822944817
9899,0.010748338451330053
9900,0.1342520684364672
9901,0.08289153444281194
9902,0.0065421038477991855
9903,0.20742463931873412
9904,0.1696355542397059
9905,0.09304708355015068
9906,0.06492275848424756
9907,0.027770773502697965
9908,0.11581331833713693
9909,0.1619827202369275
9910,0.15481667776971275
9911,0.15167048553043583
9912,0.15593815314560555
9913,0.16134165395850708
9914,0.0036347689609551592
9915,0.08899747427530047
9916,0.24260389190310727
9917,0.2500001410238146
9918,0.04345660185514488
9919,0.23527688318812368
9920,0.049999876934550436
9921,0.19944146151271336
9922,0.1666855138870973
9923,0.3125
9924,0.01746374075453072
9925,0.4047095653235
9926,0.7599022216816832
9927,0.758384155004894
9928,0.7516971451024221
9929,0.6889017824573078
9930,0.7597688909227017
9931,0.4090390198766283
9932,0.37244846750489735
9933,0.7530977387370149
9934,0.3645632605924555
9935,0.6764579518282545
9936,0.37230633829805326
9937,0.7286760473953549
9938,0.3588087577476341
9939,0.7167932635762507
9940,0.6692793113198225
9941,0.7136144684888024
9942,0.4594170093201442
9943,0.7645682714604591
9944,0.7496291268584956
9945,0.3782152698507779
9946,0.40320786511148743
9947,0.4798672608335145
9948,0.14386224330007713
9949,0.14297215849498146
9950,0.24465249754517282
9951,0.19794984688411688
9952,0.049929210038285876
9953,0.014925586114226674
9954,0.06451543253808345
9955,0.050051824820484314
9956,0.11599695643972296
9957,0.011288296196074299
9958,0.005082246017278691
9959,0.2624264072279321
9960,0.02400010971523614
9961,0.2236544524884415
9962,0.17112270770914906
9963,0.25242782491196836
9964,0.010123389689151052
9965,0.08382707057555705
9966,0.04100874144148192
9967,0.010758797673153353
9968,0.07293631444377591
9969,0.1308141842695204
9970,0.1559970568717114
9971,0.08243885212477253
9972,0.012770049097179714
9973,0.058487066237579044
9974,0.12767884719528777
9975,0.279333836102568
9976,0.18616849394288681
9977,0.010736940960309416
9978,0.2716198940055623
9979,0.05958854084591958
9980,0.01635767619042927
9981,0.23927495764835727
9982,0.12605086468802473
9983,0.12747605033996778
9984,0.12121172864267726
9985,0.025641010664884112
9986,0.023050762959859528
9987,0.11105460299355852
9988,0.04390443210870565
9989,0.06717870911526092
9990,0.08646668760913934
9991,0.08322329011684626
9992,0.14900964150308404
9993,0.055075503046356444
9994,0.1202757397497215
9995,0.0002227526733453722
9996,0.09002651232794479
9997,0.0327356591948863
9998,0.06112933587322056
9999,0.04081698669484157
10000,0.024781627274324758
10001,0.06150997985755524
10002,0.10617609820560447
10003,0.026411662744421305
10004,0.21661442454861202
10005,0.012518332166186252
10006,0.0618359547782944
10007,0.02088452671583474
10008,0.21357283672634364
10009,0.031874636691192726
10010,0.03063244536922516
10011,0.07603785503060623
10012,0.18611883354518532
10013,0.20193446133590087
10014,0.04691296147921942
10015,0.04413232256328248
10016,0.017765882672994504
10017,0.02108423061944431
10018,0.03248657066510929
10019,0.1857576614042754
10020,0.01959617730927876
10021,0.025001144421549215
10022,0.11156429409081559
10023,0.18130944667046278
10024,0.2008978742848836
10025,0.2141904511869731
10026,0.07604360675640931
10027,0.1381828206299498
10028,0.19697057291656583
10029,0.09009901404733911
10030,0.22256145841621877
10031,0.1190056834831158
10032,0.20228863340242664
10033,0.1654338314733913
10034,0.26325599493619223
10035,0.03869342996184233
10036,0.3017348831370238
10037,0.07394280524627062
10038,0.05753994165208742
10039,0.11587806634048581
10040,0.16326687885864943
10041,0.011466671845713483
10042,0.1363598856051158
10043,0.06591434161993737
10044,0.0560364476956674
10045,8.752391162936135e-07
10046,0.21629083581753406
10047,0.06593670228192228
10048,0.07985868707527533
10049,0.20211170821637958
10050,0.08403245943579518
10051,0.03711254833290456
10052,0.13129605662858734
10053,0.06638857386812824
10054,0.22270225805611665
10055,0.1713121062685683
10056,0.17432607170010872
10057,0.12164229607609112
10058,0.35534446191514146
10059,0.35156114611225897
10060,0.23184842031813258
10061,0.21157456633396254
10062,0.2240907020531644
10063,0.2600807729239032
10064,0.41907525196589923
10065,0.4340135746577858
10066,0.5184779958233439
10067,0.4260658767940856
10068,0.4089742309857879
10069,0.40823375663980166
10070,0.42903823981887457
10071,0.4373115041258989
10072,0.434642685223128
10073,0.4503526124145397
10074,0.3782717127890446
10075,0.1979898700809113
10076,0.05929958046558015
10077,0.0008369524616791413
10078,0.33337550334942123
10079,0.2999783398380088
10080,0.24080617163957885
10081,0.5904746533757625
10082,0.4999822718392324
10083,0.07792176669178086
10084,0.09755476631191196
10085,0.2026959582172828
10086,0.1146428621281953
10087,0.1558435265801945
10088,0.46872123949543754
10089,0.07826884112698929
10090,0.33335369629888323
10091,0.23999961540384673
10092,0.004391072645337668
10093,0.11252381393665356
10094,0.5555808051615271
10095,0.46151882750188655
10096,0.12463755555676082
10097,0.06666666666666654
10098,0.3999601687740043
10099,0.6363635752153506
10100,0.3570599884298925
10101,0.3456358558119623
10102,0.1260726696145239
10103,0.26576839111924944
10104,0.3955343094407098
10105,0.22494277006603358
10106,0.19457622187384405
10107,0.16417957381029036
10108,0.26742519192663416
10109,0.07317482052954427
10110,0.1320955319385465
10111,0.17462569189713428
10112,0.28227197824170536
10113,0.22316523128821875
10114,0.17462585187994117
10115,0.13012709495647656
10116,0.18219456017085867
10117,0.13114074237626894
10118,0.19474453744791276
10119,0.1320955319385465
10120,0.07643947794211792
10121,0.1536556812089892
10122,0.17582492780523595
10123,0.22047264653790843
10124,0.22617818035585147
10125,0.006973209809902459
10126,0.17647058823529416
10127,0.17786804368941744
10128,0.22768080596754303
10129,0.02631588110480687
10130,0.06665089627416254
10131,0.16471016792565296
10132,0.1681611323570127
10133,0.1533029028260149
10134,0.6300071098883493
10135,0.001193704667184825
10136,0.3820681139041092
10137,0.12579582824996682
10138,0.1797861704400071
10139,0.1103407619193143
10140,0.6257907777887075
10141,0.08505916393189528
10142,0.12806535892019055
10143,0.18890453811150798
10144,0.5429544990225486
10145,0.3594387231023467
10146,0.5984135906877468
10147,0.3809892342129595
10148,0.21625561708254493
10149,0.18968734275881227
10150,0.5091173762120957
10151,0.10569631122814105
10152,0.5347214762859638
10153,0.42983478650932194
10154,0.4615360140892053
10155,0.22084702691758917
10156,0.48148554777609454
10157,0.5286554070108245
10158,0.30109285364104044
10159,0.5920870322545335
10160,0.12002328082842117
10161,0.19665926285106605
10162,0.5453641885705789
10163,0.16884581568263246
10164,0.3076964682210793
10165,0.8005202575295546
10166,0.02170311303942618
10167,0.0007337365630843973
10168,0.18032426000015922
10169,0.3327566316441043
10170,0.4309483724547587
10171,0.04346875951394824
10172,0.2474981326653446
10173,0.41472647837109045
10174,0.5616072913798869
10175,0.08176394314987434
10176,0.5692222930053229
10177,0.12513879238750292
10178,0.03085851320267885
10179,0.0639995913815169
10180,0.04022793169238659
10181,0.009383618578046371
10182,0.03879951243575874
10183,0.10326884779502121
10184,0.01492537313432818
10185,0.46666509359184005
10186,0.015151288437523336
10187,0.7090986558516577
10188,0.6980918848615361
10189,0.1296077613634783
10190,0.3334187449825923
10191,0.6981595073637681
10192,0.263745017097315
10193,0.09146561545890275
10194,0.22305936271101667
10195,0.015151288437523336
10196,0.7253970557653471
10197,0.015151288437523336
10198,0.16578537124443982
10199,0.08311846511901322
10200,0.14586006676008456
10201,0.6835300061797588
10202,0.495089952366339
10203,0.10838500523543448
10204,0.5722081691671558
10205,0.31391228727062737
10206,0.4021056695552563
10207,0.36382934982617887
10208,0.12479021669062829
10209,0.29294099603843193
10210,0.1734811204704222
10211,0.12712884162171767
10212,0.1636765126370291
10213,0.38840263940860975
10214,0.25253171932358176
10215,0.24148455303200123
10216,0.5898706538273268
10217,0.20272337255869521
10218,0.5495051872554261
10219,0.03629930122317215
10220,0.274009569094799
10221,0.3289259705161022
10222,0.37026920596374335
10223,0.5930194901305808
10224,0.1901659469610868
10225,0.5413796057688717
10226,0.27513084264284837
10227,0.20394738382661304
10228,0.535325373323867
10229,0.11169929052996574
10230,0.20748442920839882
10231,0.3296596602092825
10232,0.2344654676983764
10233,0.2958945680085071
10234,0.5591930652583306
10235,0.20787321209862875
10236,0.20353905750236057
10237,0.2799944770911108
10238,0.4731336553918033
10239,0.3651455470911884
10240,0.030970859300542775
10241,0.03680297476550187
10242,0.11110656705114763
10243,0.36840625845024455
10244,0.052670049471553404
10245,0.05262162293211803
10246,0.4091569486052079
10247,0.000208148540618458
10248,0.6165877060263583
10249,0.33470171855447584
10250,0.18003426297579772
10251,0.2470578297827669
10252,0.37497748037955236
10253,0.011471378168102508
10254,0.6176823338801454
10255,0.6244070379370348
10256,0.22962285009358518
10257,0.12773923883783034
10258,0.15510376171678752
10259,0.18918816468958977
10260,0.2087847348633053
10261,0.42849063114094166
10262,0.19447545188902338
10263,0.2490885934547592
10264,0.46720376591163204
10265,0.39396209556144635
10266,0.1628684006922827
10267,0.24235804030336738
10268,0.19985509494560494
10269,0.315757585676279
10270,0.16205273700278489
10271,0.02173513547749384
10272,0.16666666666666685
10273,0.031156693361689025
10274,0.05748320779380045
10275,0.26315424082944583
10276,0.29091357737728907
10277,0.18672421881753165
10278,0.15480213428958745
10279,0.1818176182408363
10280,0.021735018938131123
10281,0.406220264351434
10282,0.006000310434619238
10283,0.02153146817955609
10284,0.006000221642723735
10285,0.16826709433078602
10286,0.31884485802010176
10287,0.11799976141352586
10288,0.22208661274426844
10289,0.021735018938131123
10290,0.49992220726571834
10291,0.47999744913008247
10292,0.11799991198457116
10293,0.5757145971843888
10294,0.2405246608313626
10295,0.02173513547749384
10296,2.51626786661463e-05
10297,0.2248418512163013
10298,0.4393248426531532
10299,0.06650456312190334
10300,0.3227384773656107
10301,0.5321094196045049
10302,0.0009457339067864279
10303,0.16486585207779525
10304,0.1333333333333333
10305,0.21184546561767947
10306,0.21117534316684272
10307,0.3864429161578009
10308,0.5620484969956363
10309,0.37704565741917884
10310,0.38123606716341074
10311,0.38594626496094087
10312,0.4023444736567887
10313,0.3907194712938843
10314,0.4150347157762172
10315,0.40328033134146224
10316,0.4207656733442514
10317,0.43129106873005374
10318,0.4166667196182683
10319,0.48967535823220887
10320,0.46070530753926475
10321,0.4835448130514016
10322,0.496539409100767
10323,0.11326394132330386
10324,0.2872598458429343
10325,0.1675685349729482
10326,0.16654391603472363
10327,0.09584770169320678
10328,0.10717174841391675
10329,0.28683566678143635
10330,0.16666666666666674
10331,0.44442160307702894
10332,0.24565864951297478
10333,0.24143639327587985
10334,0.26859383243375246
10335,0.05017452032442682
10336,0.21213696919831682
10337,0.1447356149966187
10338,0.15419159720187514
10339,0.052571459244271423
10340,0.21302398060524286
10341,0.015151284561944922
10342,0.23519877204800632
10343,0.2777777777777778
10344,0.02985051912072212
10345,5.787200944684656e-05
10346,0.015151745788217652
10347,0.0004124069940032449
10348,0.06274509745527479
10349,0.09085386073028157
10350,0.015151515151515027
10351,0.17364917141866765
10352,0.25002667012074875
10353,0.1709420966759415
10354,0.451641840267178
10355,0.5975469811656727
10356,0.12894357931907885
10357,0.1149816057699301
10358,0.07144994256441484
10359,0.8412764162295845
10360,0.05084576745930425
10361,0.15574246319745244
10362,0.5167409487201295
10363,0.5587430815088208
10364,0.4101860725342811
10365,0.37500100783571166
10366,0.3076923076923076
10367,0.45832270958021537
10368,0.05262546450251848
10369,0.4399993077045614
10370,0.3693184616442602
10371,0.2583822433712436
10372,0.09269373385070678
10373,0.3241591874986408
10374,0.4799860723592301
10375,0.37499953627191174
10376,0.5715603514893414
10377,0.25049362603273706
10378,0.31662477781947274
10379,0.9075221462575656
10380,0.7528953448104467
10381,0.30451066084080114
10382,0.11294970225529788
10383,0.42077920689411363
10384,0.1284600049838459
10385,0.16691200983005627
10386,0.03517836533409191
10387,0.7539829976908052
10388,0.05025177750241849
10389,0.06690916330602681
10390,0.3181811263024583
10391,0.14389806649466075
10392,0.12280847043841425
10393,0.42797820025003985
10394,0.20152494685372002
10395,0.4637310570374156
10396,0.06896543335154925
10397,0.18938577075044416
10398,0.31818021947028774
10399,0.5230550710984762
10400,0.20019528638906625
10401,0.832207147519125
10402,0.4799996926894997
10403,0.20848419779142657
10404,0.24137592359933158
10405,0.847227808359842
10406,0.0639924321688713
10407,0.38032266001436166
10408,0.29811709915708107
10409,0.6172494558368284
10410,0.8793675163583099
10411,0.36361336329422256
10412,0.3911466403929752
10413,0.026871157405124135
10414,0.49999895630264946
10415,0.017459435516194555
10416,0.16173818480879154
10417,0.42044768565129453
10418,0.31772046154237876
10419,0.33331448228029137
10420,0.3793133174379557
10421,0.06896551724137945
10422,0.03489932991075617
10423,0.40740740740740744
10424,0.3333314371394729
10425,0.03377534906311541
10426,0.5259690783953865
10427,0.06892281337014172
10428,0.052362627146314455
10429,0.06077912361480875
10430,0.035179257391014906
10431,0.3913028264821867
10432,0.34528060979924113
10433,0.03414007667325292
10434,0.5312483908635339
10435,0.1538453678396443
10436,0.3208037279490211
10437,0.07696879754755737
10438,0.4394235508625808
10439,0.06892283014810774
10440,0.06652508810863833
10441,0.046462903391251476
10442,0.014645150654023498
10443,0.39066182403988003
10444,0.7420547724325667
10445,0.35819716373824373
10446,0.10002774583359475
10447,0.08059450334952911
10448,0.34512962520627344
10449,0.04563552697380646
10450,0.09516921088463481
10451,0.14442835793249065
10452,0.14251745920431735
10453,0.10481144807481513
10454,0.02652542655582346
10455,0.0804048305944659
10456,0.1944227481503744
10457,0.18861414585701475
10458,0.14158729733913988
10459,0.3238202996653734
10460,0.3814691074231532
10461,0.3737231035915327
10462,0.17775056322982608
10463,0.09534055069361769
10464,0.15384615384615397
10465,0.38514122377794313
10466,0.2727258095365992
10467,0.06920112763255337
10468,0.13662632261758145
10469,0.4084364848725879
10470,0.035670011949093805
10471,0.06919158852147167
10472,0.2915138630319335
10473,0.042275205076097166
10474,0.18600857379950098
10475,0.4572291021717989
10476,0.17345685532186883
10477,0.09141971278727912
10478,0.21428464983705708
10479,0.018508106175840977
10480,0.12117134868972412
10481,0.07147063444607193
10482,0.20748016278174608
10483,0.08689558906953887
10484,0.7369527334919004
10485,0.17707622858135008
10486,0.15601081826062269
10487,0.18590459442619567
10488,0.06626664010091943
10489,0.07989880846563158
10490,0.40136055422120875
10491,0.39999985754273126
10492,0.11108357401832314
10493,0.4052478219855259
10494,0.5000044792193306
10495,0.3333137393230118
10496,0.2992444419728426
10497,0.0994694116242737
10498,0.6627319323928175
10499,0.14837115541007717
10500,0.10654784900972747
10501,0.001056833958530401
10502,0.10173328354957378
10503,0.43422963725966046
10504,0.135286941562775
10505,0.09882793640208198
10506,0.20052641219983092
10507,0.4615115665647278
10508,0.3572718370797623
10509,0.2589431560084853
10510,0.015663072781583076
10511,0.3409091507279324
10512,0.3888622373838696
10513,0.33333271405547726
10514,0.13647419450211473
10515,0.688035474903979
10516,0.13453531769052174
10517,0.6575583104744922
10518,0.8558814585877959
10519,0.45492948802405264
10520,0.11998797534058303
10521,0.7380952273340968
10522,0.3058447315146412
10523,0.4428656848979018
10524,0.5753202887662718
10525,0.06920112763255337
10526,0.5087422046326754
10527,0.058797288182166674
10528,0.1560680052772495
10529,0.48021811516506385
10530,0.2689861350637297
10531,0.24058841061089487
10532,0.38504679124969166
10533,0.09269347355077717
10534,0.0012834724688680632
10535,0.5666664105745831
10536,0.5806389190975884
10537,0.2054054319050047
10538,0.15645244123543411
10539,0.48244266621550624
10540,0.22253917761880493
10541,0.1734748896199163
10542,0.12022820589303074
10543,0.20500112982049534
10544,0.2083046454705575
10545,0.18483744146336134
10546,0.3850487641594281
10547,0.7794044865408868
10548,0.1212122009705765
10549,0.3213959904293582
10550,0.16197212956239504
10551,0.5185133500454373
10552,0.36329987639310324
10553,0.21758501890154114
10554,0.24996538404731639
10555,0.11202864235824883
10556,0.18570976623006152
10557,0.22354477433757503
10558,0.18547127259736484
10559,0.7445528710754681
10560,0.4
10561,0.28944758184828145
10562,0.11291696242574245
10563,0.5306122336439973
10564,0.08249557597831558
10565,0.5113378643125917
10566,0.03459980018874964
10567,0.5595867962000325
10568,0.12903225806451613
10569,0.574883489497438
10570,0.01841239433745412
10571,0.009172745992845455
10572,0.14733175442792212
10573,0.16666371879642072
10574,0.35697590503591414
10575,0.42306742083608084
10576,0.02664292543719593
10577,0.044047144233278934
10578,0.36362705528182804
10579,0.3913677435088929
10580,0.116790411072213
10581,0.4270197105003758
10582,0.6781612360757705
10583,0.6923274843717899
10584,0.38916543449847774
10585,0.6698764013514591
10586,0.3358715665747688
10587,0.6871586797141723
10588,0.3075074363592788
10589,0.37594237527346197
10590,0.166613728800328
10591,0.20884002385431766
10592,0.16315993486465896
10593,0.4742898578651772
10594,0.2849741870137853
10595,0.22142000323356648
10596,0.5673680519121447
10597,0.013525289493325876
10598,0.20965816029975748
10599,0.5636654525128393
10600,0.578711325580904
10601,0.6179819704751107
10602,0.04347683971377858
10603,0.15384551578181205
10604,0.011904789260466897
10605,0.11477553082646663
10606,0.37026581432862493
10607,0.027231463514408305
10608,0.8044044729904138
10609,0.009637960084643349
10610,0.8504439709525607
10611,0.30271505466879134
10612,0.1093365125316299
10613,0.1990173286544461
10614,0.08060303037310124
10615,0.11993089796247136
10616,0.019995862181007573
10617,0.16737150473777684
10618,0.0478720988732666
10619,0.01869781063887721
10620,0.08688198657716739
10621,0.4050134271256681
10622,0.4231201329129688
10623,0.20594571011574525
10624,0.15789374969307202
10625,0.2222702744571956
10626,0.27938868361334235
10627,0.1833129459625369
10628,0.2506283269006002
10629,0.5056376436395332
10630,0.09818900897843974
10631,1.9977016452510377e-05
10632,0.13333016276727527
10633,0.26906702156865536
10634,0.6052848057171453
10635,0.47169473359151404
10636,0.5675590667414021
10637,0.5351685301131259
10638,0.16811745361828734
10639,0.47897401404334616
10640,0.38240091017779565
10641,0.23999897554098748
10642,0.15384615384615374
10643,0.20755926258665858
10644,0.5829008529485286
10645,0.028473218570472025
10646,0.40740650782421184
10647,0.3207759038725393
10648,0.4333239750058082
10649,0.3785754564757513
10650,0.005410215728732348
10651,0.03686695635943604
10652,0.06508733753138318
10653,0.12999163480516474
10654,0.5953220169819222
10655,0.3214181479347593
10656,0.6122914382835275
10657,0.15288217558496053
10658,0.17965953619697117
10659,0.4588743810487832
10660,0.4907280847279849
10661,0.1046867524861298
10662,0.15789402664484564
10663,0.031028513740360864
10664,0.5361483896132955
10665,0.12988097807108678
10666,0.31097375359852164
10667,0.16025541039266122
10668,0.2956529544499601
10669,0.39285602103844897
10670,0.3703687839600963
10671,0.13244846027414137
10672,0.5714263668760082
10673,0.6793956813251245
10674,0.20544479808967686
10675,0.05601914164621746
10676,0.5643209618724283
10677,0.5407722787038962
10678,2.2831665278277846e-05
10679,0.5000014849889514
10680,0.6470789187135172
10681,0.05086343347799349
10682,0.645831793754309
10683,0.0724467586709211
10684,0.014895027241025538
10685,0.21279606198719492
10686,2.220446049250313e-16
10687,0.2182800548681182
10688,0.5853350926240651
10689,0.48482258477008877
10690,0.3146403226921306
10691,0.6413357467990286
10692,0.7272702173952355
10693,0.2630840940237218
10694,0.08339644384931688
10695,0.2030161974720207
10696,0.12900510416554567
10697,0.023370691742045646
10698,2.220446049250313e-16
10699,0.8333256795009735
10700,0.5142721752541386
10701,0.6687828229191415
10702,0.5135074333094263
10703,0.7733200553202544
10704,0.12275657944322771
10705,0.6470797913660713
10706,0.6744238829824942
10707,0.1999986461820713
10708,0.09981939417683916
10709,0.5382120153277674
10710,0.6247804010107378
10711,0.8316691248475505
10712,0.6752793705257875
10713,0.13987077744492615
10714,0.34221416353611467
10715,0.11257838773627993
10716,0.15623198158352458
10717,0.6799616195674004
10718,0.7951684541396721
10719,0.2895679761807668
10720,0.8387107377281409
10721,0.1972495348038471
10722,0.15429480614692548
10723,0.010247162473860372
10724,0.16424191051880643
10725,0.3416704987800687
10726,4.5474197767236824e-05
10727,0.8202218256716244
10728,0.8316712415867654
10729,0.18058456362995057
10730,2.220446049250313e-16
10731,0.1857771718418384
10732,0.666278073687145
10733,0.3459682093915789
10734,0.0421733416330583
10735,0.46871158989897166
10736,0.6966207544045115
10737,0.46809210833126
10738,0.672542033488287
10739,2.2668977865847317e-05
10740,0.7924249317987966
10741,0.5102281456180855
10742,0.8275875035660186
10743,0.08006359236379168
10744,0.54077323240926
10745,0.34987846924642374
10746,0.5097556550184927
10747,0.09532803149235636
10748,0.2944676684286862
10749,0.5257752965932271
10750,0.16005349768585198
10751,0.24962668242645014
10752,0.06670910925124951
10753,0.24449179377328434
10754,0.037004478952284536
10755,0.24485255845724396
10756,0.06063644995728046
10757,3.395712211351487e-05
10758,0.020537935665218332
10759,0.25
10760,0.004481150468132689
10761,0.8594836044507523
10762,0.0938206833849643
10763,0.00489566989531387
10764,0.20000000000000018
10765,0.0768931481921743
10766,0.5677975508781856
10767,0.2949404267161855
10768,0.3999859883816014
10769,0.2507521723310121
10770,0.71738331612085
10771,0.294895373289649
10772,0.24059386727648002
10773,0.20005087306320857
10774,0.2941175089343788
10775,0.7272710374190327
10776,0.2942076546598784
10777,0.22649275350904896
10778,0.781802603495956
10779,0.9329318129516646
10780,0.3684060739049092
10781,0.9392153426359042
10782,0.25001624894108887
10783,0.7083472348241732
10784,0.9117948880999128
10785,0.3157739188953381
10786,0.20489299178086007
10787,0.9041917311088079
10788,0.25385123903958995
10789,0.20000000000000018
10790,0.7361833797258732
10791,0.1318978180200665
10792,0.40960090111481817
10793,0.16756027360622117
10794,0.40062206488775787
10795,0.7391382441837053
10796,0.14285714285714302
10797,0.2164076304189838
10798,0.20711443561350773
10799,0.1999453731804719
10800,0.24998324284783757
10801,0.19999986548234794
10802,0.42858433807325313
10803,0.2500477430164293
10804,0.1333838738442319
10805,0.34392670829719196
10806,0.18758189292182248
10807,0.24930793488303427
10808,0.7450905350263124
10809,0.12573372534591687
10810,0.44001068468893834
10811,0.20004788974820376
10812,0.42919995838348923
10813,0.14285697513460272
10814,0.14283813687227243
10815,0.6889234600503307
10816,0.19997358647519792
10817,0.19031079941186224
10818,0.17722014837327116
10819,0.24482455413664073
10820,0.6973596947409926
10821,0.3157894736842105
10822,0.3684805473668916
10823,0.5773894714663286
10824,0.20077970595910322
10825,0.25077871735308843
10826,0.14288340609934558
10827,0.19999999999999996
10828,0.20005079121830782
10829,0.033055624334733635
10830,0.06250557343603147
10831,0.4716703309475073
10832,0.2539708104260078
10833,0.30485803381729026
10834,0.47042197043393397
10835,0.19994915104366184
10836,0.2499998737507343
10837,0.48204249303193014
10838,0.22502218270276897
10839,0.8983850909135982
10840,0.7504876291829947
10841,0.6889352499503436
10842,0.36842008118636016
10843,0.2637559686215406
10844,0.33335287075818654
10845,0.35066523702547725
10846,0.7671212706357805
10847,0.2500477430164293
10848,0.2410481302069255
10849,0.9356602240124575
10850,0.1429338956208086
10851,0.0769815982356653
10852,0.3333505726936057
10853,4.388216959139157e-06
10854,0.5667098930123604
10855,0.33335059169046954
10856,0.2500193942803063
10857,0.18750840799626445
10858,0.4285344358687253
10859,0.29418078965682093
10860,0.25087447667847507
10861,0.1428025178282939
10862,0.14293381601185395
10863,0.38101373021768736
10864,0.15864021518725135
10865,0.262675053753495
10866,0.07692307692307698
10867,0.18748248213928642
10868,0.4716705091754705
10869,0.19998225995505647
10870,0.7336092420762739
10871,0.19998431059197352
10872,0.2500474578416173
10873,0.18754050922659593
10874,0.19999984345896238
10875,0.2355226200857795
10876,0.769215435706143
10877,0.1793470824719594
10878,0.755100039900291
10879,0.006640450792896102
10880,0.5408415245133574
10881,0.5205374433022962
10882,0.7206594181770565
10883,0.6997251487167427
10884,0.0661143151660587
10885,0.6670884301579658
10886,0.12390046567903445
10887,0.2622314798865947
10888,0.05926727098217466
10889,0.5862055296653902
10890,0.6363839158922453
10891,0.10709430833823075
10892,0.17202231200363427
10893,0.5384594558089268
10894,0.4100091470647479
10895,0.47829091220807085
10896,0.15719879817483307
10897,0.03289451538279564
10898,0.745220364804595
10899,0.7454918873677392
10900,0.28478346203906035
10901,0.24073370675382233
10902,0.36182390364854744
10903,0.23577558912113294
10904,0.7818105820227393
10905,0.0006119421904842159
10906,0.7209641180683012
10907,0.37188035008505427
10908,0.5244962946253189
10909,0.7548506567882637
10910,0.2774057016532042
10911,0.020741239510040255
10912,0.022984791203416677
10913,0.3276334300776843
10914,0.6041144240174062
10915,0.2789825824490627
10916,0.30241334687849397
10917,0.7929003741457582
10918,0.21218458089716896
10919,0.45876492233709376
10920,0.7283051777649805
10921,0.809525240403079
10922,0.4267308955374076
10923,0.7397228893861703
10924,0.26525239873028617
10925,0.5853381123063592
10926,0.38337713935804574
10927,0.36111111111111105
10928,0.39515139268403465
10929,0.5701648900738701
10930,0.6156065715719738
10931,0.7746460399793755
10932,0.410140582973188
10933,0.6895225199409285
10934,0.49025805657598187
10935,0.2584784292196527
10936,0.4545099059928578
10937,0.6022406800034772
10938,0.7556854983936664
10939,0.6981365175851841
10940,0.6307011711290195
10941,0.6663190200581117
10942,0.307744971691849
10943,0.8370636133707485
10944,0.4756553082463436
10945,0.8032589752313414
10946,0.5296715320284271
10947,0.5905102452762623
10948,0.5534328346566351
10949,0.5719654722531401
10950,0.2947504696458012
10951,0.3690927250205437
10952,0.7118130681644039
10953,0.8469445620448256
10954,0.5549541901723545
10955,0.7283055060841521
10956,0.26527294892035547
10957,0.849005215394612
10958,0.34319256428331246
10959,0.5842574676522878
10960,0.563252492844446
10961,0.5712741239589746
10962,0.5640355739041527
10963,0.6311577046859029
10964,0.808437213116074
10965,0.8235343772480045
10966,0.8535051446712877
10967,0.4866458865968992
10968,0.7599982243669927
10969,0.7532377072126064
10970,0.5913585704595873
10971,0.5751946557828909
10972,0.5831911926220992
10973,0.5676058826440558
10974,0.7446877976552375
10975,0.37717512547782694
10976,0.6997251419810133
10977,0.020537789423605957
10978,0.3045692847039382
10979,0.580634713803027
10980,0.39574983993230817
10981,0.27765523345168563
10982,0.692298999481554
10983,0.5999901237240657
10984,0.36293659735472283
10985,0.7499999507748627
10986,0.7145233258712078
10987,0.333202130359891
10988,0.76
10989,0.8032760032740809
10990,0.7894736842105263
10991,0.7894711921809242
10992,0.806451574793442
10993,0.5487620209632673
10994,0.5714156411609773
10995,0.004646675824875435
10996,0.27702303616494994
10997,0.31736765241580356
10998,0.02092634405293914
10999,0.75
11000,0.7202430990991451
11001,0.7209302325581395
11002,0.7894723310981566
11003,0.7933314779069738
11004,0.7999987176431006
11005,0.809523772018943
11006,0.7471093179951636
11007,0.5862068266109339
11008,0.5714123685385438
11009,0.020504634583181303
11010,0.5249377841565304
11011,0.39583154666243425
11012,0.1954181443974603
11013,0.29004846584262256
11014,0.3085834366517627
11015,0.3806976317693985
11016,0.3513514685566377
11017,0.1145892334082147
11018,0.7333148318252577
11019,0.06516956818981967
11020,0.40026733336397236
11021,0.6670599951490025
11022,0.2770485433617482
11023,0.25672667522780623
11024,0.296284246304236
11025,0.6605431352706633
11026,0.5217912058030554
11027,0.7797534301930361
11028,0.568596062022038
11029,0.37830445385168054
11030,0.42709653955847326
11031,0.363294902066988
11032,0.7555684396579295
11033,0.573647449986509
11034,0.6716528974234381
11035,0.5637737182560277
11036,0.2572304234281044
11037,0.6825231664282809
11038,0.38196591046951356
11039,0.3464431725941608
11040,0.6824657909681818
11041,0.3325869912896965
11042,0.44400254205247947
11043,0.3008389808897922
11044,0.45837825723279213
11045,0.36726639779218073
11046,0.8333401085610779
11047,0.28032627341738114
11048,0.6756742620056783
11049,0.4292000545734057
11050,0.3269542463413653
11051,0.025494345233782023
11052,0.5555446416888274
11053,0.35298944642715835
11054,0.6470454799729184
11055,0.31764522598815337
11056,0.4860080843246244
11057,0.32974701303375
11058,0.13558694447456499
11059,0.723749074774809
11060,0.4479920749945969
11061,0.3424905914582915
11062,0.2309498933167604
11063,0.42126019227802436
11064,0.31360678701485634
11065,0.21270461212693725
11066,0.37195572750616535
11067,0.35062523750178265
11068,0.5776609458564896
11069,0.34319361458974784
11070,0.3440804208924828
11071,0.7599983905910799
11072,0.07146632179537227
11073,0.3621803865952141
11074,0.2620656883757809
11075,0.272054747404047
11076,0.6926089484197455
11077,0.28913056206377963
11078,0.45456471841042856
11079,0.25384839208081256
11080,0.30456839494076315
11081,0.6003885736536592
11082,0.5384680892560163
11083,0.33292850290475684
11084,0.4860493609307758
11085,0.7407463835635391
11086,0.29369158217358604
11087,0.6780228659485914
11088,0.058906900069437884
11089,0.39861079400493316
11090,0.4267625430866586
11091,0.38132745297619464
11092,0.348908610137901
11093,0.27950264048199847
11094,0.5249976520704773
11095,0.3203033194318712
11096,0.3486884021215051
11097,0.38132755698437326
11098,0.3669860551930061
11099,0.31067097630200113
11100,0.8498426400870474
11101,0.4723216799908925
11102,0.5714318080035291
11103,0.20002258774135484
11104,0.2009324836116766
11105,0.2804699569637199
11106,0.14280257940979513
11107,0.14283811040458316
11108,0.13337296100332074
11109,0.3281900694035216
11110,0.199970394101609
11111,0.30439034557446765
11112,0.07152198071186477
11113,0.24999987388168177
11114,0.47825989092592625
11115,0.2008873943053029
11116,0.25009538699351586
11117,0.6249752451768293
11118,0.07152198071186477
11119,0.571454338161057
11120,0.3201465493655765
11121,0.6254357760756837
11122,0.40171992266007794
11123,0.2916966598431633
11124,0.6047089159300021
11125,0.30698816959211883
11126,0.06397897291366061
11127,0.05839312610198599
11128,0.35559641634120487
11129,0.010425305469197621
11130,0.02627183334962102
11131,0.007763103272857785
11132,0.3392140811322064
11133,0.13789164133122334
11134,0.036312607977053046
11135,0.06956399587428919
11136,0.045454615705402435
11137,0.058971899649081116
11138,0.017849493791220916
11139,0.008871076786260534
11140,0.276335287674763
11141,0.35723135384197646
11142,0.4666666666666667
11143,0.35705881916786486
11144,0.4000003072546232
11145,0.46679354197155165
11146,0.4285406844894981
11147,0.46661104853945023
11148,0.35714778280189996
11149,0.46656791331538816
11150,0.40008381390694914
11151,0.4000853933365479
11152,0.35708817027085527
11153,0.4000004083272176
11154,0.4284405684765029
11155,0.4666766457756444
11156,0.4285714771728124
11157,0.3571426911986194
11158,0.3845389450215946
11159,0.4000003062888686
11160,0.4666737650386754
11161,0.3570540057898046
11162,0.4664884583289396
11163,0.42878851474028
11164,0.42318320507032114
11165,0.4666598615987968
11166,0.46651569440034757
11167,0.4666666213245322
11168,0.42821156212071354
11169,0.4000264764651743
11170,0.466817354627576
11171,0.46872251381001895
11172,0.43267817431008804
11173,0.4658330262561742
11174,0.4669306893359102
11175,0.43536388056882913
11176,0.4294670029963138
11177,0.4999031888957117
11178,0.4285715749661211
11179,0.4675875191970288
11180,0.529411845045345
11181,0.3325784647262626
11182,0.47053832091394454
11183,0.25019788940935017
11184,0.3076926017588485
11185,0.3845822233618833
11186,0.3076924843145904
11187,0.4706116517985418
11188,0.2500003185720858
11189,0.38467542693379064
11190,0.5294206098033847
11191,0.33329775613968426
11192,0.5294119243326347
11193,0.30769248413223227
11194,0.5000002977385962
11195,0.30788031840212204
11196,0.5555363007864292
11197,0.2499983487147701
11198,0.5556183407858655
11199,0.3331806632225869
11200,0.5555554801198211
11201,0.38461549026283426
11202,0.5555567218353102
11203,0.30766233686714983
11204,0.4705803587892988
11205,0.24996741353472895
11206,0.4706117417064106
11207,0.25021674787022685
11208,0.38461371358333185
11209,0.3844156910132791
11210,0.4673986224839852
11211,0.3845278435847471
11212,0.5294118046125704
11213,0.4256581226805597
11214,0.3800150004790961
11215,0.3848491173216192
11216,0.33221409644199296
11217,0.3845512729979278
11218,0.33308593339146075
11219,0.27266447497286184
11220,0.2727273345835791
11221,0.2726637555209277
11222,0.27272701807032385
11223,0.19996483864980696
11224,0.19973921805616635
11225,0.10004857148100488
11226,0.19985130571068532
11227,0.10000030537163784
11228,0.19993691578363404
11229,0.19999999999999996
11230,0.10000007629662766
11231,0.10000329507133998
11232,0.6000394404881749
11233,0.5297831245832326
11234,0.5039753550419181
11235,0.6190477493357205
11236,0.6191353477589989
11237,0.5000497244985505
11238,0.5714475276464386
11239,0.5010105111939365
11240,0.6364670669173486
11241,0.5003023736831919
11242,0.49896788162945527
11243,0.5008808938826158
11244,0.49967002204488653
11245,0.5000522155506992
11246,0.6522234094899395
11247,0.498767088184084
11248,0.6248942695758464
11249,0.5294099121520055
11250,0.6795881813671742
11251,0.6032862109500692
11252,0.835637686404112
11253,0.6151763500703451
11254,0.5759374379578575
11255,0.7619135345831354
11256,0.6690119252886962
11257,0.6082727943345976
11258,0.6506200979401358
11259,0.6537978956564958
11260,0.6909784092908182
11261,0.6678741336958883
11262,0.0020084010953560494
11263,0.37836569324178315
11264,0.6785821714243132
11265,0.5806469696426343
11266,0.11236229393665997
11267,0.5647710910299316
11268,0.7548473091984738
11269,0.0037291915849128054
11270,0.46867930839316563
11271,0.46015501933171865
11272,0.4028440283405711
11273,0.2874399540740096
11274,0.32817931164616676
11275,0.11951756552008652
11276,0.11107177584236427
11277,0.5992466351758359
11278,0.802318560583362
11279,0.7642371925154391
11280,0.8333090545281986
11281,0.767008933769648
11282,0.8061269142436297
11283,0.6536137844820267
11284,0.7427558699775891
11285,0.7777778727795184
11286,0.7352194844064799
11287,0.529411804736233
11288,0.46664331628941924
11289,0.3571430751332225
11290,0.42856323318957845
11291,0.5002609126232309
11292,0.4375060905495196
11293,0.46694501887697093
11294,0.3845825524876899
11295,0.42852209914071093
11296,0.30768638526130887
11297,0.38378133587907426
11298,0.5909019423772912
11299,0.7053087663709379
11300,0.8000083671886513
11301,0.8037398499468578
11302,0.7629196863963623
11303,0.8529427234369775
11304,0.8333803410667501
11305,0.8120520006595393
11306,0.8092888784748784
11307,0.8579626629593182
11308,0.8504611250039177
11309,0.7173187479167182
11310,0.5001084699313258
11311,0.5003552306493151
11312,0.07489263709665817
11313,0.08060722394735442
11314,0.6284846007310733
11315,0.7397221685483273
11316,0.7442194609855286
11317,0.7419073282396013
11318,0.7416400096365405
11319,0.7415598662798173
11320,0.745690370449849
11321,0.7446674482546373
11322,0.7391472082245656
11323,0.749503260680658
11324,0.6934396526297051
11325,0.7317662430377434
11326,0.7280366406931927
11327,0.7172322574547859
11328,0.7227122373234294
11329,0.7147417114002257
11330,0.7149928991525161
11331,0.73016723183561
11332,0.7116661342410999
11333,0.71855653190485
11334,0.14935312025790615
11335,0.1453154378599394
11336,0.14019574451267158
11337,0.15844228680354
11338,0.036567080590955814
11339,0.05835499274764444
11340,0.6935004420233665
11341,0.6647363125607082
11342,0.6643294602630997
11343,0.6796285742909136
11344,0.6685796133944006
11345,0.7078258933692818
11346,0.7053413824941808
11347,0.7039506059250589
11348,0.703106668180769
11349,0.6979013683962386
11350,0.14935312025790615
11351,0.04584377939401918
11352,0.5561088957555367
11353,0.5687991012306735
11354,0.4923177228362068
11355,0.5018537113567155
11356,0.281235873921433
11357,0.17650285341433036
11358,0.14285654387631952
11359,0.3457383626580459
11360,0.07692286190431985
11361,0.260299580079003
11362,0.23140196380286338
11363,0.071428355440318
11364,3.3759761974838653e-07
11365,0.2499991264862994
11366,0.00026345768115942914
11367,0.20114886275792043
11368,0.20114886275792043
11369,0.24999877708081886
11370,0.25215446707658073
11371,0.20114867640833078
11372,0.2521542923738407
11373,0.29039618122917565
11374,0.4008605289709033
11375,0.07558893822217505
11376,0.18721048131390716
11377,0.08704447203004384
11378,0.19742420483602074
11379,0.005261134481399421
11380,0.2716289154118078
11381,0.25943084463293065
11382,0.21507936436548902
11383,0.0002612252477964816
11384,0.2753413412266241
11385,6.386020010484827e-05
11386,0.012784717008685775
11387,0.012784717008685775
11388,0.030337381893529858
11389,0.11426939219600796
11390,0.14008078798638024
11391,0.35199635381667205
11392,0.30429143027882855
11393,0.2187500329404246
11394,0.10378452014200801
11395,0.23750000226948242
11396,0.01278402614016727
11397,0.06349446858965191
11398,0.10680417836485434
11399,0.21845347375672164
11400,0.35227118075957753
11401,0.2608478511643054
11402,0.18564660303437241
11403,0.14740339178000383
11404,0.5197387336610741
11405,0.0461538461538461
11406,0.05630761436085585
11407,0.324667214560611
11408,0.17483953727921675
11409,0.03858411536766193
11410,0.44388503699891124
11411,0.3253505504717672
11412,0.0999737414287789
11413,0.6813583693854053
11414,0.7732160171439428
11415,0.21290376890407148
11416,0.7074915021825534
11417,0.06691122442704212
11418,0.2999993458959188
11419,0.6952122822269007
11420,0.5333324611945585
11421,0.5333322431598648
11422,0.6111100209376427
11423,0.6111099300898537
11424,0.03479341753357923
11425,0.143154292510427
11426,0.17970768151132288
11427,0.25728569538182566
11428,0.6666654207541312
11429,0.13672928262609574
11430,0.10745008881130003
11431,0.6818169925380344
11432,0.6956509652424588
11433,0.7735414388890278
11434,0.10822365776325527
11435,0.7204021493453352
11436,0.2705581637204695
11437,0.33333224629431457
11438,0.011394052423236545
11439,0.3333320910030263
11440,3.324582826369493e-06
11441,0.33428994228548115
11442,0.36272056872263114
11443,0.39130278816140784
11444,0.24367479935673586
11445,0.12833019794985157
11446,0.43999804332976633
11447,0.5172395800733485
11448,0.3331322815511979
11449,0.029028547947467565
11450,0.07095289160764784
11451,0.07458887120254032
11452,0.48296953985148916
11453,5.247876778824434e-05
11454,4.748420879940873e-06
11455,0.019600047526554865
11456,0.11100914771846448
11457,0.1666691321600816
11458,0.06757390964869814
11459,0.1113194453029237
11460,0.11131874988023471
11461,0.11147546548580689
11462,0.19995574679195183
11463,0.1113194453029237
11464,2.968086357357791e-06
11465,0.11346188315869432
11466,2.986170661301024e-06
11467,0.3142745684067405
11468,0.10851370302883445
11469,0.2857025050246028
11470,0.36029921616575267
11471,0.6756943635463766
11472,9.715516087194231e-06
11473,0.5555332809980386
11474,0.709667888575709
11475,0.7241176736937813
11476,0.8928533173726836
11477,0.2499926509010093
11478,0.6666629930667933
11479,0.5385412144747788
11480,0.6520675083526448
11481,0.5682823783734325
11482,0.34763475168347124
11483,0.3833011420277117
11484,0.01935346581651165
11485,0.5964148782346395
11486,0.051276838115148826
11487,0.31615853591381027
11488,9.715516087194231e-06
11489,0.08167913005546046
11490,0.31909752586240037
11491,0.1395218811127844
11492,0.33332150877909217
11493,0.3227429124397482
11494,0.23857298658205994
11495,0.870982978743313
11496,0.4543734337966806
11497,0.21506709793193668
11498,0.28569663635641096
11499,0.5714255767820693
11500,0.3187794024853837
11501,0.3202878438029314
11502,0.3358767379796671
11503,0.5519039446288354
11504,0.4393631343167895
11505,0.3146429348522197
11506,0.552085286724472
11507,0.4906418230397218
11508,0.3019149275243651
11509,0.29767285798810716
11510,0.3839412973940822
11511,0.5189434692648245
11512,0.2355590800495767
11513,0.40000588738877496
11514,0.3833185372486927
11515,0.11994480703033061
11516,0.5714312778937671
11517,0.47998865061820417
11518,0.791544658057629
11519,0.1409727419673481
11520,0.22179196867124018
11521,0.7999841513553918
11522,0.45832151106062957
11523,0.20245657258691319
11524,0.028904954248184622
11525,0.25
11526,0.20695580086219412
11527,4.978405006683673e-06
11528,0.3154905336953394
11529,0.25638624774148877
11530,0.10884519511389312
11531,0.8210831842355535
11532,0.023712973191938658
11533,0.029265222750554987
11534,0.5005655603294731
11535,0.050919297646319084
11536,0.09474217632135529
11537,0.45620501370077804
11538,0.25008091237996377
11539,0.1432201565994634
11540,0.24998914807430872
11541,0.8749967282001128
11542,0.8749954939922071
11543,0.4374830962767776
11544,0.6307423930936544
11545,0.3869324364050033
11546,0.8749967236896414
11547,0.6666098212326086
11548,0.2500567091342436
11549,0.7690725270336051
11550,0.3333333333333335
11551,0.2064485630385262
11552,0.4543005103273162
11553,0.2706044820671344
11554,0.8636314479914986
11555,0.16666553942345863
11556,0.09129580942261284
11557,0.9031790480650761
11558,0.49150200181206216
11559,0.19716803964565377
11560,0.8749972430095697
11561,0.11767778541292373
11562,0.26152261178576497
11563,0.5714244120367626
11564,0.3333333333333335
11565,0.6923020575792835
11566,0.6451353134653584
11567,0.6996668685080384
11568,0.5020983037869161
11569,0.8911835485995578
11570,0.5884639985666984
11571,0.8333273680717346
11572,0.015853372264653998
11573,0.5395749414852988
11574,0.9347485687011532
11575,0.29905250325038424
11576,0.2147732949099923
11577,0.35145967459752836
11578,0.32657257687903285
11579,0.39140675213384724
11580,0.6402680971506675
11581,0.27230312569889803
11582,0.06547634504018718
11583,0.2383109380451478
11584,0.1612841188617714
11585,0.14963044156861416
11586,0.2609552760206528
11587,0.15587130425924423
11588,0.21665182950789297
11589,0.2545356023391365
11590,0.15663827058773794
11591,0.38912080883390454
11592,0.3043172458617188
11593,0.3043254296972766
11594,0.2499963114975574
11595,0.11791530840062858
11596,0.41303708453003896
11597,0.4080955129061462
11598,0.3182333719402214
11599,0.4327361695645707
11600,0.8999782813673622
11601,0.5882737211129621
11602,0.9519735046208855
11603,0.22403222794045985
11604,0.3478288567920177
11605,0.5346975052523057
11606,0.2289421032649539
11607,0.45580952611419046
11608,0.5121155409868685
11609,0.4625184172314407
11610,0.317415602037011
11611,0.10107430262668549
11612,0.5535841268097402
11613,0.4279931858259409
11614,0.44481752794143226
11615,0.48973323510412914
11616,0.48982979108437263
11617,0.6363437950135717
11618,0.6249686293547185
11619,0.18209505385242264
11620,0.0035057503671998003
11621,0.33333255687634855
11622,0.19827081589589457
11623,0.47226219063497377
11624,0.34892231215355773
11625,0.41176388375142803
11626,0.12900256150785394
11627,0.4117636097077866
11628,0.04092728731277129
11629,0.08462686429616251
11630,0.06666666666666676
11631,0.3736740728169382
11632,0.3333317781856868
11633,0.565216074703374
11634,0.2631568634284026
11635,0.13912407799058413
11636,0.092068263219661
11637,0.08006180771492255
11638,0.6774176265957441
11639,0.42856810568913595
11640,0.1315117135848779
11641,0.39217860434323293
11642,0.28560313588628283
11643,0.4285704941374634
11644,0.4285704941374634
11645,0.2726769372180955
11646,0.18978393728909038
11647,0.19711660109679785
11648,0.41672449901459807
11649,0.15259702291536759
11650,0.5294108852386212
11651,0.307691335918327
11652,0.415709999743479
11653,0.38767928734798596
11654,0.0014370095258822158
11655,0.416797377818794
11656,0.16211621575406654
11657,0.42857062762803
11658,0.234450256432423
11659,0.307691335918327
11660,0.42857036064689713
11661,0.01422785496743506
11662,0.0936000548703183
11663,0.0911749408959156
11664,0.2536525114053657
11665,0.5555538943396179
11666,0.1966933393572784
11667,0.21261326398874103
11668,0.01092918425291689
11669,0.31967930724707383
11670,0.30975907454971585
11671,0.12499918354786654
11672,0.12625858017437142
11673,0.057405592285581175
11674,0.3953792376237091
11675,0.18414678489803138
11676,0.014652674526204001
11677,0.22222149648699252
11678,0.4284884928293322
11679,0.2714404127400173
11680,0.29977947885499034
11681,0.2582425779380213
11682,0.27941413998759923
11683,0.10565729876313446
11684,0.029238262521051106
11685,0.2499642983894521
11686,0.05813929685689634
11687,0.07530824235580813
11688,0.3285679512979649
11689,0.13706854957755754
11690,0.38272980562926207
11691,0.10606075878707577
11692,0.31817718527405614
11693,0.12870095225703881
11694,0.20311355886153526
11695,0.01313719795894619
11696,0.1545879072731191
11697,0.46652822342662725
11698,0.06864412481056203
11699,0.16786129017415963
11700,0.515278689979767
11701,0.020576696981649212
11702,0.26476150130046416
11703,0.0028694224382933564
11704,0.3924050632911391
11705,0.07540164889909517
11706,0.10714223410170287
11707,0.10970421842160738
11708,0.5240102598062004
11709,0.07673073132987251
11710,0.5152028321527162
11711,0.07386627164045301
11712,0.0751497019334203
11713,0.27164275934535276
11714,0.23407966021554827
11715,0.235293224439165
11716,0.29673642469318373
11717,0.1874990509666128
11718,0.08931460437927263
11719,0.29268322772813893
11720,0.37067475302094766
11721,0.27881742809824084
11722,0.07578455238470228
11723,0.16438308294952175
11724,0.7573635952162678
11725,0.5053845728882495
11726,0.5441579114074762
11727,0.5834203606504156
11728,0.5435246988341478
11729,0.6070396768619628
11730,0.6071791644271494
11731,0.5654330275456372
11732,0.6212897427276541
11733,0.6075724926654857
11734,0.5769265833485744
11735,0.5744061187933946
11736,0.3316010611957816
11737,0.08582934200969183
11738,0.4375279150035418
11739,0.9090873413000943
11740,0.0181885867665047
11741,0.06060448241890559
11742,7.227090614880805e-05
11743,0.17619711483919143
11744,0.3489492040422869
11745,0.8749592096097861
11746,0.03125245395831566
11747,0.21331184664611214
11748,0.036382302056319205
11749,0.24989783144484756
11750,0.2499989653986463
11751,0.4993972068924668
11752,5.127423877149262e-06
11753,5.524327822137298e-05
11754,0.6660076964197048
11755,0.07017379236609489
11756,0.6660306157961955
11757,0.25713160085149145
11758,0.25481218319641086
11759,0.01818759250042723
11760,0.8999610937852727
11761,0.058578768248575
11762,0.3333170225963079
11763,0.6146092191847845
11764,0.8276848735560939
11765,0.8204199040539922
11766,0.6665958128250281
11767,0.6559351277749248
11768,0.5382203803649566
11769,0.19354284773916908
11770,4.978254651843983e-06
11771,0.6664852180032741
11772,0.5111613355510923
11773,0.6122360075834995
11774,0.4179100552032663
11775,0.5998526923871934
11776,0.3090178047915243
11777,0.15679024921934515
11778,0.6490999936604589
11779,0.749995108750882
11780,0.4223117042489566
11781,0.220871581542467
11782,0.6813755053877448
11783,0.5667705977281365
11784,0.7204515724115164
11785,0.40973585936561097
11786,0.7145299699902725
11787,0.6428315032917582
11788,0.12237011135760967
11789,0.2424086315073556
11790,0.6518133188331194
11791,0.1420934393417589
11792,0.12009673294836465
11793,0.24456474499843717
11794,0.11806834537934818
11795,0.25225483733684884
11796,0.1837668846227617
11797,0.554269287710156
11798,0.4227743898500844
11799,0.5782652942571442
11800,0.023183791619758587
11801,0.001240620564410544
11802,0.19353967580553766
11803,0.8780600485010179
11804,0.09559960070960738
11805,0.9407152703973106
11806,0.017508579613579545
11807,0.8279423537377717
11808,0.8393398304753859
11809,0.8400178679702944
11810,0.8406958911213026
11811,0.8164556816307038
11812,0.7841889269413799
11813,0.7854640821275328
11814,0.8219159940076898
11815,0.8313036708399393
11816,0.8267007638137708
11817,0.1354357364968818
11818,0.7469480129828151
11819,0.1456471084465416
11820,0.13897270758815639
11821,0.16676418310728702
11822,0.10897970838753235
11823,0.13919871074659051
11824,0.15340770154172712
11825,0.10915997071682959
11826,0.1390735323558937
11827,0.6000089443052236
11828,0.00011103447905014274
11829,0.26019996071641727
11830,0.9732774575923346
11831,0.11092503916198782
11832,0.11836590445744022
11833,0.1146397215292424
11834,0.6351318352473034
11835,0.6164607550406529
11836,0.6136678873026666
11837,0.9322974927621
11838,0.6134918112958259
11839,0.6148418996997396
11840,0.6149045442235194
11841,0.015453527437111148
11842,0.14295197603091858
11843,0.23587998179603564
11844,0.20257443830175936
11845,0.8424245790416578
11846,0.30399550988135693
11847,0.6842149644053592
11848,0.8490199303713621
11849,0.3063801414971299
11850,0.3998903447378328
11851,0.16536126330940593
11852,0.10035695038161396
11853,0.005767915170172833
11854,0.19321995738993503
11855,0.3021857023113499
11856,0.21052631578947367
11857,0.06666586337997238
11858,0.2593480720182336
11859,0.06666650728937917
11860,0.08350232861686491
11861,0.21261222014732506
11862,0.05562663621107489
11863,0.0916904080229618
11864,0.021446859317409972
11865,0.24196875884033575
11866,0.28139884088251976
11867,0.21952230742867163
11868,0.11460217392910543
11869,0.3335877827030398
11870,0.09602234505131368
11871,0.11387794207014335
11872,0.10034675878780364
11873,0.16726483056005248
11874,0.08905013255029304
11875,0.2862265462352328
11876,0.2202669775585978
11877,0.16880135418708253
11878,0.28754524306974516
11879,0.3021441029350407
11880,0.12147194996627353
11881,0.2867248782223777
11882,0.5368251087600501
11883,0.6423977741816977
11884,0.6237325854993594
11885,0.14256568790862278
11886,0.0007710413133839022
11887,0.0004136049429409594
11888,0.0009371937230976402
11889,0.8750041369086767
11890,0.11719324273205933
11891,0.8614848730295823
11892,0.8715811031785309
11893,0.8146028604538167
11894,0.09520738474407953
11895,0.1653238574771756
11896,0.1662561412082959
11897,0.16658126743880786
11898,0.1672905276234541
11899,0.0017976062550775218
11900,0.16501261732490946
11901,0.09215481544581683
11902,0.0012957534441107033
11903,0.4124000241829553
11904,0.05659689543138047
11905,0.03357126673335109
11906,0.09093345922610929
11907,0.7655229695805745
11908,0.9219010964217067
11909,0.647023417252943
11910,9.83137121681743e-05
11911,0.1766676544470539
11912,0.12499183548365633
11913,0.2943612832044922
11914,0.23498478340694895
11915,0.31255767857759764
11916,0.12513163982213482
11917,0.003407271011713009
11918,0.07715079971598682
11919,0.007394985911061247
11920,0.07144247899058065
11921,0.011382700810409707
11922,0.06697428112770709
11923,0.3608775441401778
11924,0.20432202178940106
11925,0.42727387280662454
11926,0.8023790434697308
11927,0.07894026505969931
11928,0.06421787067820439
11929,0.13977993366012076
11930,0.11944967864997946
11931,2.220446049250313e-16
11932,0.2164383356782139
11933,0.15897180024700608
11934,0.2322195012818865
11935,0.22363454414203876
11936,0.14381007628920617
11937,5.1835569353286814e-05
11938,0.019995780553399012
11939,0.33333333333333326
11940,0.1211352916732582
11941,0.4999993179346406
11942,0.2607634482068988
11943,0.7142837655275447
11944,0.8947345219369222
11945,0.09807166304631287
11946,0.0004650548591600412
11947,0.49999793075135246
11948,0.5717393282411332
11949,0.2666626257569069
11950,0.49999862429397157
11951,0.8181800772689125
11952,2.265906640641635e-05
11953,0.8708595044132795
11954,0.3329045169695092
11955,0.6543070762167358
11956,0.6664389276097019
11957,0.06635105191522006
11958,0.7647010269198993
11959,0.16666552989571992
11960,0.7777756318873312
11961,0.20011328351871804
11962,0.3333324136659991
11963,0.7786177313645348
11964,0.278535945464106
11965,0.6363601592955904
11966,0.33333333333333326
11967,0.5293347273966131
11968,0.24999884448119758
11969,0.19403666778979178
11970,0.8749975909169325
11971,0.7331898897602189
11972,0.579442665874045
11973,0.7140790521344733
11974,0.8124967841438779
11975,0.33333333333333326
11976,0.07577013139772526
11977,0.7272693505397483
11978,0.7142822017373822
11979,0.24983993227700407
11980,0.6470270840077466
11981,0.24984348364497633
11982,0.05263157894736836
11983,0.7272499618936805
11984,0.8124966421001159
11985,0.799845144233224
11986,0.7499979307513525
11987,0.7499795450627612
11988,0.39758775085788267
11989,0.7692099748154078
11990,0.6249974170000892
11991,0.7499965062457474
11992,0.19999999999999996
11993,0.8624436444375774
11994,0.42856986956914633
11995,0.006512516781871813
11996,0.6363611561327326
11997,0.5720106841305604
11998,0.2503556607695432
11999,0.8821876938126374
12000,0.6662026282408636
12001,0.3999714113860461
12002,0.4668420667018077
12003,0.4287567921382116
12004,0.11140328164318458
12005,0.25102279520713267
12006,0.2668350533950289
12007,0.5999988964007215
12008,0.7777738369664529
12009,0.8127523691941285
12010,0.19980906763641604
12011,0.19986398273854533
12012,0.6666490791801913
12013,0.6875355278104311
12014,0.6999691672390775
12015,0.749996589673203
12016,0.39999747751783865
12017,0.8235278518586936
12018,0.9032222421100574
12019,0.6666736360112675
12020,0.833242020403082
12021,0.785564391229187
12022,0.7272696312261704
12023,0.25
12024,0.3328640656086742
12025,0.7777756514794145
12026,0.3846114077678541
12027,0.0722419642899228
12028,0.49999795380392187
12029,0.699791825867836
12030,0.8928536350924374
12031,0.11414418774150281
12032,0.8235142901890669
12033,0.700216172226487
12034,0.8421020323219819
12035,0.7272434201123522
12036,0.8181798116376751
12037,0.8334128140386303
12038,0.8823470421962756
12039,0.7855646908982894
12040,0.8667573525253662
12041,0.49999863586928117
12042,0.12198586626311436
12043,0.6249569653455456
12044,0.5996940108705827
12045,0.6666602587564875
12046,0.823520330028139
12047,0.6249611752573945
12048,0.8267729218496327
12049,0.053104963179603004
12050,0.6999952531799322
12051,0.5831599664013359
12052,0.66690685802943
12053,0.36494982690810895
12054,0.8573190295543384
12055,0.7999916234633728
12056,0.833241709841074
12057,0.12724222572318766
12058,0.6375378356204531
12059,0.6249735451020785
12060,0.8124691215381954
12061,0.40033044231865145
12062,2.153964752671378e-06
12063,0.7272523610427721
12064,0.7001631120532987
12065,0.5571782672228056
12066,0.749998275626127
12067,2.4337760673454056e-06
12068,0.6249667329111916
12069,0.25
12070,0.7999967025596284
12071,0.833331509519813
12072,0.25
12073,0.8124966510371225
12074,0.24999680045856587
12075,0.6666643767775198
12076,0.2499965059584589
12077,0.6841927438652886
12078,0.06158522228300101
12079,0.33333333333333337
12080,0.25027965704398325
12081,0.33333333333333337
12082,0.6666652154293544
12083,0.5713768349827099
12084,0.29999848694422326
12085,0.8124922488323367
12086,1.894700020987905e-06
12087,0.4999899588286061
12088,0.8333087167010147
12089,0.39997652989497956
12090,0.8461517267693038
12091,0.7690452262609314
12092,0.39956380535884506
12093,0.7995682352537161
12094,0.4999808974811948
12095,0.6666362084467716
12096,0.7994550782489226
12097,0.8231479641358895
12098,0.4999993112000237
12099,0.7499893110110967
12100,0.6666652988065265
12101,0.22382591219320125
12102,0.25024181127020384
12103,0.8499835000880385
12104,0.3157224948403956
12105,0.5002753524349529
12106,0.7270939172322788
12107,0.833331509519813
12108,0.17859854657938767
12109,0.6999808263516474
12110,0.2495156140009488
12111,0.6668281278630521
12112,0.3999958782165247
12113,0.4999958782165247
12114,0.39999744015965366
12115,0.6999946416814821
12116,0.4374611607775877
12117,0.250003528011957
12118,3.062570971001932e-05
12119,0.25
12120,0.0005738832367538915
12121,0.11111111111111105
12122,1.037056980113249e-05
12123,0.13382711709958617
12124,0.12499999999999989
12125,0.8000034463726097
12126,0.3033900661595077
12127,0.7691108498208771
12128,0.05904797149282359
12129,0.4375124346225302
12130,0.23704938692830524
12131,3.3118506242324486e-05
12132,0.2500218460261011
12133,0.25085543786747466
12134,0.33333333333333337
12135,0.04470161281171303
12136,0.9159317418442402
12137,0.7857045329515938
12138,0.03451775379042943
12139,0.06518461835967404
12140,0.3333009416709731
12141,0.07938373920997344
12142,0.60546787419896
12143,0.77906616426557
12144,0.5595287530081596
12145,0.2286191333294192
12146,0.11246439962647425
12147,0.1729951119038715
12148,0.2106553275148657
12149,0.7499775591072291
12150,0.36878154222830695
12151,0.4000158500054406
12152,0.7272767565639695
12153,0.8498184498142294
12154,0.3996139698094404
12155,0.20035631566900025
12156,3.626317152016778e-05
12157,0.7688105911464997
12158,0.7646093938150919
12159,0.44122319880879934
12160,0.13146562347532498
12161,0.09523690123638373
12162,0.7142825473040983
12163,0.4001069450994522
12164,0.4000021712396
12165,0.7501427506884587
12166,0.6363606133357302
12167,1.321720786395808e-05
12168,0.8333312370807817
12169,0.07199939141150935
12170,0.6666648033310654
12171,0.31999077652176056
12172,0.18681259837507913
12173,0.4000062147437746
12174,0.8333301189334441
12175,0.39983808728679704
12176,0.5999983446010819
12177,0.8487234121377831
12178,0.7692332816143983
12179,0.7498760930536009
12180,0.7144747739528081
12181,0.5000891209162102
12182,0.8181797854520713
12183,0.7142837435727166
12184,0.7999977928014426
12185,0.5000898369633124
12186,0.24999793360007128
12187,0.8749977583139652
12188,0.6252538444722904
12189,0.8183002157216508
12190,0.8123767844677239
12191,0.2499648849245819
12192,0.8461516961512292
12193,0.7501721680992648
12194,0.7857141640835386
12195,0.7499797682426076
12196,0.8182846204994602
12197,0.24999793360007128
12198,0.7272700973091817
12199,0.7691177226282182
12200,0.6664508288642352
12201,0.8124064807837135
12202,0.8181797854520713
12203,0.10593607736981392
12204,0.7692275901539558
12205,0.42852744457863146
12206,0.6666652909587456
12207,0.7998506078306493
12208,0.44444143427532457
12209,0.545451466872491
12210,0.3575036934307648
12211,0.385058265173159
12212,0.0007374391116479195
12213,0.7501812581938581
12214,0.2940643430777762
12215,0.2748603882661056
12216,0.8739196289402104
12217,0.22576857462342337
12218,0.666665734998866
12219,0.49999863400711597
12220,0.3849472052518237
12221,0.8571631269170972
12222,0.7777762249981099
12223,4.257133882556996e-05
12224,0.8124966421001159
12225,0.45815733229558586
12226,0.866664430663945
12227,0.7499982531228737
12228,0.7499982531228737
12229,0.5999988994336631
12230,4.4806537320307704e-05
12231,0.6521739024221851
12232,0.5382545286551758
12233,0.8181877662088064
12234,0.6000163894644636
12235,0.7273143135682362
12236,0.25051700613287076
12237,0.6669101822342131
12238,0.25002336854162555
12239,0.3333324161947193
12240,1.3913378252849995e-06
12241,4.6217113495061746e-05
12242,0.33336340227834704
12243,0.40044080928882675
12244,0.2631068133336997
12245,0.2500336049029902
12246,0.35326085957796927
12247,0.2499958433539068
12248,0.7777945551053883
12249,0.07244087209399253
12250,0.7496757496891993
12251,0.7998979924821312
12252,0.7139151425019421
12253,0.4661030617012287
12254,0.6000194992590281
12255,0.8569556984385069
12256,0.5003659625922203
12257,0.7774889438535455
12258,0.6662352500575464
12259,0.8181743150176053
12260,0.24957010616693287
12261,0.8179452493878243
12262,0.6662352500575464
12263,0.5716111643883817
12264,0.5294098175729344
12265,0.7693977663754531
12266,0.4579484355450931
12267,0.699996689202164
12268,0.5714267977868736
12269,0.19047174214204476
12270,0.33200280234323687
12271,0.30037887729812485
12272,0.7000165825907723
12273,0.6005040916958988
12274,0.8461506319394119
12275,0.4999471943041207
12276,0.8459231648936153
12277,0.23076605172307363
12278,0.7272697257323014
12279,0.7142840412060931
12280,0.5999562143613518
12281,0.49999730325982106
12282,0.39999748449693817
12283,0.7499968961270287
12284,0.727269678178107
12285,0.7857107384308899
12286,0.7692275857713115
12287,0.8461504201500887
12288,0.5714267746406702
12289,0.22264319699791657
12290,0.7999938505215132
12291,0.7499150866954062
12292,0.5533031487067199
12293,0.5705824333146856
12294,0.666778599923288
12295,0.6666641436984652
12296,0.7999904678508943
12297,0.6249935564981259
12298,0.699988112352003
12299,0.39999917230054105
12300,0.33333333333333337
12301,0.33333333333333337
12302,0.3333606652024156
12303,0.8124917800186373
12304,0.4999863886925603
12305,0.0002096543833443043
12306,4.526302835106133e-05
12307,0.06254367830949703
12308,0.8124966374709477
12309,0.49967573553933176
12310,0.8636365906538144
12311,0.5766192788244615
12312,0.6662038430307653
12313,0.33290470996104915
12314,0.8000026236132552
12315,0.31249333206536967
12316,0.6463605687776808
12317,0.26669235959287696
12318,0.636369065206796
12319,0.7498375182351387
12320,0.7141000208401584
12321,0.14276311040659362
12322,0.20006060471413345
12323,0.8637022028625134
12324,0.6999552154968982
12325,0.8420976944995202
12326,0.11110921302642895
12327,0.3999999999999998
12328,0.6666652909606381
12329,0.8499725837033862
12330,0.6666668668249549
12331,0.10044963603156021
12332,0.5555622455885146
12333,0.7058777509873142
12334,0.7692276169394985
12335,0.3337721781615052
12336,0.5
12337,0.3337721781615052
12338,0.33292438994741036
12339,0.7692042079134735
12340,0.7272697174565126
12341,0.5262598186586638
12342,0.4000021436398883
12343,0.2100954823723219
12344,0.7692287137183987
12345,0.25000031436936243
12346,0.8124032415128514
12347,0.49999753223424426
12348,0.666664005977613
12349,0.6999971030518934
12350,0.6149740444957832
12351,0.8999975445647062
12352,0.44589838565257867
12353,0.9047534795448972
12354,0.49999790374744846
12355,0.8334521903718476
12356,0.8571409083846875
12357,0.23088981715624846
12358,0.7272705510230224
12359,0.33333333333333326
12360,0.7144914192143388
12361,0.6999966459959175
12362,0.8461463839070966
12363,0.5714267977868736
12364,0.3333324161947193
12365,0.6613522357752429
12366,0.27571877352295937
12367,0.08571944152408129
12368,0.5003763380490777
12369,0.8748257423145955
12370,0.666913913882639
12371,0.41787500980928705
12372,0.26728476033366144
12373,0.20236081996849642
12374,0.11764705882352944
12375,0.019852882611435363
12376,0.0002315074428670405
12377,0.06589245637446495
12378,0.06804255100880796
12379,0.09192931469643839
12380,0.0008669334506115067
12381,3.924987328829399e-05
12382,3.374869647176926e-05
12383,8.916075752263275e-06
12384,3.2201786570595914e-08
12385,0.062499993810454235
12386,0.05890710157991674
12387,0.00011343694325394171
12388,0.05882352941176472
12389,0.0015959348472445178
12390,0.125
12391,0.0004134377389293231
12392,0.00045313728867646397
12393,0.00073378691379411
12394,2.220446049250313e-16
12395,0.06249999999999989
12396,0.12343556961233992
12397,0.0004057422009514644
12398,9.060895412493775e-05
12399,0.00022180251639158932
12400,0.0006820275092566108
12401,0.0014109528428500884
12402,0.0006819448320398713
12403,0.11102001768768066
12404,6.049326583301706e-05
12405,2.5460494413098722e-05
12406,9.07049906491153e-05
12407,0.00016338556915829194
12408,0.11119114265676833
12409,2.5627107255843384e-05
12410,0.0016216689576799004
12411,0.00040609395243773605
12412,0.1254779685231645
12413,0.0002677710185504667
12414,2.527029484711285e-05
12415,3.601964498534116e-05
12416,0.11080686483333546
12417,2.5253963961691106e-05
12418,0.00030131715393999503
12419,0.001686886399668741
12420,0.11119085229485448
12421,0.12438207943999235
12422,0.0007545701526352477
12423,9.069910471803944e-05
12424,0.0016868037224522237
12425,0.12611852275873392
12426,0.0009971765234473295
12427,3.593706899984728e-05
12428,0.12419719495899328
12429,0.00015648309803972804
12430,0.11082147017877486
12431,5.182395424829789e-05
12432,0.0008921648835696905
12433,0.11119114265676833
12434,0.12535679193140692
12435,0.1234995121634902
12436,0.12611851113675232
12437,2.519089484509518e-05
12438,2.5349716717970594e-05
12439,2.5540000344048686e-05
12440,0.12611852275873392
12441,0.11048144308059116
12442,0.11159721030350722
12443,9.08602500930833e-05
12444,0.11119113645339929
12445,0.11094638658125111
12446,0.0007672644124703254
12447,0.11237272850837376
12448,0.0005477770108930358
12449,2.5352828960767404e-05
12450,0.12131225364520393
12451,0.1238801125483342
12452,0.5791724955228481
12453,0.666553921987251
12454,0.1101115218969888
12455,0.6663928705204516
12456,0.005216013992326407
12457,0.014877765804925058
12458,0.10745998640738263
12459,0.6513820931328935
12460,0.2727270257909855
12461,0.33342456479835814
12462,0.2726268362380675
12463,0.5002263999828163
12464,0.56173833543459
12465,0.49986220971685724
12466,0.562559912768195
12467,0.5007978334865313
12468,0.5302274561793949
12469,0.5009357589263324
12470,0.4995480779086392
12471,0.46622430847164953
12472,0.5003984132390167
12473,0.49957667592737165
12474,0.5000196359186351
12475,0.5300327705932579
12476,0.3332412615440621
12477,0.49997240806012055
12478,0.18388094678416977
12479,0.5557532364129636
12480,0.5295960657752483
12481,0.12350642741568629
12482,0.5295930476580628
12483,0.0977470970105474
12484,0.529556248686107
12485,0.5877595266828077
12486,0.10357894325952688
12487,0.587816370126363
12488,0.5293797637596971
12489,0.3002592606265816
12490,0.5296879006395012
12491,0.3845735646245474
12492,0.5002925443715887
12493,0.0002360957382738782
12494,0.3848890965717958
12495,0.3848043679426705
12496,0.38488904569350857
12497,0.4625821010986251
12498,0.6191347483381009
12499,0.09862601020165418
12500,0.22183061954902872
12501,0.10521082180411245
12502,0.10504487687940589
12503,0.11226649594542726
12504,0.5293655666044417
12505,0.6111506174550951
12506,0.6112044763007611
12507,0.5563711299192226
12508,0.6106352303966291
12509,0.5556004834580663
12510,0.6109196809712295
12511,0.5554607170918485
12512,0.5294408299797049
12513,0.5876744013037175
12514,0.4998240190641756
12515,0.38459278473908065
12516,0.42837030750191496
12517,0.38476252767446517
12518,0.5297410386848243
12519,0.42859155224039014
12520,0.5555773679689915
12521,0.6107918400909013
12522,0.3333295722724354
12523,0.46654576303268946
12524,0.4665835467411428
12525,0.467470492046675
12526,0.4608514365238451
12527,0.4288584611902433
12528,0.3334580678988184
12529,0.4287238835842484
12530,0.11157186853427326
12531,0.061396838599173
12532,0.040310030148444476
12533,0.19975048351399594
12534,0.20024690856245442
12535,0.27290101844384895
12536,0.20019112028823383
12537,0.3628576497399386
12538,0.2723720570677962
12539,0.2727651275957087
12540,0.20008075258900115
12541,0.1999706415446214
12542,0.19971843050268112
12543,0.11111111111111105
12544,2.220446049250313e-16
12545,0.11112897628693275
12546,0.11111111111111105
12547,2.220446049250313e-16
12548,0.11115718717275824
12549,0.11111111111111116
12550,0.11112506240470565
12551,0.11111111111111105
12552,0.11111111111111105
12553,0.11111111111111116
12554,0.00045425606152948994
12555,3.926067877857431e-05
12556,0.002192403791694164
12557,0.6498095885794237
12558,0.6007746689839877
12559,0.6500400075096597
12560,0.6817057531315427
12561,0.6192915196712016
12562,0.6662587689113965
12563,0.6663468474600046
12564,0.6193865313836222
12565,0.619396610759947
12566,0.6520023965822968
12567,0.6666369627816529
12568,0.681673315918653
12569,0.6664853180297854
12570,0.6952797455277968
12571,0.6666831233926944
12572,0.6520151357474753
12573,0.6360138293242057
12574,0.6957252423223347
12575,0.6191811246421615
12576,0.6817498133577302
12577,0.6814122124913631
12578,0.6819386378470766
12579,0.6812800318128005
12580,0.6955024888659918
12581,0.6813240878133979
12582,0.6818505094167074
12583,0.6958899738062667
12584,0.681906196141822
12585,0.63638163366128
12586,0.6818505094167074
12587,0.6815569600743738
12588,0.7084437513598203
12589,0.6954023096363575
12590,0.6363311472952509
12591,0.6661028904705528
12592,0.6522703706097313
12593,0.6815569600743738
12594,0.5996707472592583
12595,0.6660567321383564
12596,0.6493595687452742
12597,0.6518842277271686
12598,0.7498770444256361
12599,0.7586786404625414
12600,0.7078804177024056
12601,0.750243013561116
12602,0.7501292671512747
12603,0.7085007983410381
12604,0.7498908477678803
12605,0.6920544209686602
12606,0.7039905507755968
12607,0.7308000015150922
12608,0.69228020155752
12609,0.7036772311294637
12610,0.7666458739471571
12611,0.7738429040276689
12612,0.742137620511565
12613,0.7423600270042565
12614,0.7419124271127586
12615,0.7419482561467149
12616,0.7668489830173328
12617,0.7668812952255373
12618,0.7333095080165173
12619,0.72387256385014
12620,0.7241132841550179
12621,0.7586326049445116
12622,0.723853939110598
12623,0.723914059498026
12624,0.7588092895704873
12625,0.7143009316479558
12626,0.7239108601787988
12627,0.7241132841550179
12628,0.7241132841550179
12629,0.7331508548412602
12630,0.6519541052756601
12631,0.7588427159927678
12632,0.7668489799181377
12633,0.708270662244586
12634,0.7776681978164673
12635,0.7778312645340197
12636,0.8052093191386258
12637,0.7645571888629465
12638,0.7836850843835657
12639,0.8158337041938264
12640,0.8159685363081908
12641,0.7999013780348206
12642,0.7574562157997826
12643,0.7947706441382776
12644,0.8055753087275476
12645,0.8250420143353425
12646,0.8251701094927811
12647,0.8206872917874679
12648,0.8158659258321318
12649,0.8207370076450057
12650,0.7776865764800382
12651,0.7947781569792803
12652,0.8160007784378848
12653,0.8251701094927811
12654,0.7949286773718535
12655,0.7949211672621721
12656,0.8207121497162367
12657,0.7947706441382776
12658,0.8205559169068053
12659,0.8000481354175795
12660,0.8206938340691428
12661,0.42836282781224055
12662,0.42897700992512344
12663,0.4992235732041239
12664,0.49943128569900797
12665,0.5000246816707741
12666,0.4284670223262189
12667,0.42908518762995485
12668,0.4285994769645335
12669,0.42943267005000896
12670,0.38500937793040235
12671,0.4608514365238451
12672,0.333366051953487
12673,0.3337601594246027
12674,0.41618775238943706
12675,0.385179140458376
12676,0.41643009138038334
12677,0.33336608028987913
12678,0.2732932154115506
12679,0.33336608028987913
12680,0.4171224497953442
12681,0.33323124278812355
12682,0.36282442498272593
12683,0.42858439529094383
12684,0.6678956211583154
12685,0.699894603157837
12686,0.43563556364789346
12687,0.5336533712670267
12688,0.36097175912364643
12689,0.652315054493152
12690,0.6665971714748965
12691,0.7175464327092609
12692,0.7422026699490413
12693,0.5622014029132718
12694,0.5298083974667229
12695,0.6313274971901237
12696,0.6006028637436645
12697,0.6502249969161071
12698,0.5788188807160681
12699,0.5789680714923154
12700,0.6318157813340153
12701,0.631006843413565
12702,0.6494080349940805
12703,0.6494565012428868
12704,0.7239636007358683
12705,0.6201697375377375
12706,0.6544939046826505
12707,0.6961264009611268
12708,0.617705102804226
12709,0.6961407965088995
12710,0.5259578250537595
12711,0.5029279002334155
12712,0.11112981393845422
12713,0.11112233515683667
12714,0.01946817194602346
12715,0.2532269263911838
12716,0.2807578308306268
12717,0.25801600699002913
12718,0.01454279798590552
12719,0.06657946317932983
12720,0.019253926211545203
12721,0.39808641895777963
12722,0.8707752146261086
12723,0.10671092516862224
12724,0.09959233220557351
12725,0.21416411224034748
12726,0.012259405531109824
12727,0.16859178715973866
12728,0.01310499951415578
12729,0.0018311119244395213
12730,0.004008697306491893
12731,0.001306547241965661
12732,0.012164675986166662
12733,0.14285714285714302
12734,0.7313206283410503
12735,0.5689815365218683
12736,0.1889600190005335
12737,0.18959261509573744
12738,0.1326046812240237
12739,0.6153014312990966
12740,0.2591853724327158
12741,0.013191133612302952
12742,0.052247675231457014
12743,0.1016842456959407
12744,0.2812909622169186
12745,0.3747988894994392
12746,0.08964982961157919
12747,0.23034974598123725
12748,0.20074072054124237
12749,0.11397687379011934
12750,0.24324389949858527
12751,0.08380288518567425
12752,0.16298327064142037
12753,0.15706649323019017
12754,0.23284298331843123
12755,0.14739367383299218
12756,0.2569487307729299
12757,0.019972417738524983
12758,0.06765204820593096
12759,0.0005366892038528581
12760,0.33397554736618473
12761,0.01975809524203931
12762,0.0055502946268525255
12763,0.26322288345168054
12764,5.9409594839299196e-05
12765,0.34729053559004497
12766,0.41856692192175693
12767,0.31848853158069046
12768,0.17241570043233723
12769,0.034514009751650754
12770,0.22529458055058305
12771,0.25806255553269375
12772,0.04418317823812412
12773,0.14285668723314615
12774,0.20004321254314628
12775,0.12442255584783535
12776,0.15095824193348806
12777,0.9364126062096583
12778,0.9337836880191946
12779,0.9337022982135715
12780,0.6893631087409126
12781,0.2860912992297816
12782,0.9351662976065417
12783,0.2857144031344201
12784,0.4416719189470576
12785,0.5696862640336238
12786,0.5704466106828461
12787,0.5820244201685658
12788,0.5368760842848473
12789,0.4402610482465955
12790,0.41137354724438513
12791,0.4319111231436614
12792,0.4380446035345542
12793,0.8029679266432459
12794,0.25629428376729213
12795,0.31561725408146524
12796,0.2552554893996206
12797,0.20000013660905702
12798,0.2835905217561766
12799,0.1780307873957223
12800,7.66075897873364e-05
12801,0.33691385792974315
12802,0.3030291165156973
12803,0.23761744241104055
12804,0.33691385792974315
12805,0.21998791776612092
12806,0.14221949235151343
12807,0.0601492811573493
12808,0.4170461976922888
12809,0.7584691980607227
12810,0.1354483849668231
12811,0.3067263943537134
12812,0.7583048267274681
12813,0.7925681824246956
12814,0.13534896278347275
12815,0.6004084808974293
12816,0.3883772997204651
12817,0.8484093187210086
12818,0.13025885141781934
12819,0.06737750188514557
12820,0.3792677380026418
12821,0.1285638002052636
12822,0.6995352538456481
12823,0.19909421204656774
12824,0.49990442021535764
12825,0.40705549208733427
12826,0.055023124689927205
12827,0.8561266018154826
12828,0.5328656146292056
12829,0.4089926418038512
12830,0.20045587805385812
12831,0.598247751404942
12832,0.26338487917624065
12833,0.4520093150413217
12834,0.4474264855233301
12835,0.28606846044419176
12836,0.1414108356683974
12837,0.01843340804047333
12838,0.1947496890849243
12839,0.23680937894957954
12840,0.016428627861659217
12841,0.12849690767571176
12842,0.23525115813016395
12843,0.7741617008567694
12844,0.7089774082040341
12845,0.8105012300202826
12846,0.6913250871426118
12847,0.1774582354105
12848,0.6733672400769799
12849,0.07498160729838799
12850,0.8053717927368236
12851,0.24993654523808606
12852,0.6519460897196223
12853,0.8286142905487555
12854,0.6496880128680492
12855,0.035259055387515836
12856,0.7290238246792722
12857,1.4694166396322927e-05
12858,0.6546954860049894
12859,0.6531987178532097
12860,0.06185161152786922
12861,0.43339601707504194
12862,0.3650620077755339
12863,0.6896047542998328
12864,0.7475247331036057
12865,0.16118320747823922
12866,0.773253877173892
12867,0.49999316071800937
12868,0.7391162810115706
12869,0.5382613965342804
12870,0.5493636958655199
12871,0.08114156180346077
12872,0.36107425764654477
12873,0.1589458066886742
12874,0.8909408611436238
12875,0.17606918376708292
12876,0.3680912285786603
12877,0.15280496863286452
12878,0.05338868295339716
12879,0.46120061343194907
12880,0.2910945441907268
12881,0.2825848664936881
12882,0.017583157703155217
12883,0.30156695554975665
12884,0.06085703084769034
12885,0.21388000546864627
12886,0.21119158600376486
12887,0.678545776014309
12888,0.49689226305180456
12889,0.38072990249469785
12890,0.0579003755043348
12891,0.24992092795648857
12892,0.24973376797560753
12893,0.24338627990177863
12894,0.2499097297127182
12895,0.24321031816466798
12896,0.2385570550992604
12897,0.28664930644020026
12898,0.4316674595898786
12899,0.29580672460822455
12900,0.9229190928010839
12901,0.26115550849299773
12902,0.2499380756174906
12903,0.41718247737626135
12904,0.0555521590275615
12905,0.1249342564218725
12906,0.2288807565676051
12907,0.038063464557294036
12908,0.5547511816208068
12909,0.01470622470082994
12910,0.02877952535562145
12911,0.323972467837673
12912,0.15204460159956168
12913,0.5018801907548586
12914,0.11428444140313465
12915,0.029843709484957848
12916,0.3227861230182122
12917,0.5787273051392936
12918,0.2962277969061172
12919,4.5744801047131745e-07
12920,0.5059146736763518
12921,0.014705882352941235
12922,0.1500464906580431
12923,0.3742179645475593
12924,0.6055972285977917
12925,0.20058924904854236
12926,0.3994135656723544
12927,0.49544594394867614
12928,0.345924807364802
12929,0.15422283997552377
12930,0.058908178736514105
12931,0.02161068348587003
12932,0.06637994156723237
12933,0.31715854462724
12934,0.25000104205302653
12935,0.4974692939514137
12936,0.24380060572907847
12937,0.5622513199434378
12938,0.2541062997388649
12939,0.16107346105314135
12940,0.13991925864589005
12941,0.04930474789043793
12942,0.30406947829410635
12943,0.07023537313623629
12944,0.051085973254249684
12945,0.38286930510960093
12946,0.28170643085396707
12947,0.2498402715845176
12948,0.24261865939535232
12949,0.062499298682330284
12950,0.32398111326830215
12951,0.30942548497687594
12952,0.133025264661214
12953,0.4040926084522848
12954,0.0135298438799899
12955,0.2566314824043743
12956,0.11268478603369281
12957,0.1881951076641205
12958,0.07085110684293339
12959,0.14961716766548228
12960,0.08078440306215418
12961,0.1496169590493447
12962,0.037854948910165165
12963,0.09776781895052689
12964,0.1296754335283884
12965,0.21384186558161533
12966,0.17707424638496172
12967,0.11405550219416871
12968,0.20668458030975168
12969,0.12353214075332053
12970,0.23999455749010545
12971,0.3946471805478472
12972,0.013701891398894883
12973,0.20890678908200244
12974,0.2237375962267698
12975,0.2753741621276663
12976,0.29173756798373973
12977,0.00010698977145351396
12978,0.13302823052676604
12979,0.036589748736657435
12980,0.24922847919837043
12981,0.21847649340815312
12982,0.7492992573524981
12983,0.1797691138231169
12984,0.038700099118315734
12985,0.37870073548383676
12986,0.14646609511498965
12987,0.008122637590530779
12988,0.1524108121333374
12989,0.03438858006526424
12990,1.391333953715268e-06
12991,0.2725317516903082
12992,0.3808310708481115
12993,0.18124796515291353
12994,0.1359758356066887
12995,0.13311325561398113
12996,0.05110164936927386
12997,0.16840251211166424
12998,0.19885143272227823
12999,0.11736972601738271
13000,0.06819833497018701
13001,0.5189433016593643
13002,0.12001715870385554
13003,0.3530087796159188
13004,0.3333058448066769
13005,0.6558142852783203
13006,0.202734508000722
13007,0.006560571966111262
13008,0.12349549121896597
13009,0.1741795752022517
13010,0.1259243823566254
13011,0.30228030630610814
13012,0.30080130158852325
13013,0.59999180413226
13014,0.20689987666105392
13015,0.4444375626484077
13016,0.8333210395317234
13017,0.9296293555212038
13018,0.17408262098592597
13019,0.10000494541618099
13020,0.35177404474240626
13021,0.7272674673456359
13022,0.8799972077791727
13023,0.9004327955810225
13024,0.8791603794619648
13025,0.4744419314771299
13026,0.25
13027,0.20532619899617888
13028,0.2566669658707246
13029,0.41024116062250304
13030,0.03719216758340349
13031,0.5883156035798334
13032,0.6999954539201567
13033,0.45509125951337226
13034,0.3064339324802364
13035,0.42653793242942195
13036,0.9230716318998903
13037,0.21874153426631004
13038,0.7857098555480899
13039,0.4572367926714864
13040,0.04623997180101491
13041,0.1724824920305783
13042,0.025897607543177603
13043,0.8845795201815599
13044,0.3999975203200854
13045,0.37998110144797803
13046,0.10372939346811394
13047,0.8840460929453045
13048,0.684190225058066
13049,0.8970477300126138
13050,0.34586784440624196
13051,0.8421008083034663
13052,0.3235209038378909
13053,0.8793240831627495
13054,0.8333593532806294
13055,0.2576626923840194
13056,0.42590143694061566
13057,0.35075076772600833
13058,0.4015324867308443
13059,0.1992981236033069
13060,0.20516625194013693
13061,0.6137238006832108
13062,0.4513293733267021
13063,4.978405006683673e-06
13064,0.8999957294401473
13065,0.6874909054156872
13066,0.4633609161263552
13067,0.4615220483200986
13068,0.09983713868320843
13069,0.4000118448225589
13070,0.8888829192890948
13071,0.5653720597131606
13072,0.1914559706661073
13073,0.7427259082249391
13074,0.22718398270530837
13075,0.21128857565471915
13076,0.0029322429763897206
13077,0.33333333333333337
13078,0.9658122636421161
13079,0.20424461935520122
13080,0.12157037422338768
13081,0.21351896130551595
13082,0.23358642989454836
13083,0.18191482804970915
13084,0.21109527410701212
13085,0.20665432361798486
13086,0.5672357849560425
13087,0.34159164282130383
13088,0.7221067982320897
13089,0.27211617100876484
13090,0.9515875650628762
13091,0.3070048577005079
13092,0.19592156180028308
13093,0.3657114270478078
13094,0.8799942982010281
13095,0.9117599083915477
13096,0.8260788219121792
13097,0.8371964049170811
13098,0.7878677772385112
13099,0.7362759639939156
13100,0.922964819842867
13101,0.49999518502890017
13102,0.42305001455325986
13103,0.225064983309765
13104,9.956661308430093e-06
13105,0.3999840346647342
13106,0.8333305781334284
13107,0.32229498737065787
13108,0.09544673858808128
13109,0.3559897043434186
13110,0.921016507111118
13111,0.27554674272106194
13112,0.8999948104214521
13113,0.11574639261670838
13114,0.937421765823565
13115,0.3280446591752847
13116,0.8823501859765657
13117,0.19979424614733832
13118,0.14999413746041412
13119,0.7407290540085173
13120,0.841760427155356
13121,0.47753338219736485
13122,0.5999852745708706
13123,0.5917345292001253
13124,0.3835484922743255
13125,0.9459407519843082
13126,0.8235260876334066
13127,0.9147957755688433
13128,0.5072237146899141
13129,0.8165664479266284
13130,0.02438495805967289
13131,0.2867507446251728
13132,0.8974294069254038
13133,0.19110641718858312
13134,0.4992945569426199
13135,0.2590977324663466
13136,0.38180396648730963
13137,0.7499982780000594
13138,0.3822453734814778
13139,0.38626368358378294
13140,0.924321579040581
13141,0.14848050996780915
13142,0.2592452126215383
13143,0.30922630606043777
13144,0.1040536528083238
13145,0.08923855599686703
13146,0.47619138925163007
13147,0.37703450807516026
13148,0.3667934129301521
13149,0.5812008658790497
13150,0.2911476647532646
13151,0.1668364834343743
13152,0.9332501586863416
13153,0.26622855894608943
13154,0.33333333333333337
13155,0.3999966892021639
13156,0.9000609490743036
13157,0.8636708195548405
13158,0.6168382643874724
13159,0.8888840320319358
13160,0.8800200612013938
13161,0.05538783246701284
13162,0.9117592435201809
13163,0.9062448775336823
13164,0.6362404685037908
13165,0.1440080797965826
13166,0.10403138846039761
13167,0.26008537640133744
13168,0.9167164450596512
13169,0.9166263874300887
13170,0.22965245200661344
13171,0.9317830959886629
13172,0.9203761948367011
13173,0.15515637417790584
13174,0.863631472685015
13175,0.8965154683784352
13176,0.11486345421484512
13177,0.5003018218102686
13178,0.6249969265202094
13179,0.2749821503041424
13180,0.8963325508579209
13181,0.9166619533780807
13182,0.9140967157234036
13183,0.6253772074689181
13184,0.35013098441841317
13185,0.4003936214231384
13186,0.39581184758831955
13187,0.9214423646397711
13188,0.6666509085168043
13189,0.21677427531166926
13190,0.0005604101361262881
13191,0.7692260408003222
13192,0.5593967941973848
13193,0.46193742849120745
13194,0.9304448291427159
13195,0.014864495361674779
13196,0.39999834688233427
13197,0.5966423379579738
13198,0.26198034524332925
13199,1.3794971952529878e-06
13200,0.00010951019012228613
13201,0.12547798566429746
13202,0.020249110250246893
13203,0.3345364206698286
13204,0.880583803675882
13205,0.9503958435009339
13206,0.1255528434952945
13207,0.024540379045321248
13208,0.17091936443181965
13209,0.1332248313598685
13210,0.1565921076257233
13211,0.1833934816549252
13212,0.21741682676009622
13213,0.7187288416080577
13214,0.12919100883367018
13215,0.4646563334704996
13216,0.3792941443263035
13217,0.235350903818343
13218,0.3586709286278029
13219,0.491663717537116
13220,0.3403872805523721
13221,0.37929073369445465
13222,0.34917024206172353
13223,0.2274701397663984
13224,0.3239359200146583
13225,0.9533751169443141
13226,0.7351045529963032
13227,0.20048326670767969
13228,0.9444404278373281
13229,0.83573484960661
13230,0.08057397900506913
13231,0.007588521286852501
13232,0.10071950968883614
13233,0.0859293514293239
13234,0.3999999999999999
13235,0.14959852394569717
13236,0.2203926205618829
13237,0.3235210091287435
13238,0.8213463484003818
13239,0.4463728323586357
13240,0.1719026717879566
13241,0.2290236595273678
13242,0.3770193032083836
13243,0.3761557052796658
13244,0.08608637930684437
13245,0.2807403115769611
13246,0.08430136343393357
13247,0.38410929353711065
13248,0.14704251407724211
13249,0.28172487331761475
13250,0.9473791351796733
13251,0.33745787803359306
13252,0.5718074563015629
13253,0.3878596666197973
13254,0.010619409594745832
13255,0.2838882858897033
13256,0.18689058590017527
13257,0.7169584685969812
13258,0.08823878168314858
13259,0.2430704638690916
13260,0.9354985028290229
13261,0.16778171443209833
13262,0.10532019717210617
13263,0.16696245809077814
13264,0.16349196943058164
13265,0.4173803664254151
13266,0.3084043749890256
13267,0.3928253358627277
13268,0.35451122568262006
13269,0.7531073351878395
13270,0.3108939874617903
13271,0.1369157091243972
13272,0.4848316977604721
13273,0.06896851899910661
13274,0.23283595683117786
13275,0.2725661872676821
13276,0.16548282935665837
13277,0.6277878298744879
13278,0.04378638426816983
13279,0.5547054930750248
13280,0.10809270993515097
13281,0.17698603603471252
13282,0.925890942042356
13283,0.2358329348506638
13284,0.18353871040210568
13285,0.2930829868693767
13286,0.42513767348322407
13287,0.5838425394372251
13288,0.2166506612816137
13289,0.3616148401434668
13290,0.1872090582592485
13291,0.9361790829493497
13292,0.9432707234454167
13293,0.03156141745150831
13294,0.18347008927889852
13295,0.11580476519528671
13296,0.8636320429879193
13297,0.39929954483784047
13298,0.31881367210628786
13299,0.47894659939857376
13300,0.33332249742904874
13301,0.11591919478922919
13302,0.19222866442625197
13303,0.1443118644022634
13304,0.3995302381535787
13305,0.2569106524004484
13306,0.6351306233695331
13307,0.2399571929737052
13308,0.16575183928020498
13309,0.04530118642152303
13310,0.23304885958158816
13311,0.32437233261261433
13312,0.1428482918229288
13313,0.543379149348647
13314,0.07040874005540276
13315,0.06884711641126606
13316,0.09259946628302229
13317,0.05503488367555576
13318,0.4574480067405794
13319,0.5860722566936009
13320,0.27881758911247023
13321,0.1277974458198865
13322,0.27913137310182135
13323,0.23127640889163303
13324,0.46212742044425625
13325,0.14906000224613325
13326,0.03409327261678663
13327,0.13114416256990802
13328,0.1997416089702614
13329,0.20232120798759023
13330,0.22909398012786075
13331,0.09297211467067512
13332,0.16045346589650844
13333,0.43812879005502436
13334,0.23623630389807349
13335,0.3999074030498315
13336,0.15157018789750798
13337,0.14454246270755056
13338,0.18002154935554926
13339,0.5526039356215879
13340,0.1666230993251281
13341,0.27676922092866274
13342,0.09039103748373833
13343,0.13670276243046586
13344,0.33099448106783735
13345,0.4341471861251449
13346,0.24872929772847263
13347,0.21331722313255153
13348,0.4328094756129254
13349,0.19310470123603962
13350,0.13738979785019412
13351,0.2665948150518337
13352,0.34714649253623275
13353,0.13000877927627275
13354,0.021082757554922282
13355,0.2884171845000565
13356,0.09982054846140287
13357,0.27883690448443954
13358,0.090409274540169
13359,0.07004851159476322
13360,0.30535316916265376
13361,0.06676691656326483
13362,0.4278981364716855
13363,0.25954493557296643
13364,0.259877106671508
13365,0.011694005312586797
13366,0.0947517708576302
13367,0.06689028001376462
13368,0.055550438690853854
13369,0.1467945948071413
13370,8.701598091420681e-05
13371,0.3327345493575461
13372,0.06521490803875252
13373,0.027586894232150216
13374,0.013364602497545897
13375,0.06756944722422464
13376,3.768518244129382e-07
13377,0.22607699396432113
13378,0.043896070213768845
13379,0.24887458840274768
13380,0.11944592071948479
13381,0.09666045512819177
13382,0.16587039587586194
13383,0.1392646665770162
13384,0.08536198192187139
13385,0.13248529078339
13386,0.12312749259405886
13387,0.07825789143054251
13388,0.07190354181026781
13389,0.06508908656746315
13390,0.1554801453443292
13391,0.12745293849124328
13392,0.10447918579798643
13393,0.2713116720245695
13394,0.09087236070571558
13395,0.3203858757286293
13396,0.2583206970013141
13397,0.07027476302618307
13398,0.0776722341259447
13399,0.04332699055217515
13400,0.058914840339588714
13401,0.09822747213911132
13402,0.21220493199208323
13403,0.23822688711490092
13404,0.2500093618994389
13405,0.3182358474338667
13406,0.0358129977454168
13407,0.22417607141851237
13408,0.1797493800756229
13409,0.04447068833090162
13410,0.04766351744268671
13411,0.6413936404472578
13412,0.33314085404732763
13413,0.018025517870384422
13414,0.06408072292611489
13415,0.05259696480974341
13416,0.0032519403163312477
13417,0.06502000185805157
13418,0.09468204647042455
13419,0.3349064630446972
13420,0.6021727389585504
13421,0.24362609217744946
13422,0.25
13423,0.004410632981715512
13424,0.0021963287005809518
13425,0.2500485365491998
13426,0.036567834630516716
13427,0.3242921982004058
13428,0.42119777308628226
13429,0.30428028133921137
13430,0.0010609861934280929
13431,0.12403350067241892
13432,0.08894192504796272
13433,0.15279053532406695
13434,0.11606738200703126
13435,0.24749347020462686
13436,0.004409241645826123
13437,0.0518772752790011
13438,0.14814572926799152
13439,0.6098102934528244
13440,0.0014242208694738023
13441,0.05525570158363824
13442,0.0799044263054064
13443,0.08172926537430458
13444,0.2515506132987654
13445,0.40523314941663113
13446,0.22989045435763622
13447,0.27758873425909014
13448,0.33054762403455396
13449,0.25751402601175644
13450,0.20045299080647971
13451,0.16874254183086568
13452,0.23137303284117405
13453,0.062681170366641
13454,0.20207512358290014
13455,0.48167472768195163
13456,0.28733805131799506
13457,0.018433083068907008
13458,0.5480486036317956
13459,0.37913347029614375
13460,0.365714220362479
13461,0.38790116008605413
13462,0.1734861569854672
13463,0.21503830490290865
13464,0.7543438753567946
13465,0.040336410153618885
13466,0.350463189324256
13467,0.005907241518746664
13468,0.1211586132823923
13469,0.031981855477247856
13470,0.13873045407574713
13471,0.08421503713778178
13472,0.28544249435756797
13473,0.11239784004349906
13474,0.4186053519508308
13475,0.743246158882279
13476,0.2888252627432334
13477,0.8535150991680629
13478,0.12955214790138114
13479,0.12927624947263006
13480,0.38839110991143244
13481,0.414864991791124
13482,0.7784177338156724
13483,0.00746778576635776
13484,0.11110914413412076
13485,0.16640492485084757
13486,0.11745293080382424
13487,0.3241839549904707
13488,0.045802403177238604
13489,0.31537106368117174
13490,0.06246185048483588
13491,0.24167225122893
13492,0.017377312008702517
13493,0.10853546201816067
13494,0.15280524665986273
13495,0.16795016629173576
13496,0.11902120957388829
13497,0.520657110193997
13498,0.8301260843062059
13499,0.017583157703155217
13500,0.21144295511932665
13501,0.1876768119292297
13502,0.048662266347327954
13503,0.24817321362814238
13504,0.2125374863197277
13505,0.02419495085234824
13506,0.7476810348468264
13507,0.2822530443766862
13508,0.23709808091745987
13509,0.2038334046051522
13510,0.05981314489271927
13511,0.18200453188980648
13512,0.07999822679119861
13513,0.1468919574649835
13514,0.29166574034085013
13515,0.2595592027764271
13516,0.18224091261170539
13517,0.32399429425350235
13518,0.32026173390438184
13519,0.41718305233711306
13520,0.40864714065085017
13521,0.29313953561303385
13522,0.19852161509705446
13523,0.5987517471420696
13524,0.6930497175935644
13525,0.5461198195081016
13526,0.7191904959492651
13527,0.44784521148732337
13528,0.11908531978350267
13529,0.3333643315994399
13530,0.20136515928579668
13531,0.4271979788949841
13532,0.38586747807140864
13533,0.2766920108471038
13534,0.061956131045335816
13535,0.2655220302564061
13536,0.03198157204013519
13537,0.1828796738099011
13538,0.22112150764194716
13539,0.2879833429843448
13540,0.8750320940271286
13541,1.387477538417059e-06
13542,0.24999896680003564
13543,0.029143503910603608
13544,3.530538460871924e-05
13545,0.8497129214662654
13546,0.03829526760333779
13547,0.8420980851370896
13548,0.8235235772237306
13549,0.039385437962407455
13550,0.8121427134934137
13551,0.16699890138517648
13552,0.006243671778692339
13553,0.07865180632847069
13554,0.1988774255395782
13555,0.8136487648125842
13556,3.454075078312968e-05
13557,0.0022975463145309405
13558,0.008662951880194503
13559,0.6379521577160165
13560,0.19023550452516835
13561,0.057875082245999465
13562,0.8231273531968999
13563,0.8495317325212011
13564,0.01127182865118892
13565,9.798990690867981e-06
13566,0.8571148152963142
13567,0.04657163650476148
13568,0.2506249631089297
13569,0.9152018292092617
13570,0.10735030083819497
13571,0.3115571705692709
13572,0.7601561315150656
13573,0.7895409343286139
13574,0.9141065388045513
13575,0.8617791657774394
13576,0.22830595722887292
13577,0.7138846612441432
13578,0.8938705914922213
13579,0.03478939636511036
13580,0.30501136347266533
13581,1.4096488240022964e-06
13582,0.04025894926889306
13583,0.008719698488076522
13584,0.16503574061861936
13585,0.8178315544166728
13586,0.3332764742331007
13587,0.04000122782857307
13588,0.6363565218294074
13589,0.199956574341963
13590,0.25
13591,0.24999895794552562
13592,0.6041603172701759
13593,0.04482913773972874
13594,0.18238823202262067
13595,1.1102230246251565e-16
13596,0.35134525850213805
13597,0.08765837577611257
13598,0.017625433483732023
13599,0.004910810049668091
13600,0.14136069064684864
13601,0.37672547668310885
13602,0.08831231262274808
13603,0.8091594071200949
13604,0.31525719690155374
13605,0.23233206563721986
13606,0.2903355085007763
13607,0.27361184838465225
13608,0.16903143727658676
13609,0.3092264254178406
13610,0.4156149153242181
13611,9.798606625088802e-06
13612,0.6451116719462207
13613,0.44150402899092067
13614,0.19059659212949231
13615,0.1454837842820197
13616,0.007600720307507913
13617,0.2562500767382305
13618,0.21334462838138435
13619,0.24610670891142128
13620,0.24079090333463093
13621,0.19060505722538013
13622,0.07163091297109936
13623,0.0483635063707305
13624,0.04877869816725389
13625,0.05905520724781299
13626,0.7324478208373288
13627,0.07128045476570322
13628,0.05686302475009475
13629,0.05905520724781299
13630,0.7324517185709036
13631,0.07172799076865533
13632,0.45158964293624315
13633,0.048811042373682834
13634,0.05008700591529325
13635,0.694336690582976
13636,0.8869022344446881
13637,0.05774559032951354
13638,0.6943411216207798
13639,0.06320536938469923
13640,0.8415655422485672
13641,0.042905036485805015
13642,0.6943542962572445
13643,0.6916947020640081
13644,0.0483635063707305
13645,0.6802172103419726
13646,0.8198632632571131
13647,0.6942956027778863
13648,0.8546265662326532
13649,0.8662178119588808
13650,0.7284701802038759
13651,0.8854910231961958
13652,0.06363442298397792
13653,0.7344254544592033
13654,0.056853783548257875
13655,0.9048674964943207
13656,0.7973141278569561
13657,0.874008119730654
13658,0.8534126383611849
13659,0.8200160881989691
13660,0.0581700233278738
13661,0.04967181411876975
13662,0.06320667855495943
13663,0.9152623493346113
13664,0.05685840414917631
13665,0.056867645351013185
13666,0.05558706120848422
13667,0.07128045476570322
13668,0.0013766904607023234
13669,0.7492292757903091
13670,0.2564541738129097
13671,0.7492393205903498
13672,0.7709202277846092
13673,0.4676690683525353
13674,0.8617893363231335
13675,0.24953042988407703
13676,0.8473951785522295
13677,0.04119684722492478
13678,4.7675237654920544e-05
13679,1.3913358895001338e-06
13680,0.20000000000000007
13681,0.1984259074639354
13682,2.4499037155178982e-05
13683,0.008945221224484157
13684,0.35193378815339316
13685,0.6881770393346389
13686,0.8196567589706188
13687,0.8757670502018847
13688,0.9142011307121621
13689,0.1343534692409467
13690,0.9297164848237931
13691,0.06428727465123651
13692,0.8263493211291855
13693,7.850467950054618e-05
13694,0.4960505921245615
13695,0.06453178787930947
13696,0.014239363513071868
13697,0.6998062987798341
13698,0.24953147866511216
13699,0.721830017245402
13700,0.3336341660485769
13701,0.07970348673719096
13702,0.41027982688880116
13703,0.3144216199226283
13704,0.0009925486898154645
13705,0.3476187830746327
13706,0.3751600512163892
13707,0.04320026777741659
13708,0.07821311370264994
13709,0.2903336900354565
13710,0.37140568137373176
13711,0.14818979509508334
13712,0.014731754541821296
13713,0.3162184428028386
13714,0.24677976700106496
13715,0.3529530255569322
13716,0.3757193503022106
13717,0.30242499825014146
13718,0.636078438500682
13719,0.2977258830955485
13720,0.4639954182366709
13721,0.0011980494022922894
13722,0.07907574948748664
13723,0.00010548002108967669
13724,1.4267903058584608e-05
13725,0.14285714285714302
13726,0.5000043712033877
13727,0.16686607322754832
13728,0.16620135764392963
13729,0.37502539052758666
13730,9.23994216884827e-05
13731,0.36193504476713234
13732,0.20016972354723572
13733,0.00012361701199437025
13734,0.16617670669247664
13735,0.16666665857118934
13736,0.12552538063387209
13737,4.310525939310583e-05
13738,0.0020824604377881473
13739,0.12538685251212045
13740,0.2000022757486002
13741,0.30610103085758955
13742,0.12025307792567141
13743,0.003243634637687287
13744,0.04019456614958439
13745,0.30738514236984094
13746,0.3640910216916302
13747,0.45825374698154286
13748,0.2221943039584272
13749,0.00024966280325533496
13750,0.2007560172758357
13751,0.02444225825329749
13752,0.010999333788505261
13753,0.01186954492019432
13754,0.012128551646361174
13755,0.013342579058312598
13756,0.012388700377493844
13757,0.013169146570891077
13758,0.5217911411839062
13759,0.5106700049323691
13760,0.49954886868083204
13761,0.5217911411839062
13762,0.25690589592002344
13763,0.15897562515690766
13764,0.1520548978778431
13765,0.3086161912814731
13766,0.4170131373143613
13767,0.46861192153061726
13768,7.460994957453337e-05
13769,0.49684616449486074
13770,0.11148467894049796
13771,0.09043459979721058
13772,0.00036248353598788974
13773,2.1752387709628174e-05
13774,0.05038946894348595
13775,0.3457467475769169
13776,0.6375281501542382
13777,0.344067839319122
13778,0.44894118094727997
13779,0.45504874875296053
13780,0.4996538968426293
13781,0.46641945998697376
13782,0.16579258649738005
13783,0.00017990912188758923
13784,0.11920849420849433
13785,0.20297649027746711
13786,0.3160207240612476
13787,0.4242487803966416
13788,0.48167784187419693
13789,0.2241113164362446
13790,0.22301107703635925
13791,0.3157648978130593
13792,0.04882750285461501
13793,0.011061765360738107
13794,0.20354138378693776
13795,0.20548810152371466
13796,0.004625668620615975
13797,0.1142302564086044
13798,0.0011413642096325116
13799,0.4616892754159815
13800,0.5311274170145963
13801,0.5310603063861894
13802,0.48269422371495707
13803,0.48315019551960703
13804,0.48273829628398623
13805,0.5292646431509902
13806,0.5304958970357905
13807,0.3531802108618003
13808,0.42347346954765797
13809,0.42476808629946916
13810,0.484153223543225
13811,0.5292890282949425
13812,0.427133948926685
13813,0.5299196040086478
13814,0.48130456483912765
13815,0.6033865394171751
13816,0.4262392867639154
13817,0.2307158078155198
13818,0.18392992374881212
13819,0.2745355374528069
13820,0.4987131969356069
13821,0.3609687864949952
13822,0.5705037976231977
13823,0.5705233214342553
13824,0.5298994128080943
13825,0.5311969636460553
13826,0.4834160066476705
13827,0.4826412946424613
13828,0.42566231260464793
13829,0.280745728862804
13830,0.35288232943964126
13831,0.4822613241239546
13832,0.42750105458660026
13833,0.5300249674189991
13834,0.353822404049854
13835,0.5302248427250758
13836,0.426969587643108
13837,0.3538334539606047
13838,0.17430111064300025
13839,0.4820083143174958
13840,0.48427275042781515
13841,0.4230471271578603
13842,0.6038285804718426
13843,0.4288303641649579
13844,0.5329852706457807
13845,0.4672023682899715
13846,0.46698190364941583
13847,0.3605684217547097
13848,0.6803097948376445
13849,0.6955867779943505
13850,0.46679408019215585
13851,0.3333661131961664
13852,0.41559928124212375
13853,0.3846370750467544
13854,0.3845607616863206
13855,0.6363313591782804
13856,0.5298428479929348
13857,0.5555745068552701
13858,0.5564093194442004
13859,0.07869070136477085
13860,0.7896034345271511
13861,0.8157941894147711
13862,0.7837893732058054
13863,0.7837950988179905
13864,0.7777834907282388
13865,0.7837608160214514
13866,0.5058264991046867
13867,0.38401933564817103
13868,0.5794415198752195
13869,0.47556221861830883
13870,0.763729388891224
13871,0.46675882199790997
13872,0.19948508421710776
13873,0.1998861098792334
13874,0.19998512971648563
13875,0.20004019075645307
13876,0.19993002526430614
13877,0.19975681839603288
13878,0.19935777734379234
13879,0.1999612316610151
13880,0.20007164344597117
13881,0.1994850176411479
13882,0.20019736338791128
13883,0.1105096305202311
13884,0.6991687112568952
13885,0.27279223932136487
13886,0.27269717454433273
13887,0.27289277748266105
13888,0.27265431600247847
13889,0.27280066556390015
13890,0.2727973895646586
13891,0.27342324412491226
13892,0.2734230108248392
13893,0.2726971361302153
13894,0.2727289782967237
13895,0.2740534573715663
13896,0.41586526284888714
13897,0.3335398047998632
13898,0.27249206743566756
13899,0.2716066101186194
13900,0.2726919001069277
13901,0.2740534573715663
13902,0.3573435967737286
13903,0.7768543617298285
13904,0.42484770593887367
13905,0.4228689133038719
13906,0.30344467150939824
13907,0.42460876395412794
13908,0.3080687443051453
13909,0.38350490784560487
13910,0.4605597919952539
13911,0.4287079430630242
13912,0.38412142805797744
13913,0.4162890229657037
13914,0.3846455864186037
13915,0.333366051953487
13916,0.46652520754061555
13917,0.42844218943634493
13918,0.42859949739132497
13919,0.4605319156159712
13920,0.429432662490949
13921,0.4285207072801549
13922,0.42935385173345
13923,0.4672288188260475
13924,0.4723506496051275
13925,0.4936640168005516
13926,0.334621660430903
13927,0.46102183051231516
13928,0.5820530280570217
13929,0.2732932154115506
13930,0.2987280282373985
13931,0.5003890855954414
13932,0.5878972424491897
13933,0.5299077813171008
13934,0.5006429635241574
13935,0.2091361187388332
13936,0.14780741219581506
13937,0.1854968840113087
13938,0.14674426199295365
13939,0.19456773114892933
13940,0.12111639573608901
13941,0.134905259013674
13942,0.13847745574464232
13943,0.13191252881073134
13944,0.2561944491437915
13945,0.13914868257319357
13946,0.2537788755113416
13947,0.13220401624807587
13948,0.1315524628647904
13949,0.2553926399949441
13950,0.1365284034244919
13951,0.4667941906512031
13952,0.5324207366907224
13953,0.5337869586474163
13954,0.4674982283788234
13955,0.4674982283788234
13956,0.46655273069580705
13957,0.42878670066104696
13958,0.42904581532209174
13959,0.4668312723749696
13960,0.38456869596977183
13961,0.42900672742385393
13962,0.5331684379262625
13963,0.4286291434272349
13964,0.4296200241818575
13965,0.3852183401434789
13966,0.38459281761333286
13967,0.38459276514649177
13968,0.2727005832223831
13969,0.41645539183598246
13970,0.2735316661248127
13971,0.20010988659906104
13972,0.27406184895872765
13973,0.27249033734098993
13974,0.20008994872609165
13975,0.19844636620391054
13976,0.272600226406597
13977,0.2710863175943893
13978,0.27274375181908705
13979,0.20121586966684224
13980,0.27319289156985405
13981,0.2727629917580149
13982,0.3628244165315462
13983,0.36276952928756345
13984,0.33455669487883366
13985,0.2726804496133136
13986,0.36332337735953035
13987,0.2729011883110657
13988,0.3335844752932903
13989,0.2734212261995387
13990,0.27270054062767213
13991,0.27121486564412256
13992,0.273923712466541
13993,0.2726628389636122
13994,0.3333660848028216
13995,0.27397524532596285
13996,0.1998190757690198
13997,0.273393529632626
13998,0.2723343484728834
13999,0.5293502325786349
14000,0.4286291930175138
14001,0.42954120586529854
14002,0.13726040476217183
14003,0.13798065636142054
14004,0.1406536804174391
14005,0.137386719054441
14006,0.13430086572864686
14007,0.3021541518337211
14008,0.1782104560441442
14009,0.1379042139996729
14010,0.1401737367522412
14011,0.352359886206251
14012,0.5313570336304154
14013,0.4729189292152246
14014,0.6350871633021851
14015,0.6793470909676222
14016,0.8573991706095372
14017,0.6028723891949279
14018,0.7954125743022933
14019,0.8287890004459025
14020,0.5335519482500213
14021,0.5329286252959177
14022,0.572730582543873
14023,0.26341142604923906
14024,0.6321415589953958
14025,0.3330827198849299
14026,0.25736789836235885
14027,0.43193541139563296
14028,0.26175260160815383
14029,0.13532318045065417
14030,0.35016418261265947
14031,0.07562992194746443
14032,0.37835049067438364
14033,0.35415961624809156
14034,0.3465930103005004
14035,0.2613489720468112
14036,0.2605756913996836
14037,0.23338846353921128
14038,0.42711182761924604
14039,0.2578529894443147
14040,0.2594235566696752
14041,0.25728459387448865
14042,0.25717491956389127
14043,0.13763145616105088
14044,0.13137641937001399
14045,0.4232273143691684
14046,0.3507645657009101
14047,0.1338297251590137
14048,0.13423305150554365
14049,0.13411595928462217
14050,0.13343600763070718
14051,0.13624653861775948
14052,0.14065045752680316
14053,0.13495546704564754
14054,0.13825942719314255
14055,0.26214588371735825
14056,0.13296749141487751
14057,0.48186986446074487
14058,0.4222256154042602
14059,0.14174866671914998
14060,0.3514175636298199
14061,0.4809297187167316
14062,0.259328113065566
14063,0.1359990160128144
14064,0.1261786549137719
14065,0.13506247622300915
